filename,overall_entropy,entropy_text,max_section_entropy,packer_detected,section_name_anomaly,num_imports,virtual_size_discrepancy,_pack_indicators
5223_ProcInfo.exe,7.910231,7.921775,7.921775,0,0,1,1,5
5201_ProcInfo.exe,7.910138,7.921774,7.921774,0,0,1,1,5
2067_DCProxyFinder.exe,7.129064,7.234145,7.234145,0,0,1,1,5
3047_zkecap.exe,7.804432,0.0,7.89451,1,3,4,1,5
3099_zkecap.exe,7.804432,0.0,7.89451,1,3,4,1,5
1913_ApowerMirror.exe,7.994438,7.998252,7.998252,0,0,1,1,5
4211_AnyDesk.exe,7.999769,6.553273,7.999976,0,1,0,0,4
2718_Microsoft.VisualStudio.Setup.ToastNotification.exe,7.742348,5.834518,7.946752,0,0,1,1,4
2267_MicrosoftEdgeUpdateSetup.exe,7.931494,6.640837,7.985273,0,1,143,1,4
4567_ClipUp.exe,7.284398,7.44682,7.44682,0,2,267,1,4
4307_mysql_configurator.exe,7.02357,7.018718,7.109351,0,0,1,1,4
2271_MicrosoftEdgeUpdateSetup_X86_1.3.241.15.exe,7.931494,6.640837,7.985273,0,1,143,1,4
4206_Docker Desktop Installer.exe,7.995383,6.11707,7.999988,0,1,46,1,4
4205_Install Termius.exe,7.999977,6.450282,7.283516,0,1,165,1,4
108_Docker Desktop Installer.exe,7.576466,7.603293,7.603293,0,0,0,0,4
3045_rptviewer.exe,7.879461,0.0,7.916944,1,2,11,0,4
3086_Install Termius.exe,7.999977,6.450282,7.283516,0,1,165,1,4
3057_AnyDesk.exe,7.999385,6.548056,7.999958,0,1,0,0,4
5669_mobsync.exe,7.099548,6.232028,7.344301,0,1,80,1,4
690_Uninstall MstyStudio.exe,7.751589,6.450282,7.202497,0,1,165,1,4
3098_rptViewer.exe,7.879461,0.0,7.916944,1,2,11,0,4
1914_ApowerMirrorWiFi.exe,7.421976,7.826042,7.826042,0,0,0,0,4
5825_WerFaultSecure.exe,7.10035,6.428747,7.305975,0,1,166,1,4
2722_vs_installer.exe,7.747561,6.024792,7.947444,0,0,1,1,4
2724_vs_installershell.exe,7.747651,6.024792,7.947444,0,0,1,1,4
2725_vs_layout.exe,7.275167,5.866379,7.947827,0,0,1,1,4
2752_uninstall.exe,7.324769,6.098215,7.289868,0,1,163,1,4
2756_aitstatic.exe,7.299366,6.319816,7.781302,0,1,165,1,4
2728_setup.exe,7.211403,6.616349,7.935515,0,1,94,1,4
2729_BackgroundDownload.exe,7.392436,6.037284,7.930703,0,0,1,1,4
2129_MEARWSetup.exe,7.771553,6.426765,7.883129,0,1,234,0,3
4215_filmora-idco_64bit_full1901.exe,7.999888,6.375879,6.375879,0,1,122,1,3
5248_HPDCSetup.exe,7.989765,6.478462,6.478462,0,1,163,1,3
4213_Manus Installer.exe,6.694918,6.617772,7.935582,0,0,1,1,3
4212_velociraptor.exe,6.406727,6.150181,7.795814,0,1,279,1,3
5256_HPDCPatch.exe,7.98851,6.489112,6.489112,0,1,163,1,3
550_pwcat.exe,3.727182,5.013402,5.013402,0,1,16,1,3
4204_Lens Setup 2026.4.151333-latest.exe,7.999994,6.450282,6.865165,0,1,165,1,3
4515_AutoCatHost.exe,7.5011,6.219919,7.517767,0,1,139,0,3
4222_uninstall.exe,7.433517,6.500262,7.426159,0,2,646,1,3
825_Orange-Uninstall.exe,6.213259,6.482222,7.221202,0,1,163,1,3
5240_HPDCSetup.exe,7.989764,6.478462,6.478462,0,1,163,1,3
1898_Wireshark.exe,6.897191,6.329026,7.257975,0,1,4206,1,3
598_openssl.exe,6.609672,6.326722,7.370043,0,1,1626,1,3
5232_HPDCSetup.exe,7.989765,6.478462,6.478462,0,1,163,1,3
3_iTunes Installer.exe,6.826176,6.748915,7.935506,0,0,1,1,3
4576_colorcpl.exe,6.263697,3.673168,7.273026,0,1,26,1,3
5275_HPDCSetup.exe,7.989765,6.478462,6.478462,0,1,163,1,3
804_vc_redist.x64.exe,7.996598,6.507866,6.507866,0,1,285,1,3
5265_HPDCSetup.exe,7.990032,6.478462,6.478462,0,1,163,1,3
5264_HPDCPatch.exe,7.988515,6.489112,6.489112,0,1,163,1,3
4200_OAE-Win-x86_64-release_5.2.2.exe,7.997997,6.440106,6.440106,0,1,155,1,3
4199_nmap-7.95-setup.exe,7.999961,6.41581,6.41581,0,1,165,1,3
4491_aitstatic.exe,7.201571,6.321336,7.735659,0,2,200,1,3
5257_HPDCSetup.exe,7.990033,6.478462,6.478462,0,1,163,1,3
3044_Att.exe,7.974093,0.0,7.999921,0,1,20,0,3
3087_draw.io-29.6.1-windows-installer.exe,7.999969,6.450282,6.450282,0,1,165,1,3
1812_vmmap64.exe,7.773131,6.473502,7.946803,0,3,381,1,3
1811_vmmap.exe,7.806745,6.592544,7.870505,0,2,374,1,3
4792_MRT.exe,7.53131,6.387569,7.525264,0,2,279,1,3
219_git-bash.exe,7.515437,5.981185,7.873607,0,0,85,1,3
3287_Uninstall-Anaconda3.exe,4.220339,6.485552,7.660218,0,1,166,1,3
4936_rstrui.exe,6.536023,6.221564,7.217799,0,1,272,1,3
4848_OptionalFeatures.exe,6.380421,5.341463,7.297655,0,1,84,1,3
4843_OneDriveSetup.exe,7.972235,6.285873,7.996569,0,1,611,0,3
4924_resmon.exe,6.458193,3.558663,7.469767,0,1,44,1,3
220_git-cmd.exe,7.523952,5.981185,7.88182,0,0,85,1,3
4859_perfmon.exe,6.668983,6.087174,7.506898,0,1,184,1,3
4686_Fondue.exe,6.394945,5.4184,7.290079,0,1,83,1,3
225_git-gui.exe,7.53535,5.981185,7.888352,0,0,85,1,3
3097_Att.exe,7.974093,0.0,7.999921,0,1,20,0,3
1665_vmmap.exe,7.806745,6.592544,7.870505,0,2,374,1,3
1666_vmmap64.exe,7.773131,6.473502,7.946803,0,3,381,1,3
648_Uninstall Joplin.exe,7.667253,6.450282,6.699206,0,1,165,1,3
608_iediagcmd.exe,6.460652,5.205302,7.237427,0,1,50,1,3
1940_gnupg-uninstall.exe,7.235513,5.930796,7.192482,0,1,165,1,3
5025_tcblaunch.exe,6.6874,6.653417,6.653417,0,1,0,1,3
1911_RdrServicesUpdater.exe,7.999608,6.593175,7.999792,0,1,120,0,3
230_gitk.exe,7.535426,5.981185,7.888352,0,0,85,1,3
4196_OAE-Win-x86_64-release_5.2.2.exe,7.997997,6.440106,6.440106,0,1,155,1,3
1919_WXUsbMaker.exe,7.769123,6.634171,7.792194,0,1,122,0,3
4991_sppsvc.exe,7.140702,7.205738,7.205738,0,5,301,0,3
4990_SppExtComObj.Exe,7.214655,7.544285,7.544285,0,2,172,0,3
4195_nmap-7.95-setup.exe,7.999961,6.41581,6.41581,0,1,165,1,3
5853_installer.exe,7.999993,6.450282,6.698071,0,1,165,1,3
5156_winresume.exe,6.571872,6.538992,6.538992,0,1,0,1,3
5155_winload.exe,6.582446,6.547021,6.547021,0,1,0,1,3
5149_wusa.exe,6.447924,6.033861,7.231677,0,1,235,1,3
4223_uninstall.exe,7.981642,6.406317,7.983205,0,2,698,1,3
4607_Defrag.exe,6.687646,6.007899,7.513752,0,1,176,1,3
4700_GenValObj.exe,7.126747,7.292551,7.292551,0,2,186,0,3
2927_adpcmencode3.exe,7.306354,7.316087,7.316087,0,0,71,0,3
2719_setup.exe,6.693821,6.636036,7.952544,0,0,1,1,3
1515_uninstall.exe,7.079817,6.03971,7.186321,0,1,159,1,3
2750_pexplorer.exe,7.36305,0.0,7.925301,0,3,509,1,3
2146_MEARWSetup.exe,7.771553,6.426765,7.883129,0,1,234,0,3
2753_vlc-cache-gen.exe,7.202972,6.261853,7.296192,0,3,75,1,3
549_grcat.exe,3.789487,5.193966,5.193966,0,1,17,1,3
2758_appcertui.exe,7.078301,7.137914,7.137914,0,0,0,0,3
1837_Velociraptor.exe,6.365048,6.138103,7.795946,0,1,279,1,3
2137_MEARWSetup.exe,7.771553,6.426765,7.883129,0,1,234,0,3
5117_winresume.exe,6.571872,6.538992,6.538992,0,1,0,1,3
5115_winload.exe,6.582446,6.547021,6.547021,0,1,0,1,3
426_nettle-lfib-stream.exe,3.921186,5.300248,5.300248,0,1,19,1,3
2354_OSPPSVC.EXE,7.270889,7.177047,7.908943,0,0,216,0,3
4711_hvax64.exe,6.422956,6.469343,6.469343,0,3,1,1,2
4713_hvix64.exe,6.443557,6.477697,6.477697,0,3,1,1,2
4715_icacls.exe,4.349152,5.928358,5.928358,0,1,103,1,2
4716_icsunattend.exe,4.145273,5.28591,5.28591,0,1,45,1,2
4688_fontview.exe,6.165581,5.949025,6.958909,0,1,147,1,2
4689_forfiles.exe,4.725762,5.856351,5.856351,0,1,102,1,2
4690_fsavailux.exe,3.072879,5.253163,5.253163,0,1,70,1,2
473_setmetamode.exe,4.051646,5.191773,5.191773,0,1,21,1,2
4692_fsquirt.exe,4.958141,6.002497,6.002497,0,1,226,1,2
4694_ftp.exe,4.853381,5.97774,5.97774,0,1,161,1,2
4695_fvenotify.exe,6.469918,6.15677,6.975844,0,1,146,1,2
4696_fveprompt.exe,6.474494,6.252144,6.974823,0,1,90,1,2
4669_esimtool.exe,4.606093,5.563389,5.563389,0,1,84,1,2
4671_eventcreate.exe,4.314237,5.635622,5.635622,0,1,105,1,2
4672_eventvwr.exe,5.857004,5.98041,6.897138,0,1,57,1,2
4674_extrac32.exe,4.455865,5.898604,5.898604,0,1,105,1,2
491_ssh-pageant.exe,5.050125,5.712541,5.712541,0,1,77,1,2
461_reset.exe,5.354135,6.018533,6.018533,0,1,63,1,2
4675_fc.exe,3.767036,5.240373,5.240373,0,1,112,1,2
4677_fhmanagew.exe,6.143266,5.676967,6.814626,0,1,108,1,2
4679_FileHistory.exe,5.684151,5.090296,6.097831,0,1,111,1,2
4680_find.exe,2.952401,4.898737,4.898737,0,1,79,1,2
4682_finger.exe,2.757767,4.826041,4.826041,0,1,65,1,2
4684_fltMC.exe,3.921244,5.801066,5.801066,0,1,81,1,2
4654_dxdiag.exe,5.740044,6.135973,6.135973,0,1,218,1,2
4657_Eap3Host.exe,3.134812,5.186072,5.186072,0,1,72,1,2
4665_efsui.exe,2.554034,4.224302,4.224302,0,1,52,1,2
4666_EhStorAuthn.exe,5.741961,5.915142,6.17933,0,1,123,1,2
4637_dnscacheugc.exe,3.890388,5.659048,5.659048,0,1,74,1,2
4638_doskey.exe,3.252513,4.916912,4.916912,0,1,84,1,2
4639_dpapimig.exe,4.986138,5.057373,5.949862,0,1,105,1,2
4640_DpiScaling.exe,6.07311,4.801995,7.074885,0,1,36,1,2
4641_dpnsvr.exe,2.252909,3.619221,3.654837,0,1,25,1,2
4642_driverquery.exe,5.138867,5.873803,5.873803,0,1,153,1,2
500_tabs.exe,5.000658,5.730524,5.730524,0,1,48,1,2
4646_dstokenclean.exe,2.25645,3.827801,3.827801,0,1,42,1,2
4649_dvdplay.exe,2.491896,3.887462,3.887462,0,1,43,1,2
252_git-credential-manager.exe,5.57237,5.230141,5.230141,0,0,1,1,2
253_git-lfs.exe,6.271569,6.133686,6.133686,0,1,46,1,2
4630_dllhst3g.exe,4.784161,6.097008,6.097008,0,1,87,1,2
4635_DmOmaCpMo.exe,4.384077,5.928874,5.928874,0,1,105,1,2
235_antiword.exe,6.381884,6.326577,6.326577,0,1,91,1,2
238_bunzip2.exe,6.144468,6.212037,6.212037,0,1,87,1,2
239_bzcat.exe,6.144468,6.212037,6.212037,0,1,87,1,2
240_bzip2.exe,6.144468,6.212037,6.212037,0,1,87,1,2
241_bzip2recover.exe,6.049313,6.277319,6.277319,0,1,65,1,2
242_connect.exe,6.068282,6.097732,6.097732,0,1,112,1,2
244_curl.exe,6.913098,6.089234,7.311077,0,0,221,1,2
245_edit_test.exe,5.911848,6.25926,6.25926,0,1,50,1,2
246_edit_test_dll.exe,5.917047,6.208701,6.208701,0,1,60,1,2
2408_VSIXInstaller.exe,5.914599,5.852165,5.852165,0,0,1,1,2
4431_aspnet_regsql.exe,5.755821,5.523584,5.523584,0,0,1,1,2
4433_aspnet_wp.exe,6.709541,6.370995,6.370995,0,1,114,1,2
4434_CasPol.exe,5.756479,5.492918,5.492918,0,0,1,1,2
4435_ComSvcConfig.exe,5.833055,5.692058,5.692058,0,0,1,1,2
4438_DataSvcUtil.exe,5.90346,5.528412,5.528412,0,0,1,1,2
4439_dfsvc.exe,6.640018,5.412,5.412,0,0,1,1,2
4440_EdmGen.exe,5.798902,5.518051,5.518051,0,0,1,1,2
4442_InstallUtil.exe,5.883766,4.90209,4.90209,0,0,1,1,2
4443_jsc.exe,6.172712,5.612569,5.612569,0,0,1,1,2
4444_Microsoft.Workflow.Compiler.exe,6.5463,5.881588,5.881588,0,0,1,1,2
184_testhost.net481.x86.exe,6.587689,6.371337,6.371337,0,0,1,1,2
185_testhost.x86.exe,6.590276,6.375828,6.375828,0,0,1,1,2
122_dockerd.exe,6.375685,6.157326,6.157326,0,1,50,1,2
121_Docker desktop.exe,6.213936,6.119097,6.119097,0,1,46,1,2
120_containerd.exe,6.299555,6.10891,6.10891,0,1,98,1,2
119_containerd-shim-runhcs-v1.exe,6.849224,6.112794,7.998729,0,9,46,1,2
118_com.docker.diagnose.exe,6.241255,6.079041,6.079041,0,1,46,1,2
117_com.docker.build.exe,6.87149,6.132483,7.998978,0,9,48,1,2
116_com.docker.backend.exe,6.387338,6.140822,6.273278,0,1,48,1,2
115_com.docker.admin.exe,6.222484,6.103248,6.103248,0,1,46,1,2
114_buildkitd.exe,6.831505,6.070195,7.999178,0,9,48,1,2
110_DockerCli.exe,6.216404,6.119297,6.119297,0,1,46,1,2
109_Docker Desktop.exe,6.227046,6.132352,6.132352,0,1,46,1,2
137_docker-desktop.exe,6.230666,6.095253,6.095253,0,1,46,1,2
136_docker-debug.exe,6.230117,6.088048,6.088048,0,1,46,1,2
134_docker-buildx.exe,6.382329,6.128122,6.128122,0,1,48,1,2
133_docker-ai.exe,6.227154,6.103651,6.103651,0,1,46,1,2
132_docker-agent.exe,6.36598,6.148367,6.191545,0,1,106,1,2
131_local-sandboxesd.exe,6.506557,6.098078,6.729589,0,1,48,1,2
130_kubectl.exe,6.37573,6.121274,6.613866,0,1,48,1,2
129_hub-tool.exe,6.204822,6.101995,6.101995,0,1,47,1,2
128_extension-admin.exe,6.235952,6.104351,6.104351,0,1,46,1,2
127_docker.exe,6.885825,6.154241,7.999037,0,9,48,1,2
126_docker-credential-wincred.exe,6.105086,6.230522,6.230522,0,1,46,1,2
125_docker-credential-ecr-login.exe,6.189188,6.152794,6.152794,0,1,45,1,2
124_docker-credential-desktop.exe,6.221564,6.119026,6.119026,0,1,46,1,2
147_docker-scout.exe,6.410262,6.13163,6.310933,0,1,48,1,2
146_docker-sbom.exe,6.163012,6.064174,6.064174,0,1,39,1,2
145_docker-sandbox.exe,6.223088,6.091504,6.091504,0,1,46,1,2
144_docker-pass.exe,6.219003,6.098731,6.098731,0,1,46,1,2
143_docker-offload.exe,6.348761,6.154841,6.154841,0,1,48,1,2
142_docker-model.exe,6.325579,6.093339,6.093339,0,1,46,1,2
141_docker-mcp.exe,6.305107,6.114948,6.114948,0,1,48,1,2
140_docker-init.exe,6.147914,6.078923,6.078923,0,1,45,1,2
139_docker-extension.exe,6.20573,6.093596,6.093596,0,1,47,1,2
138_docker-dhi.exe,6.224531,6.099034,6.099034,0,1,46,1,2
188_Uninstall draw.io.exe,6.784954,6.450282,6.450282,0,1,165,1,2
191_Uninstall.exe,6.259755,6.478786,6.478786,0,1,163,1,2
192_vcredist_x64.exe,7.99719,6.562809,6.776934,0,2,236,1,2
172_testhost.net47.x86.exe,6.589423,6.370841,6.370841,0,0,1,1,2
175_testhost.net471.x86.exe,6.590199,6.374112,6.374112,0,0,1,1,2
178_testhost.net472.x86.exe,6.592569,6.377307,6.377307,0,0,1,1,2
181_testhost.net48.x86.exe,6.585943,6.36867,6.36867,0,0,1,1,2
4629_dllhost.exe,5.269093,6.097187,6.097187,0,1,87,1,2
159_Microsoft.CodeAnalysis.Workspaces.MSBuild.BuildHost.exe,6.271718,6.235465,6.235465,0,0,1,1,2
162_Microsoft.CodeAnalysis.Workspaces.MSBuild.BuildHost.exe,6.271718,6.235465,6.235465,0,0,1,1,2
992_makeconv.exe,6.213434,6.351069,6.351069,0,1,123,1,2
164_DumpMinitool.exe,6.750056,6.46154,6.46154,0,0,1,1,2
165_DumpMinitool.x86.exe,6.774558,6.494876,6.494876,0,0,1,1,2
167_datacollector.exe,6.62732,6.407244,6.407244,0,0,1,1,2
4612_DeviceEject.exe,2.963427,5.218,5.218,0,1,45,1,2
4614_DevicePairingWizard.exe,5.041013,5.682398,5.682398,0,1,123,1,2
4615_DeviceProperties.exe,4.767665,5.534941,5.534941,0,1,36,1,2
4616_DFDWiz.exe,4.631003,5.802211,5.802211,0,1,112,1,2
4617_dfrgui.exe,5.763187,6.135862,6.135862,0,1,238,1,2
4618_dialer.exe,4.110588,5.629805,5.629805,0,1,140,1,2
4621_diskperf.exe,3.601962,5.115738,5.115738,0,1,78,1,2
4623_DiskSnapshot.exe,5.140741,6.154343,6.154343,0,1,120,1,2
4624_diskusage.exe,4.879058,6.158563,6.158563,0,1,111,1,2
4593_csrss.exe,3.645328,3.595914,3.595914,0,0,17,1,2
4594_ctfmon.exe,4.871174,5.987583,5.987583,0,1,80,1,2
4595_cttune.exe,5.514106,6.118183,6.118183,0,1,192,1,2
4596_cttunesvr.exe,4.465064,6.000058,6.000058,0,1,98,1,2
4605_dcomcnfg.exe,2.574016,5.34454,5.34454,0,1,38,1,2
4183_twistd.exe,6.029285,6.064655,6.064655,0,1,104,1,2
4182_twist.exe,6.029285,6.064655,6.064655,0,1,104,1,2
4181_ttx.exe,6.029285,6.064655,6.064655,0,1,104,1,2
4180_trial.exe,6.029285,6.064655,6.064655,0,1,104,1,2
4179_tqdm.exe,6.029285,6.064655,6.064655,0,1,104,1,2
4178_tldextract.exe,6.029285,6.064655,6.064655,0,1,104,1,2
4177_tkconch.exe,6.029285,6.064655,6.064655,0,1,104,1,2
4176_tifffile.exe,6.029285,6.064655,6.064655,0,1,104,1,2
4175_tiffcomment.exe,6.029285,6.064655,6.064655,0,1,104,1,2
1823_installanchorservice.exe,6.095374,5.893734,5.893734,0,1,49,1,2
1821_atrdiag.exe,6.247095,6.312906,6.312906,0,1,298,1,2
1135_fonttools.exe,6.029285,6.064655,6.064655,0,1,104,1,2
1136_pyftmerge.exe,6.029285,6.064655,6.064655,0,1,104,1,2
1112_x86_64-w64-mingw32-nmakehlp.exe,4.944412,6.011048,6.011048,0,1,81,1,2
4185_unidecode.exe,6.029285,6.064655,6.064655,0,1,104,1,2
4184_undill.exe,6.029285,6.064655,6.064655,0,1,104,1,2
4445_MSBuild.exe,6.138655,5.96869,6.270344,0,0,1,1,2
4448_ngentask.exe,5.906894,5.610468,5.610468,0,0,1,1,2
4449_RegAsm.exe,5.850148,5.383544,5.383544,0,0,1,1,2
4450_RegSvcs.exe,5.894961,5.092135,5.092135,0,0,1,1,2
4452_SMSvcHost.exe,5.97619,5.811419,5.811419,0,0,1,1,2
4454_WsatConfig.exe,5.806477,5.637147,5.637147,0,0,1,1,2
4455_AddInProcess.exe,5.957826,5.077818,5.077818,0,0,1,1,2
4456_AddInProcess32.exe,5.957264,5.081173,5.081173,0,0,1,1,2
4457_AddInUtil.exe,5.917017,5.02145,5.02145,0,0,1,1,2
4577_comp.exe,3.806452,5.343544,5.343544,0,1,116,1,2
4578_compact.exe,4.484542,5.914112,5.914112,0,1,113,1,2
4188_watchmedo.exe,6.029285,6.064655,6.064655,0,1,104,1,2
4187_volint.exe,6.029285,6.064655,6.064655,0,1,104,1,2
1137_pyftsubset.exe,6.029285,6.064655,6.064655,0,1,104,1,2
1138_ttx.exe,6.029285,6.064655,6.064655,0,1,104,1,2
4582_ComputerDefaults.exe,4.887591,5.847425,5.852266,0,1,57,1,2
4585_control.exe,6.074917,5.031416,6.92403,0,1,50,1,2
4586_convert.exe,3.46395,5.164462,5.164462,0,1,90,1,2
4587_convertvhd.exe,5.840511,6.174034,6.174034,0,1,152,1,2
4591_credwiz.exe,4.059351,5.890828,5.890828,0,1,128,1,2
4563_cliconfg.exe,3.452125,5.538349,5.538349,0,1,49,1,2
4564_clip.exe,3.976872,5.532363,5.532363,0,1,85,1,2
4572_cmdl32.exe,4.864566,5.879275,5.879275,0,1,150,1,2
4573_cmmon32.exe,4.147483,5.702158,5.702158,0,1,131,1,2
4574_cmstp.exe,5.32044,6.028232,6.028232,0,1,129,1,2
4575_cofire.exe,3.777055,5.844401,5.844401,0,1,76,1,2
4549_change.exe,3.037816,5.771519,5.771519,0,1,65,1,2
1163_edgepaint.exe,7.223789,6.321281,7.203119,0,0,97,0,2
4202_esbuild.exe,6.209607,6.123055,6.123055,0,1,48,1,2
4201_esbuild.exe,6.145388,6.07941,6.07941,0,1,42,1,2
4198_esbuild.exe,6.230243,6.114936,6.114936,0,1,48,1,2
4197_esbuild.exe,6.209762,6.12137,6.12137,0,1,48,1,2
4194_yapf.exe,6.029285,6.064655,6.064655,0,1,104,1,2
4193_yapf-diff.exe,6.029285,6.064655,6.064655,0,1,104,1,2
4192_xlwings.exe,6.029285,6.064655,6.064655,0,1,104,1,2
4191_wsdump.exe,6.029285,6.064655,6.064655,0,1,104,1,2
4190_wheel.exe,6.029285,6.064655,6.064655,0,1,104,1,2
4189_wcslint.exe,6.029285,6.064655,6.064655,0,1,104,1,2
4217_DecodeProcess.exe,5.939559,5.658039,5.658039,0,1,413,1,2
4216_7za.exe,6.638123,6.703572,6.703572,0,1,133,1,2
4214_esbuild.exe,6.210872,6.122428,6.122428,0,1,48,1,2
4209_esbuild.exe,6.209607,6.123055,6.123055,0,1,48,1,2
4208_esbuild.exe,6.145388,6.07941,6.07941,0,1,42,1,2
1157_cluster.exe,7.237918,6.324931,7.207642,0,0,78,0,2
4220_ThirdDecodeProcess.exe,5.910661,5.634592,5.634592,0,1,353,1,2
4218_PlayControlClient.exe,5.944993,5.5448,6.047649,0,1,956,1,2
4551_charmap.exe,6.396801,6.180646,6.938815,0,1,293,1,2
4553_chglogon.exe,3.4115,5.149214,5.149214,0,1,77,1,2
4554_chgport.exe,3.666612,5.630936,5.630936,0,1,83,1,2
4555_chgusr.exe,3.556485,5.970963,5.970963,0,1,77,1,2
4556_chkdsk.exe,3.555295,5.14203,5.14203,0,1,107,1,2
4557_chkntfs.exe,3.62482,5.214443,5.214443,0,1,111,1,2
4558_choice.exe,4.293833,6.041793,6.041793,0,1,85,1,2
4531_BitLockerWizard.exe,6.090084,5.884885,6.969798,0,1,44,1,2
4532_BitLockerWizardElev.exe,6.096927,5.884885,6.977489,0,1,44,1,2
4534_bootim.exe,3.972999,5.434725,5.434725,0,1,76,1,2
4535_bootsect.exe,5.096963,5.791036,5.791036,0,1,110,1,2
4541_cacls.exe,4.061259,5.668769,5.668769,0,1,96,1,2
4542_calc.exe,3.106815,4.998213,4.998213,0,1,34,1,2
2702_xdcmake.exe,6.283239,4.869478,5.855681,0,0,1,1,2
2703_vsn.exe,6.79667,5.835204,5.835204,0,0,1,1,2
2704_NuGet.Build.Tasks.Console.exe,6.305844,6.05942,6.05942,0,0,1,1,2
2705_MSBuild.exe,6.369494,6.045054,6.369088,0,0,1,1,2
2706_MSBuildTaskHost.exe,6.444277,6.096503,6.339682,0,0,1,1,2
4464_aspnet_wp.exe,6.392896,6.231024,6.231024,0,1,117,1,2
4466_ComSvcConfig.exe,5.833055,5.692058,5.692058,0,0,1,1,2
4469_DataSvcUtil.exe,5.90346,5.528412,5.528412,0,0,1,1,2
4470_dfsvc.exe,6.640018,5.412,5.412,0,0,1,1,2
4471_EdmGen.exe,5.798902,5.518051,5.518051,0,0,1,1,2
4474_jsc.exe,6.172712,5.612569,5.612569,0,0,1,1,2
4475_Microsoft.Workflow.Compiler.exe,6.5463,5.881588,5.881588,0,0,1,1,2
2682_xdcmake.exe,6.283239,4.869478,5.855681,0,0,1,1,2
4483_SMSvcHost.exe,5.97619,5.811419,5.811419,0,0,1,1,2
4485_WsatConfig.exe,5.806477,5.637147,5.637147,0,0,1,1,2
4487_sapisvr.exe,2.467574,4.089629,4.089629,0,1,60,1,2
1229_gencnval.exe,6.239287,6.479893,6.479893,0,1,93,1,2
1830_crashdumper.exe,6.055546,6.234454,6.234454,0,1,121,1,2
1829_uninstallanchorservice.exe,6.205517,5.965937,5.965937,0,1,51,1,2
1828_tabquerytool.exe,5.847341,5.513612,5.513612,0,1,43,1,2
1827_tabprotosrv.exe,6.018735,6.183424,6.183424,0,1,613,1,2
1826_tableau.exe,5.962232,6.056154,6.056154,0,1,678,1,2
1825_tabcrashreporter.exe,6.148121,6.219624,6.219624,0,1,676,1,2
4488_agentactivationruntimestarter.exe,2.488174,4.220612,4.220612,0,1,48,1,2
2664_xdcmake.exe,6.286943,4.865282,5.860325,0,0,1,1,2
2646_xdcmake.exe,6.286943,4.865282,5.860325,0,0,1,1,2
4497_AppInstallerBackgroundUpdate.exe,5.299661,5.814037,5.814037,0,1,91,1,2
4501_ApproveChildRequest.exe,6.367671,5.973814,7.29136,0,1,158,0,2
1832_hyperdstarter.exe,6.030659,6.203781,6.203781,0,1,100,1,2
1233_gensprep.exe,6.211369,6.463117,6.463117,0,1,103,1,2
1237_makeconv.exe,6.213434,6.351069,6.351069,0,1,123,1,2
4507_ARP.EXE,3.591432,5.533311,5.533311,0,1,71,1,2
2612_csi.exe,6.81565,5.844795,5.844795,0,0,1,1,2
2613_vbc.exe,6.293287,5.991503,5.991503,0,0,1,1,2
2614_VBCSCompiler.exe,6.199229,6.078136,6.078136,0,0,1,1,2
2615_FxCopCmd.exe,5.998298,5.75108,5.75108,0,0,1,1,2
2616_vcredist_x64.exe,7.99711,6.57514,6.748279,0,1,237,0,2
2617_vcredist_x86.exe,7.995073,6.57514,6.748279,0,1,237,0,2
2618_vc_redist.x64.exe,7.99711,6.57514,6.748279,0,1,237,0,2
2619_vc_redist.x86.exe,7.995073,6.57514,6.748279,0,1,237,0,2
2620_vcredist_x64.exe,7.99711,6.57514,6.748279,0,1,237,0,2
2621_vcredist_x86.exe,7.995073,6.57514,6.748279,0,1,237,0,2
2622_vc_redist.x64.exe,7.99711,6.57514,6.748279,0,1,237,0,2
2623_vc_redist.x86.exe,7.995073,6.57514,6.748279,0,1,237,0,2
4007_alembic.exe,6.029285,6.064655,6.064655,0,1,104,1,2
4008_anaconda-navigator.exe,6.029285,6.064655,6.064655,0,1,104,1,2
4009_anaconda-project.exe,6.029285,6.064655,6.064655,0,1,104,1,2
4010_anaconda.exe,6.029285,6.064655,6.064655,0,1,104,1,2
4012_automat-visualize.exe,6.029285,6.064655,6.064655,0,1,104,1,2
4014_binstar.exe,6.029285,6.064655,6.064655,0,1,104,1,2
4015_black.exe,6.029285,6.064655,6.064655,0,1,104,1,2
4016_blackd.exe,6.029285,6.064655,6.064655,0,1,104,1,2
1843_MpDefenderCoreService.exe,6.45037,6.444869,6.444869,0,1,325,1,2
1841_MpCmdRun.exe,6.327,6.465085,6.465085,0,1,353,1,2
1835_tabprotosrv.exe,6.492732,6.408795,6.481312,0,1,555,1,2
4017_bokeh.exe,6.029285,6.064655,6.064655,0,1,104,1,2
4018_cftp.exe,6.029285,6.064655,6.064655,0,1,104,1,2
4019_chardetect.exe,6.029285,6.064655,6.064655,0,1,104,1,2
4020_ckeygen.exe,6.029285,6.064655,6.064655,0,1,104,1,2
2611_csc.exe,6.288813,5.987365,5.987365,0,0,1,1,2
3990_tkconch.exe,6.029285,6.064655,6.064655,0,1,104,1,2
3991_trial.exe,6.029285,6.064655,6.064655,0,1,104,1,2
3992_twist.exe,6.029285,6.064655,6.064655,0,1,104,1,2
3993_twistd.exe,6.029285,6.064655,6.064655,0,1,104,1,2
3994_unidecode.exe,6.029285,6.064655,6.064655,0,1,104,1,2
3995_watchmedo.exe,6.029285,6.064655,6.064655,0,1,104,1,2
3996_wsdump.exe,6.029285,6.064655,6.064655,0,1,104,1,2
3997_wheel.exe,6.029285,6.064655,6.064655,0,1,104,1,2
3999_xlwings.exe,6.029285,6.064655,6.064655,0,1,104,1,2
1858_SenseImdsCollector.exe,6.329808,6.366177,6.366177,0,1,154,1,2
1856_SenseGPParser.exe,6.19274,6.40788,6.40788,0,1,137,1,2
1855_SenseDlpService.exe,6.310482,6.405624,6.405624,0,1,136,1,2
4004_yapf-diff.exe,6.029285,6.064655,6.064655,0,1,104,1,2
4005_yapf.exe,6.029285,6.064655,6.064655,0,1,104,1,2
3974_tiffcomment.exe,6.029285,6.064655,6.064655,0,1,104,1,2
3975_tifffile.exe,6.029285,6.064655,6.064655,0,1,104,1,2
3982_x86_64-w64-mingw32-nmakehlp.exe,4.944412,6.011048,6.011048,0,1,81,1,2
3983_tldextract.exe,6.029285,6.064655,6.064655,0,1,104,1,2
3984_tqdm.exe,6.029285,6.064655,6.064655,0,1,104,1,2
3985_cftp.exe,6.029285,6.064655,6.064655,0,1,104,1,2
1876_ImagingDevices.exe,6.208454,5.324995,7.055263,0,1,63,1,2
1870_wmpconfig.exe,5.610493,3.532435,6.36268,0,1,45,1,2
1867_wabmig.exe,5.196519,5.761027,5.959268,0,1,101,1,2
1865_SenseCE.exe,6.683148,6.402074,6.402074,0,1,334,1,2
3986_ckeygen.exe,6.029285,6.064655,6.064655,0,1,104,1,2
3987_conch.exe,6.029285,6.064655,6.064655,0,1,104,1,2
3988_mailmail.exe,6.029285,6.064655,6.064655,0,1,104,1,2
3989_pyhtmlizer.exe,6.029285,6.064655,6.064655,0,1,104,1,2
3958_sip-distinfo.exe,6.029285,6.064655,6.064655,0,1,104,1,2
3959_sip-install.exe,6.029285,6.064655,6.064655,0,1,104,1,2
3960_sip-module.exe,6.029285,6.064655,6.064655,0,1,104,1,2
3961_sip-sdist.exe,6.029285,6.064655,6.064655,0,1,104,1,2
3962_sip-wheel.exe,6.029285,6.064655,6.064655,0,1,104,1,2
3963_sphinx-apidoc.exe,6.029285,6.064655,6.064655,0,1,104,1,2
3964_sphinx-autogen.exe,6.029285,6.064655,6.064655,0,1,104,1,2
3965_sphinx-build.exe,6.029285,6.064655,6.064655,0,1,104,1,2
3966_sphinx-quickstart.exe,6.029285,6.064655,6.064655,0,1,104,1,2
3967_spyder.exe,6.029285,6.064655,6.064655,0,1,104,1,2
3969_streamlit.exe,6.029285,6.064655,6.064655,0,1,104,1,2
1884_wireguard.exe,6.159525,6.11895,6.11895,0,1,39,1,2
1880_Uninstall.exe,6.707635,6.450441,7.315814,0,1,172,0,2
3970_isympy.exe,6.029285,6.064655,6.064655,0,1,104,1,2
3971_tabulate.exe,6.029285,6.064655,6.064655,0,1,104,1,2
3972_lsm2bin.exe,6.029285,6.064655,6.064655,0,1,104,1,2
3973_tiff2fsspec.exe,6.029285,6.064655,6.064655,0,1,104,1,2
4509_at.exe,4.1675,6.143222,6.143222,0,1,83,1,2
4511_attrib.exe,3.568771,5.364251,5.364251,0,1,99,1,2
4517_autofstx.exe,5.076594,6.00226,6.00226,0,1,101,1,2
4518_AxInstUI.exe,3.843562,5.658557,5.658557,0,1,50,1,2
4520_BackgroundTransferHost.exe,3.521947,5.744794,5.744794,0,1,49,1,2
4521_bash.exe,4.758318,5.841322,5.841322,0,1,124,1,2
1897_uninstall-wireshark.exe,5.610967,6.43787,6.43787,0,1,163,1,2
4522_bcdboot.exe,5.564738,6.20414,6.20414,0,1,247,1,2
3957_sip-build.exe,6.029285,6.064655,6.064655,0,1,104,1,2
4525_BdeHdCfg.exe,6.418028,5.824731,7.199426,0,1,119,1,2
4528_bfscfg.exe,4.655325,5.840463,5.840463,0,1,97,1,2
3932_qta-browser.exe,6.029285,6.064655,6.064655,0,1,104,1,2
3933_qta-install-fonts-all-users.exe,6.029285,6.064655,6.064655,0,1,104,1,2
3934_jupyter-qtconsole.exe,6.029285,6.064655,6.064655,0,1,104,1,2
3935_qtpy.exe,6.029285,6.064655,6.064655,0,1,104,1,2
3936_skivi.exe,6.029285,6.064655,6.064655,0,1,104,1,2
3937_scrapy.exe,6.029285,6.064655,6.064655,0,1,104,1,2
4345_bfsvc.exe,5.136324,5.972741,5.972741,0,1,162,1,2
4348_hh.exe,2.811566,3.953267,3.953267,0,1,43,1,2
2132_MEARWService.exe,6.527574,6.402903,7.920063,0,1,379,0,2
2128_uesFileShadow.exe,5.68237,5.522477,5.522477,0,0,1,1,2
2127_uesDeviceTempAccess.exe,6.337163,6.278206,6.278206,0,0,1,1,2
2126_uesDeviceNotificationAlert.exe,6.135251,6.016015,6.016015,0,0,1,1,2
2125_uesAgentTrayIcon.exe,5.787359,5.549157,5.549157,0,0,1,1,2
2124_uesFileShadow.exe,5.681075,5.520762,5.520762,0,0,1,1,2
2123_uesDeviceTempAccess.exe,6.333256,6.274308,6.274308,0,0,1,1,2
2122_uesDeviceNotificationAlert.exe,6.135197,6.015471,6.015471,0,0,1,1,2
2121_uesAgentTrayIcon.exe,5.785903,5.547242,5.547242,0,0,1,1,2
2101_selfserviceportal.exe,6.354627,6.30407,6.30407,0,0,1,1,2
2106_WakeOnLan.exe,6.897995,5.300559,5.300559,0,0,1,1,2
2107_BitlockerMgmt.exe,5.187584,5.076355,5.076355,0,0,1,1,2
2108_BitlockerMgmt.exe,5.180518,5.06895,5.06895,0,0,1,1,2
2088_file_system_watcher.exe,6.137925,5.731957,5.731957,0,0,1,1,2
2089_folder_backup.exe,6.312297,5.483885,5.483885,0,0,1,1,2
2094_metroapps.exe,6.201538,6.394818,6.394818,0,1,232,1,2
2097_rdsrunasuser.exe,6.857423,5.201727,5.201727,0,0,1,1,2
4357_VMCreate.exe,6.388192,6.385685,6.385685,0,0,1,1,2
4358_VMImport.exe,6.395963,6.384773,6.384773,0,0,1,1,2
2140_MEARWService.exe,6.527574,6.402903,7.920063,0,1,379,0,2
2068_dcrdsagentwindow.exe,6.809299,6.619257,6.619257,0,0,1,1,2
2074_dctoolshardware.exe,5.887618,5.371507,5.371507,0,0,1,1,2
2040_7z.exe,6.526706,6.608937,6.608937,0,1,133,1,2
2041_7za.exe,6.647799,6.707821,6.707821,0,1,141,1,2
2043_agent_troubleshooting_tool.exe,6.918527,6.912618,6.912618,0,0,1,1,2
4415_MSBuild.exe,6.138655,5.96869,6.270344,0,0,1,1,2
4418_ComSvcConfig.exe,5.833055,5.692058,5.692058,0,0,1,1,2
4419_dfsvc.exe,6.640018,5.412,5.412,0,0,1,1,2
4420_InspectVhdDialog.exe,5.56032,5.545964,5.545964,0,0,1,1,2
4421_Microsoft.Workflow.Compiler.exe,6.5463,5.881588,5.881588,0,0,1,1,2
4422_SMSvcHost.exe,5.97619,5.811419,5.811419,0,0,1,1,2
4423_WsatConfig.exe,5.806477,5.637147,5.637147,0,0,1,1,2
4424_AddInProcess.exe,5.957826,5.077818,5.077818,0,0,1,1,2
4425_AddInProcess32.exe,5.957264,5.081173,5.081173,0,0,1,1,2
4426_AddInUtil.exe,5.917017,5.02145,5.02145,0,0,1,1,2
4428_aspnet_compiler.exe,5.882561,5.3075,5.3075,0,0,1,1,2
4429_aspnet_regbrowsers.exe,5.876884,5.051644,5.051644,0,0,1,1,2
4021_conch.exe,6.029285,6.064655,6.064655,0,1,104,1,2
4022_conda-build.exe,6.029285,6.064655,6.064655,0,1,104,1,2
4023_conda-content-trust.exe,6.029285,6.064655,6.064655,0,1,104,1,2
4024_conda-convert.exe,6.029285,6.064655,6.064655,0,1,104,1,2
4025_conda-debug.exe,6.029285,6.064655,6.064655,0,1,104,1,2
4026_conda-develop.exe,6.029285,6.064655,6.064655,0,1,104,1,2
4027_conda-env.exe,6.029319,6.064655,6.064655,0,1,104,1,2
50_Acrobat Elements.exe,2.911994,6.132447,6.132447,0,1,633,1,2
34_SingleClientServicesUpdater.exe,7.996638,6.446596,7.999939,0,3,130,0,2
33_AcroServicesUpdater.exe,7.996712,6.446329,7.999939,0,3,130,0,2
4028_conda-inspect.exe,6.029285,6.064655,6.064655,0,1,104,1,2
4029_conda-metapackage.exe,6.029285,6.064655,6.064655,0,1,104,1,2
4030_conda-pack.exe,6.029285,6.064655,6.064655,0,1,104,1,2
4031_conda-render.exe,6.029285,6.064655,6.064655,0,1,104,1,2
4032_conda-repo.exe,6.029285,6.064655,6.064655,0,1,104,1,2
4033_conda-server.exe,6.029285,6.064655,6.064655,0,1,104,1,2
4034_conda-skeleton.exe,6.029285,6.064655,6.064655,0,1,104,1,2
4036_conda.exe,6.029319,6.064655,6.064655,0,1,104,1,2
4038_cph.exe,6.029285,6.064655,6.064655,0,1,104,1,2
4039_cpuinfo.exe,6.029285,6.064655,6.064655,0,1,104,1,2
4040_dask-scheduler.exe,6.029285,6.064655,6.064655,0,1,104,1,2
4041_dask-spec.exe,6.029285,6.064655,6.064655,0,1,104,1,2
4042_dask-ssh.exe,6.029285,6.064655,6.064655,0,1,104,1,2
4043_dask-worker.exe,6.029285,6.064655,6.064655,0,1,104,1,2
4045_datashader.exe,6.029285,6.064655,6.064655,0,1,104,1,2
70_pythonw.exe,6.323029,6.479083,6.479083,0,1,88,1,2
69_python.exe,6.302606,6.493484,6.493484,0,1,86,1,2
4046_debugpy.exe,6.029285,6.064655,6.064655,0,1,104,1,2
4047_distro.exe,6.029285,6.064655,6.064655,0,1,104,1,2
4048_dmypy.exe,6.029285,6.064655,6.064655,0,1,104,1,2
4050_dotenv.exe,6.029285,6.064655,6.064655,0,1,104,1,2
4051_f2py.exe,6.029285,6.064655,6.064655,0,1,104,1,2
4052_fits2bitmap.exe,6.029285,6.064655,6.064655,0,1,104,1,2
4053_fitscheck.exe,6.029285,6.064655,6.064655,0,1,104,1,2
4054_fitsdiff.exe,6.029285,6.064655,6.064655,0,1,104,1,2
4055_fitsheader.exe,6.029285,6.064655,6.064655,0,1,104,1,2
4056_fitsinfo.exe,6.029285,6.064655,6.064655,0,1,104,1,2
4057_flake8.exe,6.029285,6.064655,6.064655,0,1,104,1,2
4058_flask.exe,6.029285,6.064655,6.064655,0,1,104,1,2
4059_fonttools.exe,6.029285,6.064655,6.064655,0,1,104,1,2
4060_get_gprof.exe,6.029285,6.064655,6.064655,0,1,104,1,2
4061_get_objgraph.exe,6.029285,6.064655,6.064655,0,1,104,1,2
2268_MicrosoftEdge_X64_149.0.4022.80.exe,7.999997,6.107025,7.999998,0,0,67,0,2
2266_MicrosoftEdgeUpdateOnDemand.exe,6.365682,6.557347,6.557347,0,1,68,1,2
814_VBoxHeadless.exe,5.888689,6.474907,6.474907,0,3,0,1,2
816_VBoxNetDHCP.exe,5.888726,6.474907,6.474907,0,3,0,1,2
817_VBoxNetNAT.exe,5.888717,6.474907,6.474907,0,3,0,1,2
822_VirtualBoxVM.exe,5.887282,6.472844,6.472844,0,3,0,1,2
2265_MicrosoftEdgeUpdateCore.exe,6.29805,6.655968,6.655968,0,1,180,1,2
2263_MicrosoftEdgeUpdateBroker.exe,6.363855,6.557313,6.557313,0,1,68,1,2
2262_MicrosoftEdgeUpdate.exe,5.543731,6.29921,6.29921,0,1,78,1,2
2259_MicrosoftEdgeUpdate.exe,5.561648,6.297756,6.297756,0,1,78,1,2
2308_vc_redist.x86.exe,7.995053,6.57514,6.748279,0,1,237,0,2
2307_vc_redist.x64.exe,7.996878,6.57514,6.748279,0,1,237,0,2
2270_MicrosoftEdge_X64_149.0.4022.80_149.0.4022.69.exe,7.999634,6.107025,7.999837,0,0,67,0,2
2269_MicrosoftEdge_X64_149.0.4022.80_149.0.4022.66.exe,7.999656,6.107025,7.999852,0,0,67,0,2
4062_holoviews.exe,6.029285,6.064655,6.064655,0,1,104,1,2
4063_httpx.exe,6.029285,6.064655,6.064655,0,1,104,1,2
4064_idle.exe,6.029285,6.064655,6.064655,0,1,104,1,2
4065_imageio_download_bin.exe,6.029285,6.064655,6.064655,0,1,104,1,2
4066_imageio_remove_bin.exe,6.029285,6.064655,6.064655,0,1,104,1,2
4067_ipython.exe,6.029285,6.064655,6.064655,0,1,104,1,2
4068_ipython3.exe,6.029285,6.064655,6.064655,0,1,104,1,2
4070_isort.exe,6.029285,6.064655,6.064655,0,1,104,1,2
4071_isympy.exe,6.029285,6.064655,6.064655,0,1,104,1,2
4072_jlpm.exe,6.029285,6.064655,6.064655,0,1,104,1,2
4073_jsondiff.exe,6.029285,6.064655,6.064655,0,1,104,1,2
4074_jsonpatch.exe,6.029285,6.064655,6.064655,0,1,104,1,2
4075_jsonschema.exe,6.029285,6.064655,6.064655,0,1,104,1,2
4076_jupyter-console.exe,6.029285,6.064655,6.064655,0,1,104,1,2
4077_jupyter-dejavu.exe,6.029285,6.064655,6.064655,0,1,104,1,2
845_python.exe,6.371176,6.503438,6.503438,0,1,94,1,2
846_pythonw.exe,6.36429,6.49422,6.49422,0,1,96,1,2
3436_pkgdata.exe,6.045128,6.368437,6.368437,0,1,98,1,2
4078_jupyter-events.exe,6.029285,6.064655,6.064655,0,1,104,1,2
4079_jupyter-execute.exe,6.029285,6.064655,6.064655,0,1,104,1,2
4080_jupyter-kernel.exe,6.029285,6.064655,6.064655,0,1,104,1,2
4081_jupyter-kernelspec.exe,6.029285,6.064655,6.064655,0,1,104,1,2
4082_jupyter-lab.exe,6.029285,6.064655,6.064655,0,1,104,1,2
4083_jupyter-labextension.exe,6.029285,6.064655,6.064655,0,1,104,1,2
4084_jupyter-labhub.exe,6.029285,6.064655,6.064655,0,1,104,1,2
4085_jupyter-migrate.exe,6.029285,6.064655,6.064655,0,1,104,1,2
4086_jupyter-nbconvert.exe,6.029285,6.064655,6.064655,0,1,104,1,2
4087_jupyter-notebook.exe,6.029285,6.064655,6.064655,0,1,104,1,2
4088_jupyter-qtconsole.exe,6.029285,6.064655,6.064655,0,1,104,1,2
5197_ETD_SMARTCmd.exe,6.706099,6.575676,6.704475,0,1,136,1,2
5196_BatteryTest.exe,5.916119,5.52156,5.52156,0,0,1,1,2
5195_TouchpointGpuInfo.exe,3.083439,3.034363,3.034363,0,0,1,1,2
5194_TouchpointAnalyticsClientService.exe,4.800106,5.684561,5.684561,0,0,1,1,2
5193_TouchpointAnalyticsClient.exe,3.954024,5.563564,5.563564,0,0,1,1,2
4089_jupyter-run.exe,6.029285,6.064655,6.064655,0,1,104,1,2
4090_jupyter-server.exe,6.029285,6.064655,6.064655,0,1,104,1,2
4091_jupyter-troubleshoot.exe,6.029285,6.064655,6.064655,0,1,104,1,2
4092_jupyter-trust.exe,6.029285,6.064655,6.064655,0,1,104,1,2
4093_jupyter.exe,6.029285,6.064655,6.064655,0,1,104,1,2
3818_jupyter-execute.exe,6.029285,6.064655,6.064655,0,1,104,1,2
3809_mako-render.exe,6.029285,6.064655,6.064655,0,1,104,1,2
3810_markdown_py.exe,6.029285,6.064655,6.064655,0,1,104,1,2
3811_markdown-it.exe,6.029285,6.064655,6.064655,0,1,104,1,2
3812_dmypy.exe,6.029285,6.064655,6.064655,0,1,104,1,2
3813_mypy.exe,6.029285,6.064655,6.064655,0,1,104,1,2
5214_ETD_GetSMART.exe,6.711303,6.575881,6.706494,0,1,136,1,2
5212_ProcInfo.exe,6.329371,5.776829,5.776829,0,0,1,1,2
5208_ETD_SMARTCmd.exe,6.706257,6.575676,6.704475,0,1,136,1,2
5207_BatteryTest.exe,5.916402,5.521327,5.521327,0,0,1,1,2
5206_TouchpointGpuInfo.exe,3.08215,3.034348,3.034348,0,0,1,1,2
5205_TouchpointAnalyticsClientService.exe,4.78509,5.691032,5.691032,0,0,1,1,2
5204_TouchpointAnalyticsClient.exe,3.956412,5.578759,5.578759,0,0,1,1,2
5203_ETD_GetSMART.exe,6.711218,6.575881,6.706494,0,1,136,1,2
861_cluster.exe,7.237918,6.324931,7.207642,0,0,78,0,2
3814_mypyc.exe,6.029285,6.064655,6.064655,0,1,104,1,2
3815_stubgen.exe,6.029285,6.064655,6.064655,0,1,104,1,2
3816_stubtest.exe,6.029285,6.064655,6.064655,0,1,104,1,2
3817_navigator-updater.exe,6.029285,6.064655,6.064655,0,1,104,1,2
4094_keyring.exe,6.029285,6.064655,6.064655,0,1,104,1,2
4095_lsm2bin.exe,6.029285,6.064655,6.064655,0,1,104,1,2
4096_mailmail.exe,6.029285,6.064655,6.064655,0,1,104,1,2
4097_mako-render.exe,6.029285,6.064655,6.064655,0,1,104,1,2
4098_markdown-it.exe,6.029285,6.064655,6.064655,0,1,104,1,2
4099_markdown_py.exe,6.029285,6.064655,6.064655,0,1,104,1,2
4100_matplotlib.exe,6.029285,6.064655,6.064655,0,1,104,1,2
4101_mypy.exe,6.029285,6.064655,6.064655,0,1,104,1,2
4102_mypyc.exe,6.029285,6.064655,6.064655,0,1,104,1,2
4103_navigator-updater.exe,6.029285,6.064655,6.064655,0,1,104,1,2
4104_nltk.exe,6.029285,6.064655,6.064655,0,1,104,1,2
4106_numba.exe,6.029285,6.064655,6.064655,0,1,104,1,2
898_gencnval.exe,6.239287,6.479893,6.479893,0,1,93,1,2
902_gensprep.exe,6.211369,6.463117,6.463117,0,1,103,1,2
878_edgepaint.exe,7.223789,6.321281,7.203119,0,0,97,0,2
5225_ETD_GetSMART.exe,6.71105,6.575881,6.706494,0,1,136,1,2
5219_ETD_SMARTCmd.exe,6.706192,6.575676,6.704475,0,1,136,1,2
5218_BatteryTest.exe,5.92445,5.537523,5.537523,0,0,1,1,2
5217_TouchpointGpuInfo.exe,3.084304,3.034381,3.034381,0,0,1,1,2
5216_TouchpointAnalyticsClientService.exe,4.800231,5.684776,5.684776,0,0,1,1,2
5215_TouchpointAnalyticsClient.exe,3.954812,5.56479,5.56479,0,0,1,1,2
4107_numpy-config.exe,6.029285,6.064655,6.064655,0,1,104,1,2
4108_pandoc.exe,5.907925,5.920582,6.585134,0,1,438,1,2
4109_panel.exe,6.029285,6.064655,6.064655,0,1,104,1,2
4112_pkginfo.exe,6.029285,6.064655,6.064655,0,1,104,1,2
3792_ldh.exe,2.754026,2.326664,4.015414,0,6,3,1,2
4113_pt2to3.exe,6.029285,6.064655,6.064655,0,1,104,1,2
4114_ptdump.exe,6.029285,6.064655,6.064655,0,1,104,1,2
4115_ptrepack.exe,6.029285,6.064655,6.064655,0,1,104,1,2
4116_pttree.exe,6.029285,6.064655,6.064655,0,1,104,1,2
4117_py.test.exe,6.029285,6.064655,6.064655,0,1,104,1,2
4118_pybabel.exe,6.029285,6.064655,6.064655,0,1,104,1,2
4119_pycodestyle.exe,6.029285,6.064655,6.064655,0,1,104,1,2
4120_pyct.exe,6.029285,6.064655,6.064655,0,1,104,1,2
4121_pydoc.exe,6.029285,6.064655,6.064655,0,1,104,1,2
4122_pydocstyle.exe,6.029285,6.064655,6.064655,0,1,104,1,2
4123_pyflakes.exe,6.029285,6.064655,6.064655,0,1,104,1,2
4124_pyftmerge.exe,6.029285,6.064655,6.064655,0,1,104,1,2
4125_pyftsubset.exe,6.029285,6.064655,6.064655,0,1,104,1,2
3819_jupyter-dejavu.exe,6.029285,6.064655,6.064655,0,1,104,1,2
3820_jupyter-nbconvert.exe,6.029285,6.064655,6.064655,0,1,104,1,2
3821_jupyter-trust.exe,6.029285,6.064655,6.064655,0,1,104,1,2
3822_nltk.exe,6.029285,6.064655,6.064655,0,1,104,1,2
5241_HPOneAgent.exe,7.99796,6.398806,6.398806,0,3,253,1,2
5233_HPOneAgent.exe,7.99797,6.398806,6.398806,0,3,253,1,2
5227_hpPE.exe,6.168471,6.142346,6.142346,0,0,1,1,2
5226_hpb6sy6586_x64PdsmqConnector.exe,6.263725,6.427954,6.427954,0,1,185,1,2
746_vcredist_x86.exe,7.995532,6.562809,6.776934,0,2,236,1,2
750_pgAdmin4.exe,7.386752,5.868777,7.48642,0,0,732,0,2
5249_HPOneAgent.exe,7.998237,6.398806,6.398806,0,3,253,1,2
3823_jupyter-notebook.exe,6.029285,6.064655,6.064655,0,1,104,1,2
3824_numba.exe,6.029285,6.064655,6.064655,0,1,104,1,2
3825_f2py.exe,6.029285,6.064655,6.064655,0,1,104,1,2
3826_numpy-config.exe,6.029285,6.064655,6.064655,0,1,104,1,2
3832_matplotlib.exe,6.029285,6.064655,6.064655,0,1,104,1,2
3833_pandoc.exe,5.907925,5.920582,6.585134,0,1,438,1,2
3834_panel.exe,6.029285,6.064655,6.064655,0,1,104,1,2
3845_pkginfo.exe,6.029285,6.064655,6.064655,0,1,104,1,2
3846_cpuinfo.exe,6.029285,6.064655,6.064655,0,1,104,1,2
3847_pycodestyle.exe,6.029285,6.064655,6.064655,0,1,104,1,2
3848_pyct.exe,6.029285,6.064655,6.064655,0,1,104,1,2
3849_pydocstyle.exe,6.029285,6.064655,6.064655,0,1,104,1,2
3850_pyflakes.exe,6.029285,6.064655,6.064655,0,1,104,1,2
3851_pygmentize.exe,6.029285,6.064655,6.064655,0,1,104,1,2
3852_pylint-config.exe,6.029285,6.064655,6.064655,0,1,104,1,2
5276_HPOneAgent.exe,7.998232,6.398806,6.398806,0,3,253,1,2
5266_HPOneAgent.exe,7.998228,6.398806,6.398806,0,3,253,1,2
745_vcredist_x64.exe,7.99587,6.562809,6.776934,0,2,236,1,2
783_python.exe,6.502867,6.479584,6.479584,0,1,105,1,2
784_pythonw.exe,6.515016,6.481362,6.481362,0,1,108,1,2
5293_OneApp.IGCC.WinService.exe,7.214203,5.503723,5.503723,0,0,0,0,2
3853_pylint.exe,6.029285,6.064655,6.064655,0,1,104,1,2
3854_pyreverse.exe,6.029285,6.064655,6.064655,0,1,104,1,2
3855_symilar.exe,6.029285,6.064655,6.064655,0,1,104,1,2
3856_pyuic5.exe,6.029285,6.064655,6.064655,0,1,104,1,2
3857_pt2to3.exe,6.029285,6.064655,6.064655,0,1,104,1,2
3858_ptdump.exe,6.029285,6.064655,6.064655,0,1,104,1,2
3859_ptrepack.exe,6.029285,6.064655,6.064655,0,1,104,1,2
3860_pttree.exe,6.029285,6.064655,6.064655,0,1,104,1,2
3861_py.test.exe,6.029285,6.064655,6.064655,0,1,104,1,2
3862_pytest.exe,6.029285,6.064655,6.064655,0,1,104,1,2
3869_idle.exe,6.029285,6.064655,6.064655,0,1,104,1,2
3870_pydoc.exe,6.029285,6.064655,6.064655,0,1,104,1,2
3871_dotenv.exe,6.029285,6.064655,6.064655,0,1,104,1,2
3872_pylsp.exe,6.029285,6.064655,6.064655,0,1,104,1,2
3728_b2.exe,6.442823,6.477604,6.477604,0,1,134,1,2
3729_bjam.exe,6.442823,6.477604,6.477604,0,1,134,1,2
3730_b2.exe,6.442823,6.477604,6.477604,0,1,134,1,2
346_dos2unix.exe,5.5712,5.886836,5.886836,0,1,53,1,2
348_dumpsexp.exe,5.00217,5.627981,5.627981,0,1,27,1,2
5321_nvngx_update.exe,6.529582,6.435006,6.435006,0,1,210,1,2
5315_MCU.exe,6.378021,6.335973,6.335973,0,0,1,1,2
5310_kdnicctrl.exe,2.479097,3.880224,3.880224,0,1,51,1,2
334_d2u.exe,5.5712,5.886836,5.886836,0,1,53,1,2
314_bzip2recover.exe,4.901059,5.896052,5.896052,0,1,33,1,2
324_clear.exe,4.257429,5.42552,5.42552,0,1,38,1,2
268_psl.exe,6.006128,6.239385,6.239385,0,1,85,1,2
599_RespectOlder.exe,6.48838,6.385481,6.584939,0,1,155,1,2
601_scrcpy.exe,6.118064,6.240952,7.494272,0,10,262,1,2
602_HxD.exe,5.682988,5.743629,6.417078,0,1,659,1,2
603_unins000.exe,6.368789,6.474524,6.474524,0,1,523,1,2
604_InspectVhdDialog.exe,5.56032,5.545964,5.545964,0,0,1,1,2
5339_ReShadeFXC64.exe,6.415742,6.284702,6.284702,0,1,97,1,2
5338_ReShadeFXC32.exe,6.458339,6.414272,6.57864,0,1,88,1,2
605_VMCreate.exe,6.388192,6.385685,6.385685,0,0,1,1,2
263_pdftotext.exe,6.048038,6.330796,6.330796,0,1,148,1,2
1_python-3.12.7-amd64.exe,7.997781,6.568764,6.787116,0,1,236,0,2
5895_aspnet_regsql.exe,7.995152,0.0,0.0,0,0,0,0,2
5891_aspnet_regbrowsers.exe,7.948314,0.0,0.0,0,0,0,0,2
5888_AddInUtil.exe,5.917017,5.02145,5.02145,0,0,1,1,2
5887_AddInUtil.exe,5.901607,5.022279,5.022279,0,0,1,1,2
587_grafana-cli.exe,6.908357,6.241527,7.997866,0,8,45,1,2
588_grafana-server.exe,6.907957,6.241548,7.997925,0,8,45,1,2
590_gpx_infinity_windows_amd64.exe,6.041886,6.118994,6.118994,0,1,50,1,2
593_7za.exe,6.638123,6.703572,6.703572,0,1,133,1,2
5886_AddInProcess.exe,5.957826,5.077818,5.077818,0,0,1,1,2
5885_AddInProcess.exe,5.944074,5.082817,5.082817,0,0,1,1,2
5884_AddInProcess32.exe,5.957264,5.081173,5.081173,0,0,1,1,2
5883_AddInProcess32.exe,5.944212,5.081155,5.081155,0,0,1,1,2
1433_x86_64-w64-mingw32-nmakehlp.exe,4.944412,6.011048,6.011048,0,1,81,1,2
5344_MCU.exe,6.375862,6.335973,6.335973,0,0,1,1,2
5778_SystemPropertiesAdvanced.exe,7.13285,5.550977,7.273965,0,0,28,0,2
5771_stordiag.exe,6.506186,6.484077,6.731038,0,1,176,1,2
535_watchgnupg.exe,4.936949,5.588797,5.588797,0,1,52,1,2
540_winpty-agent.exe,6.250801,6.203173,6.203173,0,1,163,1,2
541_winpty-debugserver.exe,6.171747,6.148694,6.148694,0,1,107,1,2
544_xxd.exe,5.508083,5.973024,5.973024,0,1,42,1,2
516_tset.exe,5.354135,6.018533,6.018533,0,1,63,1,2
520_u2d.exe,5.56451,5.887004,5.887004,0,1,53,1,2
521_umount.exe,4.017032,5.255858,5.255858,0,1,27,1,2
1437_2to3.exe,6.029285,6.064655,6.064655,0,1,104,1,2
1445_f2py.exe,5.255619,6.064655,6.064655,0,1,104,1,2
1446_fonttools.exe,6.029285,6.064655,6.064655,0,1,104,1,2
1449_idle.exe,6.029285,6.064655,6.064655,0,1,104,1,2
1420_sip-build.exe,6.029285,6.064655,6.064655,0,1,104,1,2
1421_sip-distinfo.exe,6.029285,6.064655,6.064655,0,1,104,1,2
1422_sip-install.exe,6.029285,6.064655,6.064655,0,1,104,1,2
1423_sip-module.exe,6.029285,6.064655,6.064655,0,1,104,1,2
1424_sip-sdist.exe,6.029285,6.064655,6.064655,0,1,104,1,2
1425_sip-wheel.exe,6.029285,6.064655,6.064655,0,1,104,1,2
525_unix2dos.exe,5.56451,5.887004,5.887004,0,1,53,1,2
526_unix2mac.exe,5.56451,5.887004,5.887004,0,1,53,1,2
509_toe.exe,4.837683,5.85953,5.85953,0,1,54,1,2
511_tput.exe,5.238464,5.869994,5.869994,0,1,66,1,2
3698_jupyter-run.exe,6.029285,6.064655,6.064655,0,1,104,1,2
3699_jupyter-console.exe,6.029285,6.064655,6.064655,0,1,104,1,2
3700_jupyter-migrate.exe,6.029285,6.064655,6.064655,0,1,104,1,2
3701_jupyter-troubleshoot.exe,6.029285,6.064655,6.064655,0,1,104,1,2
3702_jupyter.exe,6.029285,6.064655,6.064655,0,1,104,1,2
3703_jupyter-events.exe,6.029285,6.064655,6.064655,0,1,104,1,2
3704_jupyter-server.exe,6.029285,6.064655,6.064655,0,1,104,1,2
5378_nvngx_update.exe,6.523636,6.434602,6.434602,0,1,210,1,2
5372_MCU.exe,6.37798,6.335973,6.335973,0,0,1,1,2
5367_ReShadeFXC64.exe,6.42669,6.32243,6.32243,0,1,91,1,2
3705_keyring.exe,6.029285,6.064655,6.064655,0,1,104,1,2
3682_isort.exe,6.029285,6.064655,6.064655,0,1,104,1,2
3688_pyjson5.exe,6.029285,6.064655,6.064655,0,1,104,1,2
3689_jsondiff.exe,6.029285,6.064655,6.064655,0,1,104,1,2
3690_jsonpatch.exe,6.029285,6.064655,6.064655,0,1,104,1,2
3691_jsonschema.exe,6.029285,6.064655,6.064655,0,1,104,1,2
3692_jlpm.exe,6.029285,6.064655,6.064655,0,1,104,1,2
4736_label.exe,3.154094,5.594691,5.594691,0,1,81,1,2
4735_la57setup.exe,2.728499,4.421446,4.421446,0,1,62,1,2
1467_numba.exe,6.029285,6.064655,6.064655,0,1,104,1,2
1469_orange-canvas.exe,6.029285,6.064655,6.064655,0,1,104,1,2
1474_pydoc.exe,6.029285,6.064655,6.064655,0,1,104,1,2
1475_pyftmerge.exe,6.029285,6.064655,6.064655,0,1,104,1,2
1476_pyftsubset.exe,6.029285,6.064655,6.064655,0,1,104,1,2
1478_pyproj.exe,6.029285,6.064655,6.064655,0,1,104,1,2
4734_kubectl.exe,6.394749,6.125743,6.444322,0,1,48,1,2
4733_ktmutil.exe,2.960491,4.599413,4.599413,0,1,70,1,2
4732_ksetup.exe,4.123892,5.612081,5.612081,0,1,115,1,2
4731_klist.exe,4.161371,5.854463,5.854463,0,1,97,1,2
4730_isoburn.exe,5.770141,5.861948,6.189254,0,1,143,1,2
2526_testhost.net461.x86.exe,6.227844,5.626191,5.626191,0,0,1,1,2
3693_jupyter-lab.exe,6.029285,6.064655,6.064655,0,1,104,1,2
3694_jupyter-labextension.exe,6.029285,6.064655,6.064655,0,1,104,1,2
3695_jupyter-labhub.exe,6.029285,6.064655,6.064655,0,1,104,1,2
3696_jupyter-kernel.exe,6.029285,6.064655,6.064655,0,1,104,1,2
3697_jupyter-kernelspec.exe,6.029285,6.064655,6.064655,0,1,104,1,2
3666_gencmn.exe,6.114422,6.46645,6.46645,0,1,70,1,2
3667_gencnval.exe,6.175505,6.458479,6.458479,0,1,87,1,2
3668_gendict.exe,6.16253,6.434394,6.434394,0,1,159,1,2
3669_gennorm2.exe,6.178839,6.295138,6.295138,0,1,190,1,2
3670_genrb.exe,6.128669,6.137868,6.137868,0,1,235,1,2
3671_gensprep.exe,6.131093,6.425381,6.425381,0,1,97,1,2
3672_icuexportdata.exe,6.140976,6.26124,6.26124,0,1,170,1,2
3673_icuinfo.exe,6.173079,6.480125,6.480125,0,1,78,1,2
3674_icupkg.exe,6.175941,6.455653,6.455653,0,1,93,1,2
3675_makeconv.exe,6.161339,6.301022,6.301022,0,1,119,1,2
3676_pkgdata.exe,6.045128,6.368437,6.368437,0,1,98,1,2
1493_sip-install.exe,6.029285,6.064655,6.064655,0,1,104,1,2
1494_sip-module.exe,6.029285,6.064655,6.064655,0,1,104,1,2
1495_sip-sdist.exe,6.029285,6.064655,6.064655,0,1,104,1,2
1496_sip-wheel.exe,6.029285,6.064655,6.064655,0,1,104,1,2
4745_Locator.exe,2.193686,3.840473,3.840473,0,1,29,1,2
4744_LiveCaptions.exe,6.32279,5.802709,7.028723,0,1,112,1,2
4739_LaunchWinApp.exe,4.973706,5.93263,5.93263,0,1,109,1,2
4738_LaunchTM.exe,2.544602,4.750533,4.750533,0,1,37,1,2
4765_MCU.exe,6.378021,6.335973,6.335973,0,0,1,1,2
4751_logoff.exe,3.441072,5.226984,5.226984,0,1,80,1,2
1491_sip-build.exe,6.029285,6.064655,6.064655,0,1,104,1,2
1492_sip-distinfo.exe,6.029285,6.064655,6.064655,0,1,104,1,2
3677_imageio_download_bin.exe,6.029285,6.064655,6.064655,0,1,104,1,2
3678_imageio_remove_bin.exe,6.029285,6.064655,6.064655,0,1,104,1,2
3679_ipython.exe,6.029285,6.064655,6.064655,0,1,104,1,2
3680_ipython3.exe,6.029285,6.064655,6.064655,0,1,104,1,2
5766_shutdown.exe,5.614517,6.079987,6.079987,0,1,63,1,2
5763_setx.exe,6.050227,6.170038,6.170038,0,1,107,1,2
5760_sethc.exe,6.393179,6.341807,6.550802,0,1,268,1,2
5759_SecEdit.exe,5.644219,5.810038,6.536691,0,1,79,1,2
5756_SearchFilterHost.exe,6.672814,6.368697,7.064622,0,1,263,1,2
4773_Microsoft.Data.UsageAndQualityInsights.MaintenanceTask.exe,5.176093,5.957036,5.957036,0,1,102,1,2
4771_MdSched.exe,6.25885,5.963198,7.013143,0,1,101,1,2
4770_MdRes.exe,5.954409,5.806378,6.943999,0,1,63,1,2
4767_MDMAgent.exe,5.540611,5.977021,5.977021,0,1,164,1,2
1318_orange-canvas.exe,6.029285,6.064655,6.064655,0,1,104,1,2
1503_ttx.exe,6.029285,6.064655,6.064655,0,1,104,1,2
1312_numba.exe,6.029285,6.064655,6.064655,0,1,104,1,2
1313_f2py.exe,5.255619,6.064655,6.064655,0,1,104,1,2
3660_holoviews.exe,6.029285,6.064655,6.064655,0,1,104,1,2
3661_httpx.exe,6.029285,6.064655,6.064655,0,1,104,1,2
3662_derb.exe,6.135993,6.415498,6.415498,0,1,123,1,2
3663_genbrk.exe,6.191995,6.469912,6.469912,0,1,117,1,2
3664_genccode.exe,6.107316,6.454284,6.454284,0,1,75,1,2
3665_gencfu.exe,6.138223,6.465187,6.465187,0,1,84,1,2
5741_RMActivate_ssp_isv.exe,6.854864,6.837737,6.837737,0,1,84,1,2
5740_RMActivate_ssp.exe,6.855608,6.839041,6.839041,0,1,84,1,2
5739_RMActivate_isv.exe,6.904435,6.882109,6.882109,0,1,125,1,2
3635_flake8.exe,6.029285,6.064655,6.064655,0,1,104,1,2
3636_flask.exe,6.029285,6.064655,6.064655,0,1,104,1,2
2952_isxps.exe,5.92111,5.869012,5.869012,0,0,1,1,2
2951_inspect.exe,5.903601,5.96656,6.617528,0,1,243,1,2
2945_ftquery.exe,5.476657,5.05816,5.05816,0,0,1,1,2
1339_pyproj.exe,6.029285,6.064655,6.064655,0,1,104,1,2
1342_python.exe,6.371176,6.503438,6.503438,0,1,94,1,2
1343_pythonw.exe,6.36429,6.49422,6.49422,0,1,96,1,2
1344_2to3.exe,6.029285,6.064655,6.064655,0,1,104,1,2
1345_idle.exe,6.029285,6.064655,6.064655,0,1,104,1,2
2932_ComparePackage.exe,5.285266,5.402136,5.402136,0,0,1,1,2
2528_testhost.net462.x86.exe,6.228053,5.621707,5.621707,0,0,1,1,2
3036_wmplayer.exe,6.439438,5.577753,6.501347,0,1,62,1,2
1346_pydoc.exe,6.029285,6.064655,6.064655,0,1,104,1,2
3031_wab.exe,6.035075,5.883042,6.033015,0,1,69,1,2
3022_TE.ManagedHost.exe,5.008609,5.36708,5.36708,0,0,1,1,2
3637_fonttools.exe,6.029285,6.064655,6.064655,0,1,104,1,2
3638_pyftmerge.exe,6.029285,6.064655,6.064655,0,1,104,1,2
3639_pyftsubset.exe,6.029285,6.064655,6.064655,0,1,104,1,2
3640_ttx.exe,6.029285,6.064655,6.064655,0,1,104,1,2
5738_RMActivate.exe,6.884288,6.870348,6.870348,0,1,125,1,2
5737_resmon.exe,7.365569,5.599505,7.491761,0,0,42,0,2
5733_regsvr32.exe,6.259897,6.385842,6.385842,0,1,115,1,2
5729_regedit.exe,6.103609,6.412745,6.764328,0,1,380,1,2
5728_reg.exe,6.288598,6.262227,6.428184,0,1,121,1,2
5726_ReAgentc.exe,6.159022,6.357206,6.46507,0,1,147,1,2
5725_rdrleakdiag.exe,6.056695,6.186505,6.299622,0,1,131,1,2
5724_RdpSaUacHelper.exe,5.782744,5.936186,6.406884,0,1,104,1,2
5723_RdpSaProxy.exe,5.985432,6.086615,6.168919,0,1,99,1,2
5722_RdpSa.exe,6.240391,6.276877,6.276877,0,1,121,1,2
5720_raserver.exe,6.291061,6.232444,6.758921,0,1,212,1,2
3054_DisableIntegrityCheck.exe,5.664924,5.665532,5.665532,0,0,1,1,2
3052_EnableIntegrityCheck.exe,5.65072,5.649522,5.649522,0,0,1,1,2
3051_DisableIntegrityCheck.exe,5.664924,5.665532,5.665532,0,0,1,1,2
2530_testhost.net47.x86.exe,6.223927,5.624119,5.624119,0,0,1,1,2
2532_testhost.net471.x86.exe,6.227571,5.625583,5.625583,0,0,1,1,2
2534_testhost.net472.x86.exe,6.227189,5.624289,5.624289,0,0,1,1,2
3038_wmpshare.exe,6.388175,5.643372,6.450717,0,1,52,1,2
5718_rasautou.exe,5.318072,5.828669,5.828669,0,1,62,1,2
5710_powercfg.exe,6.352217,6.270054,6.689297,0,1,211,1,2
3618_dask-scheduler.exe,6.029285,6.064655,6.064655,0,1,104,1,2
3619_dask-spec.exe,6.029285,6.064655,6.064655,0,1,104,1,2
3620_dask-ssh.exe,6.029285,6.064655,6.064655,0,1,104,1,2
3621_dask-worker.exe,6.029285,6.064655,6.064655,0,1,104,1,2
3622_distro.exe,6.029285,6.064655,6.064655,0,1,104,1,2
3602_conda-inspect.exe,6.029285,6.064655,6.064655,0,1,104,1,2
3603_conda-metapackage.exe,6.029285,6.064655,6.064655,0,1,104,1,2
3604_conda-render.exe,6.029285,6.064655,6.064655,0,1,104,1,2
3605_conda-skeleton.exe,6.029285,6.064655,6.064655,0,1,104,1,2
3606_conda-content-trust.exe,6.029285,6.064655,6.064655,0,1,104,1,2
3607_conda-pack.exe,6.029285,6.064655,6.064655,0,1,104,1,2
3608_cph.exe,6.029285,6.064655,6.064655,0,1,104,1,2
3609_conda-repo.exe,6.029285,6.064655,6.064655,0,1,104,1,2
4775_Microsoft.Uev.SyncController.exe,5.582848,5.300441,5.300441,0,0,1,1,2
2536_testhost.net48.x86.exe,6.222758,5.622384,5.622384,0,0,1,1,2
2537_testhost.x86.exe,6.224915,5.620573,5.620573,0,0,1,1,2
3085_x86_64-w64-mingw32-nmakehlp.exe,4.944412,6.011048,6.011048,0,1,81,1,2
2539_datacollector.exe,6.314589,5.574217,5.574217,0,0,1,1,2
3055_EnableIntegrityCheck.exe,5.65072,5.649522,5.649522,0,0,1,1,2
2809_ftquery.exe,5.475865,5.057143,5.057143,0,0,1,1,2
4793_MSchedExe.exe,6.078277,3.838564,7.123983,0,1,27,1,2
2517_vstest.console.exe,6.736665,5.771956,5.771956,0,0,1,1,2
4791_MRINFO.EXE,2.931301,5.426686,5.426686,0,1,65,1,2
4787_mountvol.exe,3.007793,4.678451,4.678451,0,1,60,1,2
4786_MoNotificationUxStub.exe,4.943951,5.900672,5.900672,0,1,106,1,2
4782_MLEngineStub.exe,4.939679,5.9005,5.9005,0,1,106,1,2
3612_datashader.exe,6.029285,6.064655,6.064655,0,1,104,1,2
3614_debugpy.exe,6.029285,6.064655,6.064655,0,1,104,1,2
3615_get_gprof.exe,6.029285,6.064655,6.064655,0,1,104,1,2
3616_get_objgraph.exe,6.029285,6.064655,6.064655,0,1,104,1,2
3617_undill.exe,6.029285,6.064655,6.064655,0,1,104,1,2
3589_chardetect.exe,6.029285,6.064655,6.064655,0,1,104,1,2
3591_cli-64.exe,6.029319,6.064655,6.064655,0,1,104,1,2
3592_conda-env.exe,6.029319,6.064655,6.064655,0,1,104,1,2
3593_conda.exe,6.029319,6.064655,6.064655,0,1,104,1,2
3595_cli-64.exe,6.029285,6.064655,6.064655,0,1,104,1,2
3597_gui-64.exe,6.025911,6.08624,6.08624,0,1,109,1,2
4810_ndadmin.exe,4.242615,4.955379,4.955379,0,1,68,1,2
4809_nbtstat.exe,3.414776,5.744829,5.744829,0,1,70,1,2
4799_mshta.exe,2.518645,4.798753,4.798753,0,1,38,1,2
4798_msg.exe,3.852673,5.98748,5.98748,0,1,90,1,2
4797_msfeedssync.exe,2.948969,4.656927,4.656927,0,1,39,1,2
3598_conda-build.exe,6.029285,6.064655,6.064655,0,1,104,1,2
3599_conda-convert.exe,6.029285,6.064655,6.064655,0,1,104,1,2
3600_conda-debug.exe,6.029285,6.064655,6.064655,0,1,104,1,2
3601_conda-develop.exe,6.029285,6.064655,6.064655,0,1,104,1,2
5705_perfmon.exe,7.241613,6.199591,7.506283,0,0,178,0,2
5695_odbcad32.exe,7.087221,5.226774,7.302593,0,0,56,0,2
5693_nslookup.exe,5.565556,6.438065,6.438065,0,1,108,1,2
3570_samp_hub.exe,6.029285,6.064655,6.064655,0,1,104,1,2
3571_showtable.exe,6.029285,6.064655,6.064655,0,1,104,1,2
3572_volint.exe,6.029285,6.064655,6.064655,0,1,104,1,2
2838_vsdiagview.exe,5.777967,5.444808,5.444808,0,0,1,1,2
2813_inspect.exe,5.509175,6.201535,6.201535,0,1,243,1,2
2818_mbidgenerator.exe,6.156112,5.585003,5.585003,0,0,1,1,2
2820_mftrace.exe,5.967207,6.494708,6.494708,0,1,145,1,2
2822_midlc.exe,6.164933,6.374678,6.374678,0,1,124,1,2
3573_wcslint.exe,6.029285,6.064655,6.064655,0,1,104,1,2
3574_automat-visualize.exe,6.029285,6.064655,6.064655,0,1,104,1,2
3580_pybabel.exe,6.029285,6.064655,6.064655,0,1,104,1,2
3581_black.exe,6.029285,6.064655,6.064655,0,1,104,1,2
3582_blackd.exe,6.029285,6.064655,6.064655,0,1,104,1,2
3583_bokeh.exe,6.029285,6.064655,6.064655,0,1,104,1,2
3558_alembic.exe,6.029285,6.064655,6.064655,0,1,104,1,2
3560_anaconda.exe,6.029285,6.064655,6.064655,0,1,104,1,2
3561_binstar.exe,6.029285,6.064655,6.064655,0,1,104,1,2
3562_conda-server.exe,6.029285,6.064655,6.064655,0,1,104,1,2
3563_anaconda-navigator.exe,6.029285,6.064655,6.064655,0,1,104,1,2
3564_anaconda-project.exe,6.029285,6.064655,6.064655,0,1,104,1,2
4824_newdev.exe,4.355337,5.161958,5.161958,0,1,76,1,2
4823_NETSTAT.EXE,4.446946,5.855497,5.855497,0,1,115,1,2
4821_Netplwiz.exe,4.278177,5.244017,5.244017,0,1,74,1,2
4820_netiougc.exe,4.333319,5.92359,5.92359,0,1,101,1,2
4818_NetEvtFwdr.exe,4.143032,5.811968,5.811968,0,1,104,1,2
4815_netbtugc.exe,4.119382,5.9646,5.9646,0,1,75,1,2
4812_NDKPing.exe,4.078943,5.636916,5.636916,0,1,71,1,2
4811_NDKPerfCmd.exe,4.136901,5.745035,5.745035,0,1,72,1,2
3565_fits2bitmap.exe,6.029285,6.064655,6.064655,0,1,104,1,2
3566_fitscheck.exe,6.029285,6.064655,6.064655,0,1,104,1,2
3567_fitsdiff.exe,6.029285,6.064655,6.064655,0,1,104,1,2
3568_fitsheader.exe,6.029285,6.064655,6.064655,0,1,104,1,2
3569_fitsinfo.exe,6.029285,6.064655,6.064655,0,1,104,1,2
5688_netsh.exe,4.391942,6.324243,6.57232,0,1,112,1,2
5682_net.exe,6.24292,6.305487,6.450714,0,1,128,1,2
5680_MuiUnattend.exe,6.107205,6.109036,6.210219,0,1,125,1,2
5679_mtstocom.exe,6.441656,6.382982,6.640418,0,1,171,1,2
2519_datacollector.exe,6.309153,5.571614,5.571614,0,0,1,1,2
4827_nmbind.exe,5.534796,5.977472,5.977472,0,1,137,1,2
2846_wsutil.exe,5.840534,5.796077,5.796077,0,0,1,1,2
2848_AccCheckConsole.exe,5.878497,5.070262,5.070262,0,0,1,1,2
2849_acccheckui.exe,5.978396,5.855326,5.855326,0,0,1,1,2
2850_VisualUIAVerifyNative.exe,5.925894,5.876566,5.876566,0,0,1,1,2
5666_mfpmp.exe,6.471586,6.098456,6.396031,0,1,99,1,2
3541_ldh.exe,2.754026,2.326664,4.015414,0,6,3,1,2
5626_Fondue.exe,7.20749,6.161415,7.340598,0,0,81,0,2
5622_findstr.exe,6.095909,6.346927,6.346927,0,1,99,1,2
5617_expand.exe,5.911871,6.215622,6.215622,0,1,130,1,2
5608_EaseOfAccessDialog.exe,5.952687,5.833444,6.656867,0,1,319,1,2
5602_dtdump.exe,6.449937,6.363006,6.466982,0,1,106,1,2
5598_DpiScaling.exe,7.149708,5.389055,7.304905,0,0,33,0,2
3524_x86_64-w64-mingw32-nmakehlp.exe,4.944412,6.011048,6.011048,0,1,81,1,2
3532_b2.exe,6.442823,6.477604,6.477604,0,1,134,1,2
2886_mftrace.exe,5.877238,6.318002,6.318002,0,1,149,1,2
2888_midlc.exe,6.218151,6.310916,6.310916,0,1,155,1,2
4839_odbcconf.exe,3.806033,5.494559,5.494559,0,1,64,1,2
4838_odbcad32.exe,5.766088,3.690143,7.092169,0,1,59,1,2
4833_ntprint.exe,5.04917,4.090133,6.237956,0,1,54,1,2
4974_sigverif.exe,5.414541,5.727223,5.727223,0,1,164,1,2
4969_sfc.exe,5.368611,5.986707,5.986707,0,1,155,1,2
4967_setupugc.exe,5.788105,6.22675,6.22675,0,1,234,1,2
4965_setspn.exe,3.627641,5.338368,5.338368,0,1,94,1,2
3290_cli-64.exe,6.029319,6.064655,6.064655,0,1,104,1,2
3292_cli-64.exe,6.029285,6.064655,6.064655,0,1,104,1,2
3294_gui-64.exe,6.025911,6.08624,6.08624,0,1,109,1,2
4955_secinit.exe,2.171003,4.155636,4.155636,0,1,33,1,2
2876_inspect.exe,5.451021,6.167733,6.167733,0,1,245,1,2
2879_makeappx.exe,6.117125,6.357744,6.357744,0,1,139,1,2
2883_mbidgenerator.exe,6.157995,5.58638,5.58638,0,0,1,1,2
4946_ScriptRunner.exe,6.27346,5.30739,5.30739,0,0,1,1,2
4943_rwinsta.exe,3.431122,5.238686,5.238686,0,1,78,1,2
2522_testhost.net452.x86.exe,6.228344,5.626528,5.626528,0,0,1,1,2
3288__conda.exe,7.99503,6.498652,6.498652,0,1,125,0,2
4940_RunLegacyCPLElevated.exe,4.001945,5.648157,5.648157,0,1,83,1,2
4937_runas.exe,3.495765,5.844143,5.844143,0,1,89,1,2
5110_Windows.Media.BackgroundPlayback.exe,2.826332,4.886281,4.886281,0,1,56,1,2
4934_RpcPing.exe,3.825158,5.618283,5.618283,0,1,105,1,2
4933_ROUTE.EXE,3.481754,5.250428,5.250428,0,1,77,1,2
4932_Robocopy.exe,5.682783,6.152689,6.152689,0,1,234,1,2
4931_rmttpmvscmgrsvr.exe,5.570053,6.004312,6.004312,0,1,170,1,2
4930_RmClient.exe,2.930471,4.868011,4.868011,0,1,54,1,2
3245_choreo.exe,6.212928,6.124528,6.124528,0,1,46,1,2
3246_choreo.exe,6.200641,6.471764,6.471764,0,1,45,1,2
3247_choreo.exe,6.212823,6.124989,6.124989,0,1,46,1,2
3248_vs_BuildTools.exe,7.831402,6.546342,6.546342,0,1,124,0,2
4855_PATHPING.EXE,3.19529,5.2225,5.2225,0,1,67,1,2
4851_PackagedCWALauncher.exe,4.503948,5.6138,5.6138,0,1,76,1,2
4850_pacjsworker.exe,3.878429,5.532524,5.532524,0,1,42,1,2
5106_wifitask.exe,5.158794,5.741343,5.741343,0,1,122,1,2
4846_openfiles.exe,5.195935,6.022711,6.022711,0,1,146,1,2
4844_OOBEFodSetup.exe,2.742503,4.731773,4.731773,0,1,63,1,2
5105_wiawow64.exe,4.248458,5.991764,5.991764,0,1,114,1,2
4925_rgnupdt.exe,5.471525,6.055815,6.055815,0,1,94,1,2
5104_wiaacmgr.exe,5.068916,5.822672,5.822672,0,1,168,1,2
4923_ResetEngine.exe,4.045746,5.526077,5.526077,0,1,39,1,2
4922_reset.exe,3.036544,5.770179,5.770179,0,1,65,1,2
4921_replace.exe,3.479311,5.151843,5.151843,0,1,103,1,2
4920_repair-bde.exe,6.17985,5.869697,6.934297,0,1,110,1,2
4919_RemotePosWorker.exe,2.261614,3.889632,3.889632,0,1,45,1,2
4917_relog.exe,4.656854,6.023633,6.023633,0,1,126,1,2
4916_rekeywiz.exe,5.874991,6.23902,6.496514,0,1,143,1,2
4913_regini.exe,4.760955,6.124963,6.124963,0,1,100,1,2
4912_regedt32.exe,2.481525,4.928663,4.928663,0,1,39,1,2
4910_refsutil.exe,6.500782,6.445476,6.445476,0,1,460,1,2
2908_vsdiagview.exe,5.781211,5.444028,5.444028,0,0,1,1,2
1612_PsExec64.exe,6.517424,6.512075,6.512075,0,1,202,1,2
4858_pcwrun.exe,2.759689,4.799378,4.799378,0,1,63,1,2
4909_ReFsDedupSvc.exe,6.57347,6.423128,6.423128,0,1,561,1,2
4907_recover.exe,2.466954,3.665341,3.665341,0,1,62,1,2
4904_readCloudDataSettings.exe,5.387775,6.076467,6.076467,0,1,119,1,2
697_python.exe,4.827493,5.9093,5.9093,0,1,46,1,2
701_Uninstall.exe,6.461213,6.481214,6.481214,0,1,166,1,2
704_Uninstall.exe,6.909725,6.454335,6.454335,0,1,163,1,2
705_uninstall-postgresql.exe,7.812003,6.14777,6.615849,0,2,540,1,2
688_helper.exe,5.858817,6.495259,6.495259,0,1,165,1,2
5102_where.exe,4.456108,5.785461,5.785461,0,1,99,1,2
4874_print.exe,2.934871,4.723927,4.723927,0,1,84,1,2
4873_prevhost.exe,4.094626,5.569165,5.569165,0,1,95,1,2
4872_PresentationSettings.exe,6.248331,6.210488,6.417544,0,1,195,1,2
4867_PnPUnattend.exe,4.461754,5.812354,5.812354,0,1,114,1,2
4866_plasrv.exe,2.328194,4.927923,4.927923,0,1,36,1,2
4865_PktMon.exe,6.191305,6.304681,6.304681,0,1,413,1,2
4864_PkgMgr.exe,5.844044,6.151863,6.151863,0,1,175,1,2
4863_PING.EXE,3.497381,5.909893,5.909893,0,1,70,1,2
2336_SCANPST.EXE,6.754461,6.465204,6.465204,0,1,128,1,2
4894_rasphone.exe,4.292404,5.567108,5.567108,0,1,77,1,2
4892_rasdial.exe,3.353392,5.115698,5.115698,0,1,69,1,2
4890_qwinsta.exe,4.044752,5.747037,5.747037,0,1,88,1,2
4889_quser.exe,3.659418,5.590947,5.590947,0,1,88,1,2
4888_query.exe,3.030836,5.771123,5.771123,0,1,65,1,2
4887_qprocess.exe,3.93371,6.001915,6.001915,0,1,96,1,2
4886_qappsrv.exe,3.503081,5.334987,5.334987,0,1,80,1,2
4885_pwlauncher.exe,4.138941,5.902601,5.902601,0,1,104,1,2
4883_prproc.exe,3.851261,5.547981,5.547981,0,1,40,1,2
4880_provlaunch.exe,4.989779,5.886054,5.886054,0,1,92,1,2
4879_proquota.exe,4.773751,6.030788,6.030788,0,1,144,1,2
2392_FeedbackCollector.exe,6.08163,6.012489,6.012489,0,0,1,1,2
2394_PerfWatson2.exe,6.198637,5.767615,5.767615,0,0,1,1,2
2396_T4VSHostProcess.exe,6.74486,5.762352,5.762352,0,0,1,1,2
3096_setup.exe,7.99934,0.0,6.537825,0,3,96,1,2
3095_setup.exe,7.998663,0.0,6.532724,0,3,96,1,2
2397_TextTransform.exe,6.247596,5.905737,5.905737,0,0,1,1,2
2398_UserControlTestContainer.exe,6.426752,5.76449,5.76449,0,0,1,1,2
1638_RDCMan.exe,5.694801,5.659134,6.194389,0,0,1,1,2
677_crashhelper.exe,6.384834,6.304652,6.304652,0,1,139,1,2
680_maintenanceservice_installer.exe,5.942513,6.495259,6.495259,0,1,165,1,2
3132_SQLite Viewer Helper.exe,6.655997,6.443251,6.443251,0,1,369,1,2
3130_sqlite-v3.26.0-win32-x86.exe,6.566404,6.391185,6.391185,0,1,177,1,2
3107_EnableIntegrityCheck.exe,5.65072,5.649522,5.649522,0,0,1,1,2
3106_DisableIntegrityCheck.exe,5.664924,5.665532,5.665532,0,0,1,1,2
3104_EnableIntegrityCheck.exe,5.65072,5.649522,5.649522,0,0,1,1,2
3103_DisableIntegrityCheck.exe,5.664924,5.665532,5.665532,0,0,1,1,2
4878_printui.exe,5.067489,4.186632,6.277082,0,1,60,1,2
4877_PrintIsolationHost.exe,5.617704,5.583142,6.363584,0,1,110,1,2
5071_VaultCmd.exe,3.716096,5.327199,5.327199,0,1,83,1,2
5068_UsoClient.exe,4.920893,5.881136,5.881136,0,1,104,1,2
2399_VcxprojReader.exe,6.06394,5.857328,5.857328,0,0,1,1,2
5059_updatecli.exe,4.945527,5.900095,5.900095,0,1,104,1,2
5056_UIMgrBroker.exe,4.483613,5.888307,5.888307,0,1,128,1,2
5055_UIEOrchestratorStub.exe,4.942699,5.900674,5.900674,0,1,106,1,2
5054_UevTemplateConfigItemGenerator.exe,5.00162,5.400593,5.400593,0,0,1,1,2
5053_UevTemplateBaselineGenerator.exe,5.107756,5.445751,5.445751,0,0,1,1,2
5052_UevAppMonitor.exe,5.474042,5.262104,5.320669,0,0,1,1,2
5051_UevAgentPolicyGenerator.exe,5.035072,5.13185,5.13185,0,0,1,1,2
5050_ucsvc.exe,5.197014,6.01307,6.01307,0,1,95,1,2
5048_UCConfigTask.exe,4.200094,5.528315,5.528315,0,1,80,1,2
5047_tzutil.exe,4.343778,6.098462,6.098462,0,1,93,1,2
2005_getsysteminfo.exe,6.934752,6.559724,7.618985,0,2,676,1,2
606_VMImport.exe,6.395963,6.384773,6.384773,0,0,1,1,2
607_ExtExport.exe,4.766157,5.882901,5.882901,0,1,99,1,2
2401_VSFinalizer.exe,5.633983,5.386838,5.386838,0,0,1,1,2
610_ielowutil.exe,5.406119,5.713921,5.713921,0,1,76,1,2
5396_ReShadeFXC64.exe,6.426677,6.32243,6.32243,0,1,91,1,2
1697_Contig64.exe,6.190881,6.49655,6.49655,0,1,123,1,2
5045_typeperf.exe,4.69356,5.874281,5.874281,0,1,141,1,2
5040_tskill.exe,3.565351,5.465846,5.465846,0,1,79,1,2
5039_tsdiscon.exe,3.465812,5.276806,5.276806,0,1,79,1,2
5038_tscon.exe,3.470231,5.297753,5.297753,0,1,79,1,2
5037_TRACERT.EXE,3.142108,5.961966,5.961966,0,1,65,1,2
5036_tracerpt.exe,5.930085,6.378069,6.378069,0,1,256,1,2
5035_tpmvscmgrsvr.exe,5.598692,6.022427,6.022427,0,1,171,1,2
5034_tpmvscmgr.exe,5.540785,6.065656,6.065656,0,1,161,1,2
5032_TpmInit.exe,4.630279,5.647762,5.647762,0,1,101,1,2
1989_avpsus.exe,6.672017,6.557996,6.613959,0,2,6,1,2
1990_avpui.exe,6.801965,6.485043,6.665528,0,2,6,1,2
2413_cpack.exe,5.835623,5.649269,6.111767,0,1,684,1,2
2414_ctest.exe,5.838038,5.651757,6.127926,0,1,690,1,2
2417_InteractiveHost32.exe,6.496315,5.828846,5.828846,0,0,1,1,2
2419_OpenDebugAD7.exe,6.137586,6.032563,6.032563,0,0,1,1,2
1991_kescli.exe,4.804449,6.592705,6.592705,0,1,6,0,2
1992_kesdr.exe,3.738257,6.496782,6.498632,0,1,6,0,2
1994_klpsm.exe,6.775267,6.587544,6.591527,0,1,6,0,2
1997_modify_watcher.exe,6.660965,6.613227,6.642727,0,1,6,0,2
1998_pmv.exe,6.341154,6.643789,6.712877,0,1,6,0,2
2003_PackageRegistrator.exe,6.970042,5.177254,5.177254,0,0,1,1,2
1975_gpgme-json.exe,6.421566,6.095216,6.095216,0,1,147,1,2
2426_TfsDeleteProject.exe,6.45862,5.742212,5.742212,0,0,1,1,2
2427_TFSSecurity.exe,6.293163,5.748857,5.748857,0,0,1,1,2
2429_witadmin.exe,5.559693,5.57469,5.57469,0,0,1,1,2
2409_vsn.exe,6.802668,5.876404,5.876404,0,0,1,1,2
2411_cmake.exe,5.837855,5.650399,6.115931,0,1,686,1,2
2412_cmcldeps.exe,5.844215,5.704053,5.774246,0,1,465,1,2
1980_iexplore.exe,6.500959,6.202945,6.464626,0,1,103,1,2
1983_mpc-hc64.exe,6.575294,6.513745,6.516694,0,1,992,1,2
1960_gpg4win-uninstall.exe,6.141626,5.928636,7.130418,0,1,165,1,2
2402_VSHiveStub.exe,6.380921,5.739917,5.739917,0,0,1,1,2
5030_timeout.exe,4.000478,5.570035,5.570035,0,1,83,1,2
5027_TCPSVCS.EXE,2.424578,5.137659,5.137659,0,1,45,1,2
5026_tcmsetup.exe,3.088374,4.768022,4.768022,0,1,66,1,2
2403_vshost-clr2.exe,6.718379,5.603423,5.603423,0,0,1,1,2
5023_tasklist.exe,5.33218,5.899949,5.899949,0,1,183,1,2
5022_taskkill.exe,5.207718,5.837582,5.837582,0,1,175,1,2
5019_TapiUnattend.exe,3.02431,5.221983,5.221983,0,1,54,1,2
2420_NuGet.Build.Tasks.Console.exe,6.30353,5.993293,5.993293,0,0,1,1,2
2421_PSHOST.exe,5.962144,5.936967,5.936967,0,0,1,1,2
2422_BuildNotificationApp.exe,6.116612,6.317557,6.317557,0,0,1,1,2
2423_EndTask.exe,6.15568,5.675538,5.675538,0,0,1,1,2
2424_TF.exe,6.199613,6.183663,6.183663,0,0,1,1,2
2425_TFSBuild.exe,5.28893,5.449009,5.449009,0,0,1,1,2
5016_systray.exe,2.254376,3.878743,3.878743,0,1,29,1,2
1933_WSHelper.exe,6.59983,6.471536,6.666266,0,1,673,1,2
441_perl.exe,4.180881,5.170137,5.170137,0,1,40,1,2
442_perl5.38.2.exe,4.180881,5.170137,5.170137,0,1,40,1,2
413_minidumper.exe,4.218252,5.267096,5.267096,0,1,34,1,2
1915_CleanPlugin.exe,6.381556,6.36508,6.36508,0,1,59,1,2
2404_vshost.exe,6.879406,5.995536,5.995536,0,0,1,1,2
5011_SystemPropertiesRemote.exe,6.105554,3.621819,7.150069,0,1,25,1,2
5010_SystemPropertiesProtection.exe,6.107023,3.621819,7.151618,0,1,25,1,2
5009_SystemPropertiesPerformance.exe,6.11412,3.692014,7.152349,0,1,26,1,2
5008_SystemPropertiesHardware.exe,6.105179,3.621819,7.149839,0,1,25,1,2
5007_SystemPropertiesDataExecutionPrevention.exe,6.111872,3.621819,7.156652,0,1,25,1,2
5006_SystemPropertiesComputerName.exe,6.107736,3.621819,7.152173,0,1,25,1,2
5005_SystemPropertiesAdvanced.exe,6.106264,3.621819,7.150865,0,1,25,1,2
5004_systeminfo.exe,5.293565,5.889142,5.889142,0,1,148,1,2
2440_git-credential-manager.exe,5.859621,5.421218,5.421218,0,0,1,1,2
5000_SyncHost.exe,4.770212,5.922692,5.922692,0,1,113,1,2
4999_SyncAppvPublishingServer.exe,4.596082,5.507725,5.507725,0,1,80,1,2
3416_makeconv.exe,6.161339,6.301022,6.301022,0,1,119,1,2
3387_icuexportdata.exe,6.140976,6.26124,6.26124,0,1,170,1,2
3388_icuinfo.exe,6.173079,6.480125,6.480125,0,1,78,1,2
3389_icupkg.exe,6.175941,6.455653,6.455653,0,1,93,1,2
4998_sxstrace.exe,4.146929,5.615372,5.615372,0,1,74,1,2
4995_subst.exe,3.013946,5.161621,5.161621,0,1,83,1,2
4993_SrTasks.exe,5.432846,6.098536,6.098536,0,1,140,1,2
2405_vshost32-clr2.exe,6.712529,5.616912,5.616912,0,0,1,1,2
2406_vshost32.exe,6.762474,6.012007,6.012007,0,0,1,1,2
4984_SpaceAgent.exe,5.938353,6.185951,6.185951,0,1,211,1,2
4983_sort.exe,3.770098,6.035013,6.035013,0,1,79,1,2
4982_snmptrap.exe,3.207861,5.404,5.404,0,1,74,1,2
3354_gencfu.exe,6.138223,6.465187,6.465187,0,1,84,1,2
3355_gencmn.exe,6.114422,6.46645,6.46645,0,1,70,1,2
3356_gencnval.exe,6.175505,6.458479,6.458479,0,1,87,1,2
3357_gendict.exe,6.16253,6.434394,6.434394,0,1,159,1,2
3358_gennorm2.exe,6.178839,6.295138,6.295138,0,1,190,1,2
3359_genrb.exe,6.128669,6.137868,6.137868,0,1,235,1,2
3360_gensprep.exe,6.131093,6.425381,6.425381,0,1,97,1,2
5569_colorcpl.exe,7.263555,5.508137,7.38394,0,0,29,0,2
5565_cmdkey.exe,5.320746,5.946912,5.946912,0,1,57,1,2
5564_cmd.exe,6.435378,6.513505,6.751648,0,1,283,1,2
5560_cleanmgr.exe,6.222505,6.432547,6.432547,0,1,187,1,2
5559_cipher.exe,6.275186,6.28453,6.623496,0,1,147,1,2
5441_oobeldr.exe,5.02019,6.056397,6.056397,0,1,141,1,2
2498_sh.exe,7.0355,6.309104,7.264888,0,2,262,0,2
5438_AuditShD.exe,3.93233,5.45288,5.45288,0,1,95,1,2
5434_mighost.exe,5.311862,5.848407,5.848407,0,1,104,1,2
5546_bthudtask.exe,4.270756,5.510308,5.510308,0,1,44,1,2
5545_bitsadmin.exe,5.59913,5.470512,6.708286,0,1,154,1,2
5543_backgroundTaskHost.exe,6.349992,5.29924,5.29924,0,1,28,1,2
3342_derb.exe,6.135993,6.415498,6.415498,0,1,123,1,2
3352_genbrk.exe,6.191995,6.469912,6.469912,0,1,117,1,2
3353_genccode.exe,6.107316,6.454284,6.454284,0,1,75,1,2
5538_AtBroker.exe,6.362905,6.358585,6.627938,0,1,167,1,2
5508_XBox.TCUI.exe,5.71067,5.763032,5.763032,0,0,1,1,2
3329_b2.exe,6.442823,6.477604,6.477604,0,1,134,1,2
3331_bjam.exe,6.442823,6.477604,6.477604,0,1,134,1,2
5499_SecureAssessmentBrowser.exe,5.718306,5.755941,5.755941,0,0,1,1,2
3007_xpsconverter.exe,5.877653,5.560842,5.560842,0,0,1,1,2
3008_AccCheckConsole.exe,5.877644,5.06995,5.06995,0,0,1,1,2
5454_ssh.exe,6.286145,6.429063,6.429063,0,1,413,1,2
5453_ssh-sk-helper.exe,5.946827,6.434386,6.434386,0,1,319,1,2
5452_ssh-pkcs11-helper.exe,5.766398,6.467877,6.467877,0,1,290,1,2
5451_ssh-keyscan.exe,6.029722,6.482577,6.482577,0,1,291,1,2
5450_ssh-keygen.exe,6.139973,6.453848,6.453848,0,1,391,1,2
5449_ssh-agent.exe,5.834113,6.469414,6.469414,0,1,308,1,2
5448_ssh-add.exe,5.935252,6.485049,6.485049,0,1,298,1,2
5447_sftp.exe,6.438073,6.460998,6.460998,0,1,194,1,2
5446_scp.exe,6.42525,6.452132,6.452132,0,1,191,1,2
3009_acccheckui.exe,5.978391,5.855284,5.855284,0,0,1,1,2
3010_VisualUIAVerifyNative.exe,5.926278,5.876491,5.876491,0,0,1,1,2
3013_TE.ManagedHost.exe,5.008609,5.36708,5.36708,0,0,1,1,2
2991_vsdiagview.exe,5.782205,5.444624,5.444624,0,0,1,1,2
2998_WinAppDeployCmd.exe,5.489058,5.649965,5.649965,0,0,1,1,2
3000_wsdcodegen.exe,5.376817,5.442055,5.442055,0,0,1,1,2
3005_wsutil.exe,5.843897,5.798988,5.798988,0,0,1,1,2
5466_scrcons.exe,4.52025,5.570646,5.570646,0,1,156,1,2
5462_PrintBrm.exe,4.910524,5.940506,5.940506,0,1,111,1,2
5490_CapturePicker.exe,6.216121,6.114208,6.114208,0,1,207,1,2
4174_tiff2fsspec.exe,6.029285,6.064655,6.064655,0,1,104,1,2
4173_tabulate.exe,6.029285,6.064655,6.064655,0,1,104,1,2
4172_symilar.exe,6.029285,6.064655,6.064655,0,1,104,1,2
4171_stubtest.exe,6.029285,6.064655,6.064655,0,1,104,1,2
2975_PackageEditor.exe,5.023727,5.185462,5.185462,0,0,1,1,2
2981_StoreUploader.exe,5.259823,5.524262,5.524262,0,0,1,1,2
2983_topoedit.exe,6.051367,6.394397,6.715182,0,1,195,1,2
4170_stubgen.exe,6.029285,6.064655,6.064655,0,1,104,1,2
4169_streamlit.exe,6.029285,6.064655,6.064655,0,1,104,1,2
4168_spyder.exe,6.029285,6.064655,6.064655,0,1,104,1,2
4167_sphinx-quickstart.exe,6.029285,6.064655,6.064655,0,1,104,1,2
4166_sphinx-build.exe,6.029285,6.064655,6.064655,0,1,104,1,2
4165_sphinx-autogen.exe,6.029285,6.064655,6.064655,0,1,104,1,2
4164_sphinx-apidoc.exe,6.029285,6.064655,6.064655,0,1,104,1,2
4162_skivi.exe,6.029285,6.064655,6.064655,0,1,104,1,2
4161_sip-wheel.exe,6.029285,6.064655,6.064655,0,1,104,1,2
5785_SystemUWPLauncher.exe,6.196814,6.095998,6.564847,0,1,124,1,2
5784_SystemPropertiesRemote.exe,7.132392,5.558,7.27317,0,0,28,0,2
5783_SystemPropertiesProtection.exe,7.133639,5.553965,7.274697,0,0,28,0,2
5782_SystemPropertiesPerformance.exe,7.140116,5.602415,7.275418,0,0,29,0,2
5781_SystemPropertiesHardware.exe,7.131857,5.543412,7.272948,0,0,28,0,2
5780_SystemPropertiesDataExecutionPrevention.exe,7.138641,5.557255,7.279653,0,0,28,0,2
5779_SystemPropertiesComputerName.exe,7.134587,5.567043,7.275246,0,0,28,0,2
4160_sip-sdist.exe,6.029285,6.064655,6.064655,0,1,104,1,2
4159_sip-module.exe,6.029285,6.064655,6.064655,0,1,104,1,2
4158_sip-install.exe,6.029285,6.064655,6.064655,0,1,104,1,2
4157_sip-distinfo.exe,6.029285,6.064655,6.064655,0,1,104,1,2
4156_sip-build.exe,6.029285,6.064655,6.064655,0,1,104,1,2
4155_showtable.exe,6.029285,6.064655,6.064655,0,1,104,1,2
2958_mbidgenerator.exe,6.157504,5.587559,5.587559,0,0,1,1,2
2961_mftrace.exe,6.246136,6.015955,6.313117,0,1,145,1,2
2963_midlc.exe,6.685777,6.530022,6.538604,0,1,144,1,2
1757_PsExec64.exe,6.517424,6.512075,6.512075,0,1,202,1,2
1732_LoadOrd64.exe,6.421182,6.47316,6.47316,0,1,165,1,2
1734_LoadOrdC64.exe,6.418084,6.474109,6.474109,0,1,125,1,2
391_iconv.exe,5.016922,5.917562,5.917562,0,1,51,1,2
2954_makeappx.exe,6.231311,6.126451,6.796843,0,1,138,1,2
366_getopt.exe,5.535754,6.045088,6.045088,0,1,68,1,2
368_gmondump.exe,4.284639,5.521843,5.521843,0,1,30,1,2
378_gpgparsemail.exe,5.547536,6.045278,6.045278,0,1,52,1,2
4153_scrapy.exe,6.029285,6.064655,6.064655,0,1,104,1,2
4152_samp_hub.exe,6.029285,6.064655,6.064655,0,1,104,1,2
4141_qtpy.exe,6.029285,6.064655,6.064655,0,1,104,1,2
4140_qta-install-fonts-all-users.exe,6.029285,6.064655,6.064655,0,1,104,1,2
4139_qta-browser.exe,6.029285,6.064655,6.064655,0,1,104,1,2
4135_pyuic5.exe,6.029285,6.064655,6.064655,0,1,104,1,2
5817_VsGraphicsDesktopEngine.exe,6.225354,6.004453,6.312288,0,1,414,1,2
5815_verclsid.exe,4.985356,5.529157,5.717933,0,1,40,1,2
5812_UserAccountControlSettings.exe,6.55906,6.400841,6.462267,0,1,98,1,2
5810_user.exe,2.061637,2.449442,3.208844,0,0,0,1,2
5809_upnpcont.exe,5.875359,6.118524,6.402355,0,1,103,1,2
5802_TSTheme.exe,6.053617,6.090541,6.643652,0,1,125,1,2
5797_TokenBrokerCookies.exe,6.099354,6.178218,6.178218,0,1,94,1,2
360_funzip.exe,5.698792,6.139064,6.139064,0,1,33,1,2
363_gencat.exe,4.496848,5.86974,5.86974,0,1,31,1,2
4134_pytest.exe,6.029285,6.064655,6.064655,0,1,104,1,2
4132_pyreverse.exe,6.029285,6.064655,6.064655,0,1,104,1,2
4131_pylsp.exe,6.029285,6.064655,6.064655,0,1,104,1,2
4130_pylint.exe,6.029285,6.064655,6.064655,0,1,104,1,2
4129_pylint-config.exe,6.029285,6.064655,6.064655,0,1,104,1,2
4128_pyjson5.exe,6.029285,6.064655,6.064655,0,1,104,1,2
4127_pyhtmlizer.exe,6.029285,6.064655,6.064655,0,1,104,1,2
4126_pygmentize.exe,6.029285,6.064655,6.064655,0,1,104,1,2
1784_RDCMan.exe,5.694801,5.659134,6.194389,0,0,1,1,2
5834_winrs.exe,6.052186,6.108368,6.280808,0,1,113,1,2
5826_wermgr.exe,6.999162,6.477798,7.303311,0,2,247,1,2
2407_VSInitializer.exe,5.538038,5.121833,5.121833,0,0,1,1,2
5823_wecutil.exe,6.106858,6.087275,6.430409,0,1,120,1,2
5821_w32tm.exe,6.314644,6.210844,6.716266,0,1,225,1,2
3212_SQLite Viewer Helper.exe,6.618248,6.442553,6.442553,0,1,369,1,2
1587_LoadOrd64.exe,6.421182,6.47316,6.47316,0,1,165,1,2
1589_LoadOrdC64.exe,6.418084,6.474109,6.474109,0,1,125,1,2
3204_sqlite-v3.26.0-win32-x86.exe,6.566404,6.391185,6.391185,0,1,177,1,2
4721_iexpress.exe,6.349463,6.092651,6.919859,0,1,160,1,2
5846_wusa.exe,7.073197,6.472361,7.363232,0,0,233,0,2
5840_wowreg32.exe,5.298848,5.645657,5.645657,0,1,63,1,2
1552_Contig64.exe,6.190881,6.49655,6.49655,0,1,123,1,2
5158_MigRegDB.exe,2.564585,4.051262,4.063718,0,1,44,1,2
5157_comrepl.exe,2.979688,5.517299,5.517299,0,1,62,1,2
4723_InfDefaultInstall.exe,4.529824,5.754498,5.754498,0,1,88,1,2
4724_InputSwitchToastHandler.exe,4.526467,6.013078,6.013078,0,1,127,1,2
5152_xcopy.exe,4.516504,5.682163,5.682163,0,1,175,1,2
5151_XblGameSaveTask.exe,4.414457,5.949153,5.949153,0,1,98,1,2
4725_iotstartup.exe,5.677656,6.080837,6.080837,0,1,134,1,2
5144_WSReset.exe,5.819818,5.924709,6.52196,0,1,107,1,2
5143_wsqmcons.exe,3.661116,5.599885,5.599885,0,1,62,1,2
5140_wslconfig.exe,4.761834,5.84129,5.84129,0,1,124,1,2
5137_WSCollect.exe,5.569577,5.219173,6.505799,0,1,65,1,2
5134_wpnpinst.exe,3.58684,5.367732,5.367732,0,1,84,1,2
5133_WPDShextAutoplay.exe,4.049824,5.791383,5.791383,0,1,107,1,2
5129_WorkFolders.exe,5.658225,5.942857,5.942857,0,1,111,1,2
2605_MSBuild.exe,6.153626,6.046942,6.046942,0,0,1,1,2
2720_VSInstallerElevationService.exe,6.251646,5.782643,5.782643,0,0,1,1,2
4726_ipconfig.exe,4.411985,6.095928,6.095928,0,1,111,1,2
2723_vs_installer.windows.exe,6.142912,5.280744,5.280744,0,0,1,1,2
4727_iscsicli.exe,4.654105,6.065133,6.065133,0,1,105,1,2
4728_iscsicpl.exe,2.67379,5.571115,5.571115,0,1,50,1,2
5866_IMEWDBLD.EXE,6.036267,6.142374,6.613415,0,1,265,1,2
5865_IMESEARCH.EXE,5.945328,6.25538,6.698598,0,1,211,1,2
5864_IMEPADSV.EXE,5.828268,6.384687,6.686278,0,1,301,1,2
5863_imecfmui.exe,6.179872,6.337002,6.591097,0,1,254,1,2
5861_IMTCPROP.exe,4.251311,6.294153,6.639561,0,1,232,1,2
5859_imjpuexc.exe,6.325966,6.264869,6.663667,0,1,294,1,2
5858_IMJPUEX.EXE,6.179968,6.242433,6.382356,0,1,133,1,2
5857_IMJPSET.EXE,6.27204,6.18396,6.673456,0,1,277,1,2
5856_IMJPDCT.EXE,6.20065,6.384113,6.687509,0,1,374,1,2
2733_VSIXConfigurationUpdater.exe,6.471635,5.689706,5.689706,0,0,1,1,2
2734_VSIXInstaller.exe,5.975319,5.905916,5.905916,0,0,1,1,2
2736_Uninstall.exe,6.055395,6.495259,6.495259,0,1,165,1,2
2740_Uninstall.exe,5.372599,6.448911,6.448911,0,1,165,1,2
2712_csc.exe,6.268635,5.966647,5.966647,0,0,1,1,2
2713_csi.exe,6.768357,5.925477,5.925477,0,0,1,1,2
2714_vbc.exe,6.270868,5.969167,5.969167,0,0,1,1,2
2715_VBCSCompiler.exe,6.235881,6.055981,6.055981,0,0,1,1,2
2716_feedback.exe,6.284136,6.207347,6.207347,0,0,1,1,2
2717_InstallCleanup.exe,6.245848,5.849356,5.849356,0,0,1,1,2
4729_ISM.exe,4.001047,5.607399,5.607399,0,1,77,1,2
4701_getmac.exe,5.172864,5.849295,5.849295,0,1,139,1,2
2606_MSBuildTaskHost.exe,6.188758,6.0487,6.0487,0,0,1,1,2
4702_gpresult.exe,6.003953,6.147094,6.147094,0,1,201,1,2
2588_ServiceHub.TestWindowStoreHost.exe,6.656318,5.226336,5.226336,0,0,1,1,2
2591_ServiceHub.DataWarehouseHost.exe,6.668878,5.261886,5.261886,0,0,1,1,2
2592_ServiceHub.Host.CLR.x86.exe,6.565944,5.268651,5.268651,0,0,1,1,2
2593_ServiceHub.IdentityHost.exe,6.667314,5.260218,5.260218,0,0,1,1,2
2594_ServiceHub.RoslynCodeAnalysisService32.exe,6.649525,5.262039,5.262039,0,0,1,1,2
4703_gpscript.exe,5.258994,6.042479,6.042479,0,1,132,1,2
4704_gpupdate.exe,4.874382,6.007718,6.007718,0,1,122,1,2
4705_grpconv.exe,3.182329,4.561494,4.561494,0,1,87,1,2
2754_vlc.exe,6.495553,6.186174,7.296296,0,3,174,1,2
446_pkcs1-conv.exe,5.26062,5.97129,5.97129,0,1,58,1,2
447_pldd.exe,4.068879,5.107694,5.107694,0,1,30,1,2
2759_makeappx.exe,6.117088,6.357744,6.357744,0,1,139,1,2
448_pluginviewer.exe,4.836823,5.471272,5.471272,0,1,41,1,2
454_psl.exe,4.973302,5.676314,5.676314,0,1,49,1,2
2731_VSHiveStub.exe,6.428273,5.788741,5.788741,0,0,1,1,2
2732_VSIXAutoUpdate.exe,6.10674,5.768084,5.768084,0,0,1,1,2
2595_ServiceHub.SettingsHost.exe,6.669311,5.263244,5.263244,0,0,1,1,2
2596_ServiceHub.ThreadedWaitDialog.exe,6.669826,5.267685,5.267685,0,0,1,1,2
2597_ServiceHub.VSDetouredHost.exe,6.670496,5.264759,5.264759,0,0,1,1,2
5124_wksprt.exe,6.513507,6.255203,7.304441,0,1,319,0,2
5122_winver.exe,2.610141,5.179454,5.179454,0,1,37,1,2
5120_WinRTNetMUAHostServer.exe,3.079063,4.856624,4.856624,0,1,71,1,2
428_newgrp.exe,4.126177,5.308578,5.308578,0,1,41,1,2
4707_hdwwiz.exe,4.230146,3.681824,5.015353,0,1,30,1,2
5113_WindowsUpdateElevatedInstaller.exe,4.535168,5.946742,5.946742,0,1,81,1,2
5872_WinMgmt.exe,6.700819,5.905224,6.851967,0,1,82,1,2
2774_inspect.exe,5.671532,6.053863,6.053863,0,1,243,1,2
2775_mbidgenerator.exe,6.153915,5.587957,5.587957,0,0,1,1,2
2572_AppxDebugSysTray.exe,6.673171,6.267266,6.267266,0,0,1,1,2
2581_Microsoft.XslDebugger.Host.exe,6.274581,5.972632,5.972632,0,0,1,1,2
2583_Microsoft.ServiceHub.Controller.exe,6.164291,6.107756,6.107756,0,0,1,1,2
2584_ServiceHub.Host.CLR.exe,6.551879,5.221507,5.221507,0,0,1,1,2
2585_ServiceHub.LiveUnitTesting.exe,6.660272,5.226776,5.226776,0,0,1,1,2
2586_ServiceHub.RoslynCodeAnalysisService.exe,6.642494,5.223229,5.223229,0,0,1,1,2
2587_ServiceHub.RoslynCodeAnalysisServiceS.exe,6.64312,5.222282,5.222282,0,0,1,1,2
2557_testhost.net462.x86.exe,6.226654,5.624642,5.624642,0,0,1,1,2
2559_testhost.net47.x86.exe,6.223192,5.623684,5.623684,0,0,1,1,2
2561_testhost.net471.x86.exe,6.224455,5.62439,5.62439,0,0,1,1,2
2776_mftrace.exe,6.051908,6.082663,6.082663,0,1,146,1,2
2785_topoedit.exe,5.901497,6.646953,6.646953,0,1,193,1,2
5877_powershell_ise.exe,6.490067,5.888499,6.751597,0,0,1,1,2
2563_testhost.net472.x86.exe,6.221198,5.624305,5.624305,0,0,1,1,2
2565_testhost.net48.x86.exe,6.222045,5.623814,5.623814,0,0,1,1,2
2566_testhost.x86.exe,6.217671,5.61913,5.61913,0,0,1,1,2
2567_vstest.console.exe,5.903014,5.814831,5.814831,0,0,1,1,2
2568_VSTestVideoRecorder.exe,6.1023,5.559025,5.559025,0,0,1,1,2
2540_QTAgent.exe,6.337256,5.585042,5.585042,0,0,1,1,2
2541_QTAgent32.exe,6.341126,5.59214,5.59214,0,0,1,1,2
2542_QTAgent32_35.exe,6.278138,5.342311,5.342311,0,0,1,1,2
2543_QTAgent32_40.exe,6.29787,5.389657,5.389657,0,0,1,1,2
2544_QTAgent_35.exe,6.279296,5.328478,5.328478,0,0,1,1,2
2545_QTAgent_40.exe,6.293294,5.389759,5.389759,0,0,1,1,2
2546_QTDCAgent.exe,6.354382,5.401545,5.401545,0,0,1,1,2
5093_WallpaperHost.exe,3.855678,5.857524,5.857524,0,1,60,1,2
5092_waitfor.exe,4.362288,5.623246,5.623246,0,1,97,1,2
2547_QTDCAgent32.exe,6.361369,5.423284,5.423284,0,0,1,1,2
2548_SettingsMigrator.exe,6.114328,5.3893,5.3893,0,0,1,1,2
2551_testhost.net452.x86.exe,6.22497,5.624917,5.624917,0,0,1,1,2
2553_testhost.net46.x86.exe,6.227874,5.624677,5.624677,0,0,1,1,2
2555_testhost.net461.x86.exe,6.224095,5.625843,5.625843,0,0,1,1,2
2524_testhost.net46.x86.exe,6.228248,5.62493,5.62493,0,0,1,1,2
5101_wextract.exe,6.452121,6.069617,7.133237,0,1,161,1,2
5099_wermgr.exe,6.410739,6.193159,7.24615,0,3,251,1,2
411_mac2unix.exe,5.5712,5.886836,5.886836,0,1,53,1,2
102_docker-pass.exe,6.219003,6.098731,6.098731,0,1,46,1,2
101_docker-offload.exe,6.348761,6.154841,6.154841,0,1,48,1,2
100_docker-model.exe,6.325579,6.093339,6.093339,0,1,46,1,2
99_docker-mcp.exe,6.305107,6.114948,6.114948,0,1,48,1,2
98_docker-init.exe,6.147914,6.078923,6.078923,0,1,45,1,2
97_docker-extension.exe,6.20573,6.093596,6.093596,0,1,47,1,2
96_docker-dhi.exe,6.224531,6.099034,6.099034,0,1,46,1,2
95_docker-desktop.exe,6.230666,6.095253,6.095253,0,1,46,1,2
94_docker-debug.exe,6.230117,6.088048,6.088048,0,1,46,1,2
92_docker-buildx.exe,6.382329,6.128122,6.128122,0,1,48,1,2
91_docker-ai.exe,6.227154,6.103651,6.103651,0,1,46,1,2
90_docker-agent.exe,6.36598,6.148367,6.191545,0,1,106,1,2
393_infocmp.exe,5.586561,6.170835,6.170835,0,1,82,1,2
398_kill.exe,4.658796,5.853715,5.853715,0,1,61,1,2
399_ldd.exe,4.522748,5.70608,5.70608,0,1,59,1,2
402_lessecho.exe,4.466187,5.596508,5.596508,0,1,22,1,2
78_logcollector.exe,6.211785,5.057462,5.815245,0,0,1,1,2
76_InspectorOfficeGadget.exe,6.590381,5.637259,5.637259,0,0,1,1,2
2371_SQLDumper.exe,5.867369,6.335195,6.335195,0,1,266,1,2
422_mpicalc.exe,4.968499,5.555995,5.555995,0,1,50,1,2
425_nettle-hash.exe,5.183437,5.955912,5.955912,0,1,35,1,2
4708_help.exe,2.588214,5.630321,5.630321,0,1,46,1,2
427_nettle-pbkdf2.exe,5.160184,6.023228,6.023228,0,1,36,1,2
105_docker-scout.exe,6.410262,6.13163,6.310933,0,1,48,1,2
104_docker-sbom.exe,6.163012,6.064174,6.064174,0,1,39,1,2
103_docker-sandbox.exe,6.223088,6.091504,6.091504,0,1,46,1,2
2348_Microsoft.Mashup.Container.NetFX45.exe,6.825224,5.575471,5.575471,0,0,1,1,2
4710_HOSTNAME.EXE,2.474704,3.954521,3.954521,0,1,52,1,2
2328_ORGCHART.EXE,6.566913,6.484907,6.819188,0,1,135,1,2
397_kbxutil.exe,6.265431,6.24829,6.24829,0,1,208,0,1
394_infotocap.exe,5.809836,6.154406,6.154406,0,1,116,0,1
395_install.exe,6.220925,6.260158,6.260158,0,1,166,0,1
93_docker-compose.exe,6.266157,6.096315,6.096315,0,1,46,0,1
81_OfficeClickToRun.exe,6.383843,6.38868,6.452767,0,1,755,0,1
82_officesvcmgr.exe,6.42094,6.440989,6.440989,0,1,478,0,1
84_msinfo32.exe,6.153208,5.984253,7.15301,0,1,400,0,1
86_java.exe,6.483749,6.464529,6.464529,0,1,148,0,1
87_javac.exe,6.483749,6.464529,6.464529,0,1,148,0,1
88_javaw.exe,6.484985,6.465224,6.465224,0,1,148,0,1
2368_OSE.EXE,6.708798,6.588336,6.588336,0,1,128,0,1
2372_accicons.exe,3.89833,0.0,3.866305,0,0,0,0,1
2373_dbcicons.exe,5.243081,0.0,3.825153,0,0,0,0,1
2374_grv_icons.exe,4.183008,0.0,3.783965,0,0,0,0,1
415_mkdir.exe,6.118866,6.302647,6.302647,0,1,83,0,1
416_mkfifo.exe,5.685805,6.0927,6.0927,0,1,65,0,1
417_mkgroup.exe,4.728008,5.795542,5.795542,0,1,60,0,1
418_mknod.exe,5.804063,6.090442,6.090442,0,1,68,0,1
419_mkpasswd.exe,4.727506,5.798249,5.798249,0,1,62,0,1
420_mktemp.exe,5.749819,6.091918,6.091918,0,1,79,0,1
421_mount.exe,4.599523,5.734272,5.734272,0,1,44,0,1
423_mv.exe,6.098308,6.163611,6.163611,0,1,153,0,1
424_nano.exe,6.311351,6.249235,6.249235,0,1,210,0,1
2375_joticon.exe,6.352148,0.0,6.269524,0,0,0,0,1
2376_lyncicon.exe,2.714799,0.0,2.47211,0,0,0,0,1
2377_misc.exe,3.617344,0.0,3.467779,0,0,0,0,1
2549_testhost.exe,6.285804,5.638865,5.638865,0,0,0,0,1
2550_testhost.net452.exe,6.296131,5.653762,5.653762,0,0,0,0,1
2552_testhost.net46.exe,6.290906,5.643734,5.643734,0,0,0,0,1
2554_testhost.net461.exe,6.293514,5.652094,5.652094,0,0,0,0,1
2525_testhost.net461.exe,6.292123,5.654783,5.654783,0,0,0,0,1
2527_testhost.net462.exe,6.297383,5.65227,5.65227,0,0,0,0,1
2529_testhost.net47.exe,6.288316,5.643374,5.643374,0,0,0,0,1
2531_testhost.net471.exe,6.295202,5.651477,5.651477,0,0,0,0,1
2533_testhost.net472.exe,6.298123,5.649817,5.649817,0,0,0,0,1
2535_testhost.net48.exe,6.290547,5.642879,5.642879,0,0,0,0,1
2808_filtreg.exe,6.142662,5.836992,5.836992,0,0,32,1,1
2511_xargs.exe,6.209359,6.110831,6.272435,0,2,101,1,1
2512_getprocaddr32.exe,5.783139,6.188112,6.188112,0,10,76,1,1
2513_getprocaddr64.exe,5.254965,6.245103,6.245103,0,9,73,1,1
2514_winpty-agent.exe,5.888814,5.81933,6.146154,0,1,151,0,1
2520_testhost.exe,6.288556,5.641512,5.641512,0,0,0,0,1
2570_ScriptedSandbox32.exe,6.593517,6.472382,6.642027,0,2,324,1,1
2571_ScriptedSandbox64.exe,6.391247,6.455688,6.455688,0,3,330,1,1
5096_wecutil.exe,5.253417,5.966761,5.966761,0,2,124,1,1
5095_wbengine.exe,6.46949,6.443321,6.443321,0,1,415,0,1
2795_cert2spc.exe,6.041092,5.493422,5.493422,0,0,44,1,1
2796_certmgr.exe,5.929307,6.24113,6.24113,0,0,109,1,1
2797_computerhardwareids.exe,5.30653,6.168371,6.168371,0,0,45,1,1
2805_extidgen.exe,6.043009,5.448554,5.448554,0,0,29,1,1
2807_filtdump.exe,5.836693,5.918852,5.918852,0,0,49,1,1
5094_wbadmin.exe,6.247278,6.38913,6.38913,0,1,232,0,1
5091_w32tm.exe,5.80933,6.184224,6.184224,0,2,225,1,1
5087_vssadmin.exe,5.280381,5.950789,5.950789,0,1,141,0,1
5086_VsGraphicsRemoteEngine.exe,5.667313,6.302796,6.302796,0,2,367,1,1
5085_VsGraphicsDesktopEngine.exe,5.784758,6.320173,6.320173,0,2,420,1,1
5084_VoiceAccess.exe,5.970247,6.169874,6.169874,0,1,244,0,1
5083_vmwp.exe,6.292881,6.234994,6.234994,0,2,637,1,1
2560_testhost.net471.exe,6.292162,5.652063,5.652063,0,0,0,0,1
5082_vmsp.exe,5.604373,6.254413,6.254413,0,2,122,1,1
5081_vmplatformca.exe,4.321349,5.849294,5.849294,0,3,78,1,1
5079_vmconnect.exe,5.645385,5.575361,5.906297,0,0,0,0,1
2780_MsiInfo.exe,6.282164,6.858435,6.858435,0,0,87,1,1
2789_AccCheckConsole.exe,5.938892,5.055063,5.055063,0,0,0,0,1
2790_acccheckui.exe,5.992452,5.852334,5.852334,0,0,0,0,1
2791_VisualUIAVerifyNative.exe,5.929521,5.875892,5.875892,0,0,0,0,1
5078_vmcompute.exe,6.293803,6.276287,6.276287,0,4,604,1,1
5077_vfpctrl.exe,5.328891,6.356529,6.356529,0,1,166,0,1
5076_verifiergui.exe,5.498946,5.898002,5.898002,0,1,369,0,1
5075_verifier.exe,5.242392,6.097483,6.097483,0,2,159,1,1
5875_WmiPrvSE.exe,6.558561,6.256414,6.832156,0,1,196,0,1
5874_WMIC.exe,6.516997,6.173909,6.939929,0,1,181,0,1
2562_testhost.net472.exe,6.296479,5.649457,5.649457,0,0,0,0,1
2564_testhost.net48.exe,6.290763,5.646983,5.646983,0,0,0,0,1
2761_microsoft.windows.softwarelogo.taskengine.exe,4.990251,5.127228,5.127228,0,0,0,0,1
2762_rmlogotest.exe,4.527788,5.600668,5.600668,0,0,38,1,1
2763_signtool.exe,6.002965,6.23387,6.23387,0,0,252,1,1
2765_computerhardwareids.exe,4.02726,4.439495,4.439495,0,0,47,1,1
2770_filtdump.exe,4.288924,5.545166,5.545166,0,0,50,1,1
2771_filtreg.exe,3.746485,5.525919,5.525919,0,0,33,1,1
2772_ftquery.exe,5.502418,5.051372,5.051372,0,0,0,0,1
2744_manage_agents.exe,6.448396,6.019776,6.748457,0,2,265,1,1
2745_wazuh-agent.exe,6.473062,6.005218,6.818765,0,2,363,1,1
2746_win32ui.exe,6.431043,6.028035,6.662717,0,2,279,1,1
2747_netsh.exe,6.48322,6.086834,6.596939,0,2,211,1,1
5111_Windows.WARP.JITService.exe,4.775032,6.026353,6.026353,0,2,102,1,1
2576_msvsmon.exe,6.266035,6.317213,6.62166,0,1,301,0,1
2580_vcpkgsrv.exe,6.658148,6.645393,6.645393,0,0,593,1,1
2556_testhost.net462.exe,6.293008,5.650172,5.650172,0,0,0,0,1
2558_testhost.net47.exe,6.294884,5.645552,5.645552,0,0,0,0,1
2589_ServiceHub.DataWarehouseHost.exe,6.766839,5.212239,5.212239,0,0,0,0,1
2590_ServiceHub.Host.CLR.x64.exe,6.66307,5.220912,5.220912,0,0,0,0,1
2748_restart-wazuh.exe,6.481251,6.093468,6.454044,0,2,212,1,1
2749_route-null.exe,6.473645,6.084185,6.494918,0,2,213,1,1
2751_unins000.exe,6.476191,0.0,6.58545,0,3,425,1,1
2755_MpCmdRun.exe,6.529718,6.698345,6.734503,0,1,348,0,1
2757_appcert.exe,5.845198,5.317443,5.317443,0,0,0,0,1
2598_ServiceHub.Host.Node.x86.exe,6.731384,6.589153,6.627996,0,0,363,1,1
5125_wlanext.exe,5.581969,6.205088,6.205088,0,2,119,1,1
5123_wkspbroker.exe,6.046371,6.233573,6.233573,0,3,262,1,1
5121_WinSAT.exe,6.413915,6.438917,7.404272,0,2,444,0,1
5119_winrshost.exe,3.551266,5.755661,5.755661,0,2,74,1,1
5118_winrs.exe,4.39092,5.918401,5.918401,0,2,115,1,1
5112_WindowsActionDialog.exe,4.843664,5.745128,5.745128,0,2,122,1,1
5873_WMIADAP.exe,6.219066,6.122156,6.590897,0,1,169,0,1
2760_microsoft.windows.softwarelogo.appxlauncher.exe,4.505693,5.257993,5.257993,0,0,34,1,1
5130_wowreg32.exe,2.987729,4.761699,4.761699,0,2,64,1,1
5128_WMPDMC.exe,6.543192,6.32322,7.013027,0,2,589,1,1
5127_wlrmdr.exe,5.534049,6.092422,6.092422,0,3,172,1,1
2726_dump64.exe,6.638723,6.229377,6.229377,0,0,0,0,1
2727_dump64a.exe,6.629925,6.265963,6.265963,0,0,0,0,1
2735_maintenanceservice.exe,6.465997,6.500241,6.500241,0,2,175,1,1
2741_python.exe,6.256028,5.882404,6.088585,0,0,35,1,1
2742_pythonw.exe,6.27006,5.882404,6.086424,0,0,35,1,1
2743_agent-auth.exe,6.448497,6.020994,6.726072,0,2,265,1,1
2607_Tracker.exe,6.614847,6.510904,6.510904,0,2,101,1,1
2608_MSBuild.exe,6.158982,6.046391,6.046391,0,0,0,0,1
1508_pythonservice.exe,5.088962,5.996893,5.996893,0,0,88,1,1
1513_putty.exe,6.484516,6.447241,6.447241,0,3,346,1,1
1514_puttygen.exe,6.505741,6.483682,6.483682,0,3,186,1,1
1516_ScreenToGif.exe,6.711828,6.450695,6.479417,0,3,455,1,1
1517_Seagull_DriverStartup.exe,6.265495,6.430585,6.430585,0,1,133,0,1
1544_autorunsc64.exe,6.188524,6.392247,6.392247,0,1,249,0,1
1546_Bginfo64.exe,6.326739,6.4047,6.4047,0,1,712,0,1
1548_Cacheset64.exe,6.466016,6.496676,6.496676,0,1,143,0,1
1518_DriverEnvironmentSetup.exe,6.408117,6.412894,6.412894,0,1,123,0,1
1519_Seagull_DriverStartup.exe,6.265495,6.430585,6.430585,0,1,133,0,1
1521_ssdal.exe,6.35813,6.418567,6.418567,0,1,118,0,1
1525_ffmpeg.exe,6.004593,5.897781,6.41142,0,3,310,1,1
1531_accesschk64.exe,5.720961,6.491797,6.491797,0,1,198,0,1
1532_AccessEnum.exe,6.48926,6.636578,6.636578,0,0,232,1,1
5142_wsmprovhost.exe,4.233235,5.376073,5.376073,0,2,75,1,1
5141_WSManHTTPConfig.exe,4.040788,5.408928,5.408928,0,1,84,0,1
5139_wsl.exe,5.821893,6.016889,6.024323,0,1,201,0,1
5138_wscript.exe,5.481489,6.004863,6.004863,0,1,218,0,1
5136_wscadminui.exe,1.780267,3.378426,3.378426,0,2,23,1,1
5135_wpr.exe,6.034915,6.225427,6.225427,0,1,248,0,1
5132_WpcTok.exe,5.69752,6.130669,6.130669,0,2,193,1,1
5164_dbInstaller.exe,6.522172,6.466432,6.466432,0,1,150,0,1
1551_Contig.exe,6.355472,6.644239,6.644239,0,0,115,1,1
1554_Coreinfo64.exe,3.807068,6.505888,6.505888,0,1,131,0,1
1558_Dbgview.exe,6.654026,6.615581,6.779998,0,0,323,1,1
1559_dbgview64.exe,6.458544,6.487988,6.487988,0,0,325,1,1
1561_Desktops64.exe,6.174137,6.498402,6.498402,0,1,178,0,1
1563_disk2vhd64.exe,2.197619,6.43216,6.43216,0,1,233,0,1
5154_AppVStreamingUX.exe,6.892972,6.689878,7.107993,0,0,0,0,1
5153_xwizard.exe,5.038846,5.772432,5.825214,0,1,106,0,1
5148_WUDFHost.exe,6.079492,6.12078,6.12078,0,2,178,1,1
5147_WUDFCompanionHost.exe,5.785461,6.060219,6.060219,0,3,194,1,1
5146_wuauclt.exe,6.239578,6.293003,6.293003,0,1,127,0,1
1534_ADExplorer64.exe,5.969041,6.426801,6.426801,0,1,329,0,1
1535_ADInsight.exe,6.172933,6.554464,6.721256,0,0,332,1,1
1536_ADInsight64.exe,6.079807,6.422094,6.422094,0,0,334,1,1
1542_Autoruns64.exe,5.912809,6.419555,6.419555,0,1,495,0,1
5838_wlanext.exe,6.46761,6.388013,6.734478,0,1,116,0,1
5835_winrshost.exe,5.676065,5.910548,6.168517,0,1,72,0,1
1779_psshutdown64.exe,6.559481,6.543832,6.637254,0,1,161,0,1
1569_DiskView64.exe,6.402675,6.464577,6.464577,0,0,246,1,1
1576_handle64.exe,6.295681,6.517183,6.517183,0,1,148,0,1
5175_GfxDownloadWrapper.exe,6.797627,5.23418,6.215516,0,0,0,0,1
5174_igfxSDK.exe,6.115889,6.30522,6.30522,0,1,241,0,1
5173_igfxextN.exe,6.493147,6.439937,6.439937,0,1,135,0,1
5172_igfxEMN.exe,6.563474,6.430395,6.430395,0,1,305,0,1
5171_igfxCUIServiceN.exe,6.464206,6.466407,6.466407,0,1,210,0,1
5170_GfxDownloadWrapper.exe,6.772326,5.233518,6.215461,0,0,0,0,1
5169_igfxSDK.exe,6.061648,6.306336,6.306336,0,1,242,0,1
5168_igfxextN.exe,6.275386,6.384654,6.384654,0,1,136,0,1
5167_igfxEMN.exe,6.480938,6.406436,6.406436,0,1,307,0,1
5166_igfxCUIServiceN.exe,6.295505,6.438899,6.438899,0,1,211,0,1
5165_GfxDownloadWrapper.exe,6.542304,5.235909,6.215439,0,0,0,0,1
1596_notmyfaultc.exe,6.051416,5.859151,6.019488,0,1,159,0,1
3207_inject_dll_x86.exe,6.595279,6.642634,6.642634,0,1,87,0,1
3206_inject_dll_amd64.exe,6.337224,6.455072,6.455072,0,1,92,0,1
3205_docker-language-server-windows-amd64.exe,6.879979,6.111677,7.998829,0,9,46,0,1
1567_Diskmon64.exe,6.436603,6.490802,6.490802,0,1,259,0,1
1568_DiskView.exe,6.554824,6.604423,6.655532,0,0,252,1,1
5854_DismHost.exe,6.296109,6.079178,6.6119,0,1,167,0,1
1796_sigcheck64.exe,6.273401,6.466725,6.466725,0,1,212,0,1
1800_strings64.exe,6.426147,6.477169,6.477169,0,1,131,0,1
1806_tcpvcon64.exe,6.325672,6.501607,6.501607,0,1,142,0,1
2709_MSBuildTaskHost.exe,6.450087,6.095855,6.339682,0,0,0,0,1
2710_Tracker.exe,6.269518,6.474892,6.474892,0,2,109,1,1
5849_XtuService.exe,6.998064,5.383551,5.383551,0,0,0,0,1
5847_WWAHost.exe,6.615321,6.532713,6.774286,0,1,217,0,1
5845_wsmprovhost.exe,5.872889,5.933985,5.947391,0,1,72,0,1
5842_wscadminui.exe,4.460604,5.39391,5.39391,0,1,27,0,1
1781_pssuspend64.exe,6.353779,6.541865,6.541865,0,1,142,0,1
1783_RAMMap64.exe,6.304068,6.462138,6.462138,0,1,254,0,1
1791_sdelete64.exe,6.245072,6.498917,6.498917,0,1,126,0,1
1793_ShareEnum64.exe,6.395861,6.483508,6.483508,0,1,252,0,1
5833_Windows.WARP.JITService.exe,6.15992,6.201794,6.413555,0,1,99,0,1
5828_wextract.exe,7.06148,6.348331,7.155621,0,0,159,0,1
5827_wevtutil.exe,6.463186,6.367146,6.76847,0,1,192,0,1
1763_PsInfo64.exe,6.315416,6.536466,6.536466,0,1,159,0,1
1765_pskill64.exe,6.351498,6.53557,6.53557,0,1,142,0,1
1767_pslist64.exe,6.313039,6.500744,6.500744,0,1,126,0,1
3902_qmake.exe,6.399099,6.329836,6.329836,0,1,149,0,1
3892_qcollectiongenerator.exe,6.537001,5.915165,5.915165,0,0,47,1,1
3211_pet.exe,6.251635,6.235807,6.438428,0,1,136,0,1
1586_LoadOrd.exe,6.58483,6.603527,6.696075,0,0,161,1,1
1588_LoadOrdC.exe,6.581976,6.603904,6.603904,0,0,121,1,1
1595_notmyfault64.exe,6.580074,6.518975,6.871659,0,1,174,0,1
1606_procdump64.exe,6.185578,6.452031,6.452031,0,1,182,0,1
1771_psloglist64.exe,6.427668,6.524948,6.524948,0,1,143,0,1
1773_pspasswd64.exe,6.356791,6.543006,6.543006,0,1,123,0,1
1775_psping64.exe,6.079777,6.35114,6.35114,0,1,167,0,1
1777_PsService64.exe,6.280814,6.525759,6.525759,0,1,132,0,1
5818_VsGraphicsRemoteEngine.exe,6.238193,5.948651,6.29845,0,1,360,0,1
5814_Utilman.exe,5.95154,5.842761,6.722797,0,2,233,1,1
5813_userinit.exe,6.314207,6.290211,6.547599,0,1,144,0,1
5811_UserAccountBroker.exe,6.652182,6.221816,6.221816,0,1,105,0,1
5800_tracerpt.exe,6.315649,6.286206,6.762528,0,0,252,1,1
357_find.exe,5.795824,6.270639,6.270639,0,1,153,0,1
358_fmt.exe,5.854638,6.194756,6.194756,0,1,67,0,1
359_fold.exe,5.695353,6.013106,6.013106,0,1,67,0,1
361_gawk-5.3.2.exe,6.404333,6.333753,6.333753,0,1,290,0,1
362_gawk.exe,6.404333,6.333753,6.333753,0,1,290,0,1
3914_qmltestrunner.exe,6.539254,5.84319,5.84319,0,0,41,1,1
389_hostid.exe,5.613704,6.070666,6.070666,0,1,59,0,1
2956_makecert.exe,6.240252,6.282494,6.692498,0,0,118,1,1
364_getconf.exe,4.402358,5.259807,5.259807,0,1,28,0,1
365_getfacl.exe,4.30653,5.337713,5.337713,0,1,34,0,1
367_gkill.exe,5.704259,6.082069,6.082069,0,1,65,0,1
369_gpg-agent.exe,6.347921,6.224941,6.224941,0,1,388,0,1
370_gpg-card.exe,6.293995,6.230702,6.230702,0,1,279,0,1
371_gpg-connect-agent.exe,6.082881,6.149986,6.149986,0,1,225,0,1
372_gpg-error.exe,5.350413,5.722506,5.722506,0,1,52,0,1
373_gpg-mail-tube.exe,6.133165,6.221282,6.221282,0,1,174,0,1
374_gpg-wks-client.exe,6.292513,6.219506,6.219506,0,1,227,0,1
375_gpg-wks-server.exe,6.282993,6.229458,6.229458,0,1,196,0,1
376_gpg.exe,6.439555,6.276089,6.276089,0,1,460,0,1
377_gpgconf.exe,6.124606,6.185055,6.185055,0,1,191,0,1
379_gpgscm.exe,5.791614,6.072522,6.072522,0,1,193,0,1
1604_portmon.exe,6.449905,6.573846,6.573846,0,0,291,1,1
5787_takeown.exe,6.153025,6.166748,6.647129,0,1,116,0,1
1749_portmon.exe,6.449905,6.573846,6.573846,0,0,291,1,1
1751_procdump64.exe,6.185578,6.452031,6.452031,0,1,182,0,1
1753_procexp64.exe,5.998615,6.428131,6.428131,0,1,682,0,1
1755_Procmon64.exe,5.410687,6.455993,6.455993,0,1,548,0,1
1756_PsExec.exe,6.70692,6.646546,6.646546,0,0,181,1,1
1759_psfile64.exe,6.390217,6.547365,6.547365,0,1,107,0,1
1761_PsGetsid64.exe,6.36279,6.536574,6.536574,0,1,154,0,1
1731_LoadOrd.exe,6.58483,6.603527,6.696075,0,0,161,1,1
1733_LoadOrdC.exe,6.581976,6.603904,6.603904,0,0,121,1,1
1740_notmyfault64.exe,6.580074,6.518975,6.871659,0,1,174,0,1
1741_notmyfaultc.exe,6.051416,5.859151,6.019488,0,1,159,0,1
385_groups.exe,5.669313,6.028929,6.028929,0,1,66,0,1
386_gzip.exe,6.416002,6.351338,6.597781,0,1,88,0,1
387_head.exe,5.743862,6.055139,6.055139,0,1,69,0,1
388_hmac256.exe,5.287019,6.024691,6.024691,0,1,28,0,1
5477_Microsoft.AAD.BrokerPlugin.exe,6.154885,6.017275,6.017275,0,1,184,0,1
5476_powershell_ise.exe,6.498619,5.885788,6.751597,0,0,0,0,1
5475_powershell.exe,5.361462,5.816285,5.816285,0,1,133,0,1
5474_FaceFodUninstaller.exe,5.989544,6.247042,6.247042,0,1,252,0,1
5472_WMIC.exe,6.203642,6.083555,6.907462,0,2,183,1,1
5471_WmiApSrv.exe,5.630168,5.983914,5.983914,0,2,151,1,1
1714_DiskView64.exe,6.402675,6.464577,6.464577,0,0,246,1,1
1721_handle64.exe,6.295681,6.517183,6.517183,0,1,148,0,1
2959_mc.exe,6.398739,6.431915,6.709334,0,0,170,1,1
2968_MsiInfo.exe,6.703719,6.65075,6.65075,0,0,86,1,1
380_gpgsm.exe,6.363399,6.23654,6.23654,0,1,501,0,1
381_gpgsplit.exe,5.902162,6.130359,6.130359,0,1,136,0,1
382_gpgtar.exe,6.110949,6.179013,6.179013,0,1,181,0,1
383_gpgv.exe,6.413515,6.292782,6.292782,0,1,347,0,1
384_grep.exe,6.273392,6.255622,6.255622,0,1,126,0,1
5795_ThumbnailExtractionHost.exe,6.212594,6.242718,6.305202,0,1,108,0,1
5489_AssignedAccessLockApp.exe,6.235981,6.074214,6.074214,0,1,204,0,1
5488_AppResolverUX.exe,6.236983,6.070659,6.070659,0,2,232,1,1
5487_CHXSmartScreen.exe,6.181397,6.058953,6.058953,0,1,181,0,1
5486_AddSuggestedFoldersToLibraryDialog.exe,6.280224,6.138583,6.138583,0,1,218,0,1
5485_Win32WebViewHost.exe,5.485494,6.044726,6.044726,0,1,131,0,1
5484_LockApp.exe,6.35984,6.235031,6.449586,0,1,271,0,1
5483_Microsoft.ECApp.exe,6.304932,6.161833,6.161833,0,1,251,0,1
5482_CredDialogHost.exe,6.135623,5.950351,5.950351,0,1,183,0,1
5481_BioEnrollmentHost.exe,6.12842,6.0854,6.0854,0,1,213,0,1
5480_Microsoft.AsyncTextService.exe,6.003523,5.998787,5.998787,0,1,171,0,1
2980_signtool.exe,6.254884,6.342873,6.63066,0,0,248,1,1
2984_tracefmt.exe,5.881369,5.487722,6.035917,0,1,175,0,1
2986_tracepdb.exe,6.64312,6.42259,6.42259,0,0,97,1,1
2987_traceview.exe,6.169246,5.962663,6.453495,0,1,846,0,1
2988_tracewpp.exe,6.648279,6.544923,6.617242,0,0,111,1,1
5478_AccountsControlHost.exe,6.111367,5.997501,5.997501,0,1,200,0,1
3320_pythonservice.exe,6.359798,5.997837,5.997837,0,0,88,1,1
2993_vssagent.exe,6.135206,5.89065,6.767779,0,0,230,1,1
5470_WMIADAP.exe,5.516701,5.975494,5.975494,0,2,172,1,1
5469_WinMgmt.exe,5.577105,5.818738,6.778607,0,2,84,1,1
5468_wbemtest.exe,6.155825,5.948426,6.796689,0,1,172,0,1
5467_unsecapp.exe,4.27831,5.367728,5.367728,0,2,123,1,1
5465_mofcomp.exe,3.923237,5.684238,5.684238,0,1,87,0,1
5464_sysprep.exe,6.118242,6.125423,6.125423,0,1,309,0,1
5463_PrintBrmEngine.exe,5.835207,6.201069,6.201069,0,1,294,0,1
5461_SpeechRuntime.exe,5.89361,6.122331,6.122331,0,2,253,1,1
5460_SpeechModelDownload.exe,5.55218,6.133006,6.133006,0,1,186,0,1
5459_SpeechUXWiz.exe,6.756745,5.990119,7.187389,0,1,394,0,1
5458_SecurityHealthHost.exe,5.629274,6.060949,6.060949,0,1,130,0,1
5457_ruximih.exe,5.926455,6.347775,6.347775,0,2,210,1,1
5456_ruximics.exe,5.92569,6.315137,6.315137,0,2,226,1,1
5455_PerceptionSimulationService.exe,5.842448,6.114829,6.114829,0,1,195,0,1
5492_FilePicker.exe,6.267299,6.105912,6.105912,0,1,257,0,1
5491_FileExplorer.exe,6.26772,6.007269,6.201161,0,1,277,0,1
2500_ssh-add.exe,5.461816,6.064115,6.630113,0,2,328,1,1
2501_ssh-agent.exe,5.408486,6.005776,6.742539,0,2,346,1,1
2502_ssh.exe,5.990878,5.977427,6.757902,0,2,456,1,1
1708_disk2vhd64.exe,2.197619,6.43216,6.43216,0,1,233,0,1
1712_Diskmon64.exe,6.436603,6.490802,6.490802,0,1,259,0,1
1713_DiskView.exe,6.554824,6.604423,6.655532,0,0,252,1,1
5445_SetupPlatform.exe,5.81594,5.865536,5.865536,0,2,189,1,1
3011_Conduit.Broker.Host.exe,5.862832,6.308614,6.308614,0,2,164,1,1
3012_TE.exe,6.100411,6.308742,6.308742,0,1,213,0,1
3014_TE.ProcessHost.exe,6.227727,6.220064,6.220064,0,1,51,0,1
3015_TE.ProcessHost.UAP.exe,6.180443,6.008658,6.008658,0,1,51,0,1
3016_Conduit.Broker.Host.exe,5.862832,6.308614,6.308614,0,2,164,1,1
3017_TE.exe,6.100411,6.308742,6.308742,0,1,213,0,1
3018_TE.ProcessHost.exe,6.227727,6.220064,6.220064,0,1,51,0,1
3340_conda2solv.exe,6.54676,5.676361,5.676361,0,0,66,1,1
3347_dumpsolv.exe,6.608892,6.099786,6.099786,0,0,74,1,1
5530_CameraBarcodeScannerPreview.exe,6.104419,6.066321,6.066321,0,1,183,0,1
5528_ShellExperienceHost.exe,6.275611,6.178385,6.178385,0,2,241,1,1
5526_WpcUapApp.exe,6.21854,6.054841,6.054841,0,1,208,0,1
5514_VisualAssistExe.exe,5.872108,6.39753,6.39753,0,1,79,0,1
3327_ahost.exe,5.124103,5.961602,5.961602,0,0,62,1,1
3336_bzip2recover.exe,6.638676,6.047691,6.047691,0,0,54,1,1
5501_XGpuEjectDialog.exe,6.098838,5.960242,5.960242,0,1,133,0,1
5500_StartMenuExperienceHost.exe,6.141517,5.975344,5.975344,0,1,174,0,1
5498_PrintQueueActionCenter.exe,6.362731,6.236417,6.236417,0,1,186,0,1
5497_PinningConfirmationDialog.exe,6.154137,6.14327,6.14327,0,1,198,0,1
5496_PeopleExperienceHost.exe,6.233809,6.124526,6.124526,0,1,221,0,1
5495_OOBENetworkConnectionFlow.exe,6.11469,6.043322,6.043322,0,1,198,0,1
5494_OOBENetworkCaptivePortal.exe,6.275917,6.166351,6.166351,0,1,252,0,1
5493_NarratorQuickStart.exe,6.224604,6.078977,6.078977,0,1,210,0,1
5554_charmap.exe,6.853939,6.400993,6.964063,0,0,288,1,1
5553_certutil.exe,6.491322,6.430706,6.791062,0,1,742,0,1
5552_certreq.exe,6.495375,6.409457,6.767182,0,1,417,0,1
5442_Setup.exe,5.930467,6.15608,6.15608,0,1,346,0,1
5440_msoobe.exe,5.814876,6.186684,6.186684,0,1,225,0,1
5439_FirstLogonAnim.exe,4.182797,4.897027,4.897027,0,2,38,1,1
2484_lsattr.exe,5.818282,5.239188,6.015979,0,10,40,1,1
2490_profiler.exe,5.976145,6.049914,6.114101,0,10,104,1,1
5437_audit.exe,4.845255,5.95927,5.95927,0,2,156,1,1
5433_copilot_setup.exe,6.135271,5.697162,5.697162,0,0,38,1,1
5427_ChtIME.exe,5.746267,6.068662,6.068662,0,1,150,0,1
5426_ChsIME.exe,3.139429,6.115974,6.115974,0,1,182,0,1
5425_IMEWDBLD.EXE,5.800281,6.114958,6.114958,0,2,269,1,1
5424_IMESEARCH.EXE,5.498032,6.102293,6.102293,0,2,215,1,1
5423_IMEPADSV.EXE,5.587534,6.158369,6.158369,0,2,306,1,1
5550_CameraSettingsUIHost.exe,6.577155,5.900048,5.900048,0,1,87,0,1
5411_XtuService.exe,6.998064,5.383551,5.383551,0,0,0,0,1
3373_h5delete.exe,6.630775,5.721189,5.721189,0,0,48,1,1
3383_h5repart.exe,6.600449,5.949769,5.949769,0,0,74,1,1
4981_SndVol.exe,5.710167,6.036317,6.036317,0,3,374,1,1
4980_smss.exe,5.754173,6.146667,6.146667,0,1,217,0,1
4979_smartscreen.exe,6.161783,6.236746,6.236746,0,2,258,1,1
4978_slui.exe,6.552857,6.376375,6.494592,0,1,195,0,1
4977_SlideToShutDown.exe,3.92241,3.90054,3.90054,0,2,31,1,1
4976_sihost.exe,5.288387,5.964036,5.964036,0,2,142,1,1
4975_SIHClient.exe,6.206545,6.352078,6.352078,0,1,215,0,1
5575_CredentialUIBroker.exe,6.677165,6.476794,6.578685,0,2,182,1,1
5571_compact.exe,6.265473,6.311253,6.641605,0,0,111,1,1
3366_grpc_python_plugin.exe,6.639085,5.889257,5.889257,0,0,49,1,1
3368_gss-client.exe,5.283332,5.624143,5.624143,0,0,97,1,1
3369_gss-server.exe,5.271764,5.646549,5.646549,0,0,99,1,1
5555_CheckNetIsolation.exe,5.854911,5.941217,6.546923,0,1,100,0,1
4985_spaceman.exe,5.341416,5.92038,5.92038,0,2,112,1,1
2476_find.exe,6.473566,6.258959,6.522169,0,2,177,1,1
2477_gencat.exe,5.850693,5.883274,6.043359,0,10,35,1,1
2478_getfacl.exe,5.828934,5.491998,6.014041,0,10,41,1,1
2480_gmondump.exe,5.837071,5.604009,6.006595,0,10,36,1,1
5422_imecfmui.exe,5.846512,6.210516,6.210516,0,2,259,1,1
5421_ImeBroker.exe,6.08409,6.234332,6.234332,0,2,285,1,1
5420_IMCCPHR.exe,5.664001,6.118089,6.118089,0,1,259,0,1
5419_IMTCPROP.exe,4.291461,6.076088,6.076088,0,2,236,1,1
5418_IMTCLNWZ.EXE,5.454009,5.956359,5.956359,0,1,185,0,1
5417_imjpuexc.exe,6.0066,6.1939,6.1939,0,2,298,1,1
5416_IMJPUEX.EXE,5.397321,5.863086,5.863086,0,2,136,1,1
5415_IMJPSET.EXE,5.646611,6.031991,6.031991,0,2,281,1,1
5414_IMJPDCT.EXE,5.877006,6.146445,6.146445,0,2,382,1,1
5413_HealthAttestationClientAgent.exe,6.133376,6.171483,6.171483,0,2,244,1,1
5412_IEChooser.exe,5.486776,5.957298,5.957298,0,1,314,0,1
3407_linkicc.exe,6.471801,6.529275,6.529275,0,1,82,0,1
3415_lzmainfo.exe,6.472151,6.09265,6.09265,0,0,61,1,1
3391_installcheck.exe,6.648801,6.042619,6.042619,0,0,76,1,1
3392_jpegtran.exe,6.623609,6.340806,6.340806,0,0,76,1,1
3394_kcpytkt.exe,4.871778,5.771158,5.771158,0,0,63,1,1
3395_kdeltkt.exe,4.82274,5.728993,5.728993,0,0,63,1,1
3396_kdestroy.exe,4.670213,5.519186,5.519186,0,0,60,1,1
3398_kinit.exe,5.151471,5.41144,5.41144,0,0,112,1,1
3399_klist.exe,5.274129,5.605098,5.605098,0,0,97,1,1
3400_kpasswd.exe,4.705816,5.777616,5.777616,0,0,64,1,1
3401_kswitch.exe,4.543193,5.653612,5.653612,0,0,54,1,1
4997_svchost.exe,4.872684,5.830277,5.830277,0,2,140,1,1
4994_stordiag.exe,5.678656,6.202472,6.202472,0,2,178,1,1
4992_srdelayed.exe,3.397651,5.728191,5.728191,0,0,40,1,1
4987_SpatialAudioLicenseSrv.exe,5.836806,6.164739,6.164739,0,3,136,1,1
4986_spaceutil.exe,6.000664,6.290373,6.290373,0,3,151,1,1
5408_SynUWPEnh.exe,4.957839,6.41275,6.41275,0,1,464,0,1
5407_SynTPEnhService.exe,6.272901,6.403118,6.403118,0,1,219,0,1
2452_psl.exe,6.167562,6.189227,6.308195,0,2,87,1,1
2453_scalar.exe,6.072652,6.193921,6.799754,0,12,386,1,1
2454_edit-git-bash.exe,5.459691,5.845702,5.937493,0,12,42,1,1
2455_git-wrapper.exe,6.290101,5.932399,5.932399,0,2,88,1,1
2461_chattr.exe,5.84445,5.635597,5.981129,0,10,40,1,1
2466_cygwin-console-helper.exe,5.797709,6.220771,6.220771,0,10,63,1,1
2436_brotli.exe,6.187431,6.096408,6.240711,0,2,92,1,1
2437_git-askpass.exe,6.005306,6.148305,6.148305,0,2,62,1,1
2438_git-askyesno.exe,5.315872,5.870427,5.870427,0,2,41,1,1
2439_git-credential-helper-selector.exe,6.019655,6.146462,6.237725,0,2,113,1,1
2441_git-credential-wincred.exe,6.609308,6.220332,6.220332,0,2,72,1,1
5002_SynTPEnhService.exe,6.27356,6.404501,6.404501,0,1,219,0,1
5001_SynTPEnh.exe,4.957849,6.41275,6.41275,0,1,464,0,1
3402_kvno.exe,4.881035,5.497024,5.497024,0,0,97,1,1
1924_AdobeARM_UCB.exe,6.095919,6.600506,6.651612,0,1,494,0,1
1926_TabTip32.exe,6.39558,5.627153,5.966087,0,2,41,1,1
1928_msinfo32.exe,6.630579,6.145156,7.213832,0,0,394,0,1
1931_unins000.exe,6.491997,0.0,6.600892,0,3,425,1,1
1932_Wondershare Helper Compact.exe,0.0,0.0,0.0,0,0,0,0,1
1936_unins000.exe,6.492166,0.0,6.60264,0,3,425,1,1
3418_mergesolv.exe,6.551435,5.622874,5.622874,0,0,70,1,1
1910_RdrCEF.exe,6.313117,6.653955,6.653955,0,1,269,0,1
1912_adb.exe,6.721583,6.50978,7.982125,0,2,391,0,1
1920_mDNSResponder.exe,6.710805,6.58018,6.58018,0,0,168,1,1
1921_AdobeARM.exe,6.095919,6.600506,6.651612,0,1,494,0,1
5014_SystemSettingsRemoveDevice.exe,4.985777,5.912173,5.912173,0,2,87,1,1
5013_SystemSettingsBroker.exe,5.689377,5.947328,5.947328,0,3,128,1,1
5012_SystemSettingsAdminFlows.exe,6.195791,6.205048,6.205048,0,3,497,1,1
5410_SynTPEnhService.exe,6.272901,6.403118,6.403118,0,1,219,0,1
5409_SynTPEnhService.exe,6.27356,6.404501,6.404501,0,1,219,0,1
5021_taskhostw.exe,5.418094,5.796363,5.796363,0,2,123,1,1
5020_tar.exe,5.097895,5.727297,5.727297,0,1,203,0,1
5018_takeown.exe,4.854983,6.008799,6.008799,0,2,118,1,1
2442_git-http-fetch.exe,6.449658,6.189202,6.798393,0,2,391,1,1
2443_git-http-push.exe,6.445275,6.185415,6.797721,0,2,399,1,1
2444_git-receive-pack.exe,6.290101,5.932399,5.932399,0,2,88,1,1
2445_git-remote-http.exe,6.290101,5.932399,5.932399,0,2,88,1,1
2446_git-remote-https.exe,6.440699,6.181913,6.797785,0,2,391,1,1
2447_git-sh-i18n--envsubst.exe,6.45346,6.190675,6.798266,0,2,386,1,1
2448_git-upload-pack.exe,6.290101,5.932399,5.932399,0,2,88,1,1
2449_git.exe,6.46135,6.164064,6.800279,0,2,408,1,1
2450_headless-git.exe,6.20668,5.772222,5.772222,0,2,52,1,1
2451_proxy-lookup.exe,6.080673,6.179644,6.179644,0,2,58,1,1
5017_tabcal.exe,4.756436,5.937821,5.937821,0,2,160,1,1
5015_SystemUWPLauncher.exe,5.168368,5.897595,5.897595,0,2,127,1,1
1922_AdobeARMHelper.exe,6.445234,6.598335,6.610108,0,1,330,0,1
1941_dirmngr.exe,6.397438,6.163826,6.163826,0,2,573,1,1
1942_dirmngr_ldap.exe,6.423952,6.27358,6.27358,0,2,215,1,1
1943_gpg-agent.exe,6.377007,6.056324,6.056324,0,2,442,1,1
1944_gpg-card.exe,6.382202,6.107827,6.107827,0,2,304,1,1
1945_gpg-check-pattern.exe,6.468265,6.231096,6.391876,0,2,202,1,1
1946_gpg-connect-agent.exe,6.400795,6.141998,6.141998,0,2,248,1,1
1947_gpg-preset-passphrase.exe,6.502262,6.199868,6.199868,0,2,184,1,1
1948_gpg-wks-client.exe,6.427646,6.167957,6.167957,0,2,265,1,1
1949_gpg.exe,6.407003,6.099028,6.099028,0,2,486,1,1
1950_gpgconf.exe,6.38432,6.153257,6.153257,0,2,229,1,1
1951_gpgme-w32spawn.exe,6.562583,6.209563,6.209563,0,2,73,1,1
1952_gpgsm.exe,6.377485,6.055557,6.055557,0,2,534,1,1
1953_gpgtar.exe,6.419472,6.20387,6.20387,0,2,222,1,1
1954_gpgv.exe,6.403871,6.158732,6.158732,0,2,402,1,1
5029_TieringEngineService.exe,6.11766,6.295151,6.295151,0,2,249,1,1
5028_ThumbnailExtractionHost.exe,4.757908,5.735606,5.735606,0,2,110,1,1
1982_madHcCtrl.exe,6.438347,6.356436,6.733983,0,2,717,1,1
1985_mediainfo.exe,6.131419,0.0,6.566778,0,3,458,1,1
1955_keyboxd.exe,6.420729,6.136561,6.136561,0,2,366,1,1
1956_pinentry-basic.exe,6.202373,6.144597,6.144597,0,2,115,1,1
1957_scdaemon.exe,6.36965,6.078133,6.078133,0,2,395,1,1
1961_gpg-error.exe,6.545969,6.20906,6.20906,0,2,84,1,1
1962_gpgme-json.exe,6.511429,6.057351,6.057351,0,2,150,1,1
1963_gpgme-w32spawn.exe,6.562038,6.206416,6.206416,0,2,73,1,1
1964_gpgolconfig.exe,5.623945,6.095904,6.112964,0,2,384,1,1
1965_gpgolkeyadder.exe,5.383308,6.163437,6.163437,0,2,347,1,1
1966_kleopatra.exe,6.369359,6.245672,6.245672,0,2,3437,1,1
1967_md5sum.exe,6.166259,6.254219,6.254219,0,2,66,1,1
1968_overlayer.exe,4.900951,6.195116,6.195116,0,2,257,1,1
1969_paperkey.exe,6.511184,6.234267,6.234267,0,2,83,1,1
1970_pinentry-w32.exe,6.192835,6.132377,6.132377,0,2,115,1,1
1939_iZHost.exe,6.413282,6.43981,6.43981,0,0,191,1,1
1971_pinentry.exe,6.526407,6.15142,6.15142,0,2,480,1,1
1972_resolver.exe,5.276323,6.191195,6.191195,0,2,307,1,1
1973_sha1sum.exe,6.609364,6.243951,6.243951,0,2,66,1,1
1974_sha256sum.exe,6.581996,6.179375,6.179375,0,2,66,1,1
2430_git-receive-pack.exe,5.525243,5.932399,5.932399,0,2,88,1,1
2431_git-upload-pack.exe,5.525873,5.932399,5.932399,0,2,88,1,1
2432_git.exe,6.290946,5.932399,5.932399,0,2,88,1,1
2433_scalar.exe,6.290946,5.932399,5.932399,0,2,88,1,1
2434_tig.exe,6.250666,5.932399,5.932399,0,2,88,1,1
2435_blocked-file-util.exe,6.11225,6.194083,6.194083,0,2,73,1,1
1703_Dbgview.exe,6.654026,6.615581,6.779998,0,0,323,1,1
1704_dbgview64.exe,6.458544,6.487988,6.487988,0,0,325,1,1
1706_Desktops64.exe,6.174137,6.498402,6.498402,0,1,178,0,1
2410_VsRegEdit.exe,6.575046,6.455157,6.591068,0,2,165,1,1
1976_gpgme-w32spawn.exe,6.562038,6.206416,6.206416,0,2,73,1,1
1978_ieinstal.exe,6.005701,6.312097,6.344109,0,2,208,1,1
2416_InteractiveHost64.exe,6.065857,6.356555,6.356555,0,1,115,0,1
2418_InteractiveHost64.exe,6.727538,5.815889,5.815889,0,0,0,0,1
5406_SynUWPEnh.exe,4.957849,6.41275,6.41275,0,1,464,0,1
5405_SynTPEnhService.exe,6.27356,6.404501,6.404501,0,1,219,0,1
5404_SECOMN64.exe,6.660032,6.423189,6.423189,0,1,284,0,1
5403_SECOCL64.exe,6.377482,6.388611,6.388611,0,1,195,0,1
5402_SECCNH64.exe,6.515445,6.471594,6.471594,0,1,99,0,1
5401_RtkAudUService64.exe,6.091165,6.408263,6.408263,0,3,570,1,1
5400_RtkAudUService64.exe,5.896207,6.379096,6.379096,0,1,462,0,1
5399_nvWmi64.exe,6.322326,6.289023,6.394061,0,1,283,0,1
5398_SphericalEquirect64.exe,6.419789,6.570988,6.570988,0,1,116,0,1
1993_kldw.exe,6.644399,6.619325,6.639479,0,2,6,0,1
1999_remediation.exe,5.217267,6.513968,6.663546,0,2,6,0,1
2000_service_stub.exe,7.125142,5.997281,5.997281,0,0,48,0,1
2001_avp.exe,6.369923,6.319507,6.319507,0,2,6,0,1
2002_kldw.exe,6.508967,6.429385,6.429385,0,3,6,0,1
1691_Bginfo64.exe,6.326739,6.4047,6.4047,0,1,712,0,1
1693_Cacheset64.exe,6.466016,6.496676,6.496676,0,1,143,0,1
1696_Contig.exe,6.355472,6.644239,6.644239,0,0,115,1,1
1699_Coreinfo64.exe,3.807068,6.505888,6.505888,0,1,131,0,1
5389_FreqTransfer64.exe,6.43152,6.574391,6.574391,0,1,112,0,1
5387_nvgwls.exe,6.556556,6.432685,6.432685,0,1,125,0,1
5386_NVDisplay.Container.exe,6.486163,6.413704,6.413704,0,2,198,1,1
5385_vulkaninfo-x86.exe,5.996875,5.828082,6.269022,0,1,102,0,1
5381_nvsmartmaxapp64.exe,6.607568,6.468384,6.468384,0,1,114,0,1
5380_nvsmartmaxapp.exe,6.741862,6.657055,6.657055,0,1,113,0,1
5046_tzsync.exe,5.980542,5.991373,5.991373,0,0,0,0,1
5042_TSWbPrxy.exe,5.162582,5.869812,5.869812,0,1,145,0,1
5041_TSTheme.exe,4.597013,5.930938,5.930938,0,2,128,1,1
5033_TpmTool.exe,6.077844,6.285055,6.285055,0,1,299,0,1
5031_TokenBrokerCookies.exe,4.355829,5.765768,5.765768,0,2,97,1,1
2415_ninja.exe,6.455505,6.453603,6.453603,0,1,123,0,1
5066_UserDataSource.exe,4.470183,5.809744,5.809744,0,1,100,0,1
5065_UserAccountControlSettings.exe,5.873093,6.072138,6.462825,0,2,100,1,1
5064_UserAccountBroker.exe,4.999851,5.637857,5.637857,0,2,107,1,1
5063_UPPrinterInstaller.exe,5.024582,6.011938,6.011938,0,2,120,1,1
5062_upnpcont.exe,4.152859,5.792766,5.792766,0,2,106,1,1
5061_UpgradeResultsUI.exe,4.726143,5.890805,5.890805,0,3,115,1,1
5060_upfc.exe,6.20532,6.281591,6.281591,0,1,150,0,1
5058_unregmp2.exe,4.781305,5.807406,5.807406,0,1,163,0,1
5057_unlodctr.exe,4.860188,6.025167,6.025167,0,1,82,0,1
2008_klcsldcl.exe,6.478931,6.300462,6.640328,0,3,6,0,1
609_ieinstal.exe,5.640746,6.105701,6.105701,0,3,209,1,1
611_iexplore.exe,6.37464,5.925799,6.45234,0,2,95,1,1
5394_NvImageConvert64.exe,6.429958,6.571333,6.571333,0,1,117,0,1
5391_HighresBlender64.exe,6.43824,6.557573,6.557573,0,1,122,0,1
1687_Autoruns64.exe,5.912809,6.419555,6.419555,0,1,495,0,1
1689_autorunsc64.exe,6.188524,6.392247,6.392247,0,1,249,0,1
654_redis-cli.exe,6.295769,6.462398,6.462398,0,1,109,0,1
655_redis-server.exe,6.490115,6.452739,6.452739,0,1,208,0,1
656_wrapper.exe,5.917625,6.343597,6.343597,0,0,292,1,1
660_java.exe,6.558378,5.721876,6.212282,0,0,48,1,1
661_javaw.exe,6.56213,5.785601,6.211688,0,0,50,1,1
662_jfr.exe,6.511206,5.733146,5.733146,0,0,48,1,1
663_jjs.exe,6.526741,5.730479,5.730479,0,0,48,1,1
664_jrunscript.exe,6.52053,5.732,5.732,0,0,48,1,1
4876_printfilterpipelinesvc.exe,6.215471,6.159055,6.159055,0,1,341,0,1
4875_PrintBrmUi.exe,5.255666,5.925364,5.925364,0,1,154,0,1
5074_verclsid.exe,2.263503,3.967242,3.967242,0,2,43,1,1
5073_vdsldr.exe,4.649256,5.59816,5.59816,0,1,128,0,1
5072_vds.exe,6.114447,6.167449,6.167449,0,2,385,1,1
5070_Utilman.exe,5.577946,6.163473,6.163473,0,3,238,1,1
5069_UtcDecoderHost.exe,5.771977,6.017339,6.017339,0,1,157,0,1
5067_userinit.exe,5.362706,6.107974,6.107974,0,2,146,1,1
679_maintenanceservice.exe,6.465997,6.500241,6.500241,0,2,175,1,1
649_elevate.exe,6.788881,6.629085,6.629085,0,1,70,0,1
650_7za.exe,6.331415,6.361082,6.361082,0,0,139,1,1
651_redis-benchmark.exe,6.249606,6.461305,6.461305,0,1,113,0,1
652_redis-check-aof.exe,6.490115,6.452739,6.452739,0,1,208,0,1
653_redis-check-rdb.exe,6.490115,6.452739,6.452739,0,1,208,0,1
3166_com.docker.nv-gpu-info.exe,6.458741,6.109034,6.109034,0,0,72,1,1
3108_InstallDriver.exe,6.583256,0.0,6.659154,0,3,356,1,1
1671_Winobj.exe,6.262117,6.59598,6.650625,0,2,395,1,1
1674_ZoomIt64.exe,6.337623,6.429257,6.429257,0,1,366,0,1
1676_accesschk64.exe,5.720961,6.491797,6.491797,0,1,198,0,1
1677_AccessEnum.exe,6.48926,6.636578,6.636578,0,0,232,1,1
1679_ADExplorer64.exe,5.969041,6.426801,6.426801,0,1,329,0,1
1680_ADInsight.exe,6.172933,6.554464,6.721256,0,0,332,1,1
1681_ADInsight64.exe,6.079807,6.422094,6.422094,0,0,334,1,1
3105_InstallDriver.exe,6.583256,0.0,6.659154,0,3,356,1,1
3100_zkeupg.exe,6.42982,0.0,6.493453,0,3,120,1,1
3093_com.docker.nv-gpu-info.exe,6.458741,6.109034,6.109034,0,0,72,1,1
1654_strings64.exe,6.426147,6.477169,6.477169,0,1,131,0,1
1660_tcpvcon64.exe,6.325672,6.501607,6.501607,0,1,142,0,1
1662_tcpview64.exe,6.215001,6.455897,6.455897,0,1,389,0,1
1645_sdelete64.exe,6.245072,6.498917,6.498917,0,1,126,0,1
1647_ShareEnum64.exe,6.395861,6.483508,6.483508,0,1,252,0,1
1650_sigcheck64.exe,6.273401,6.466725,6.466725,0,1,212,0,1
666_kinit.exe,6.513485,5.730078,5.730078,0,0,48,1,1
667_klist.exe,6.514355,5.730078,5.730078,0,0,48,1,1
668_ktab.exe,6.515847,5.730078,5.730078,0,0,48,1,1
669_pack200.exe,6.513088,5.728204,5.728204,0,0,48,1,1
670_rmid.exe,6.511419,5.731987,5.731987,0,0,48,1,1
671_rmiregistry.exe,6.512113,5.729546,5.729546,0,0,48,1,1
673_IntegratedOffice.exe,6.410773,6.443879,6.443879,0,1,351,0,1
674_OfficeClickToRun.exe,6.410773,6.443879,6.443879,0,1,351,0,1
691_elevate.exe,6.689614,6.629085,6.629085,0,1,70,0,1
694_MySQLWorkbench.exe,6.760604,6.706644,7.10893,0,0,0,0,1
695_ogr2ogr.exe,6.125054,6.094089,6.094089,0,1,427,0,1
696_ogrinfo.exe,6.038601,6.052162,6.052162,0,1,373,0,1
4871_PresentationHost.exe,6.352367,6.072058,6.651122,0,1,220,0,1
4870_powercfg.exe,5.510656,6.088176,6.088176,0,2,213,1,1
4869_poqexec.exe,6.32194,6.231772,6.231772,0,1,218,0,1
4868_pnputil.exe,5.259639,6.294033,6.294033,0,2,160,1,1
4862_PinEnrollmentBroker.exe,5.263228,5.880575,5.880575,0,2,158,1,1
4861_PickerHost.exe,5.772408,6.107394,6.107394,0,3,135,1,1
1622_pslist64.exe,6.313039,6.500744,6.500744,0,1,126,0,1
4893_raserver.exe,5.38222,5.991522,5.991522,0,2,216,1,1
4891_rasautou.exe,2.921194,5.48519,5.48519,0,2,64,1,1
4884_psr.exe,6.062232,6.240844,6.240844,0,1,434,0,1
4881_provtool.exe,5.215121,5.935493,5.935493,0,2,129,1,1
665_keytool.exe,6.508855,5.728204,5.728204,0,0,48,1,1
4903_rdrleakdiag.exe,4.209966,6.084217,6.084217,0,2,133,1,1
4902_rdpsign.exe,5.428256,6.051674,6.051674,0,1,129,0,1
4901_rdpshell.exe,5.806616,6.238632,6.238632,0,2,393,1,1
4900_RdpSaUacHelper.exe,3.731429,5.894368,5.894368,0,2,106,1,1
4899_RdpSaProxy.exe,4.157947,5.893768,5.893768,0,2,102,1,1
4898_RdpSa.exe,4.626528,6.042253,6.042253,0,2,123,1,1
4897_rdpinput.exe,5.988652,6.197892,6.197892,0,1,171,0,1
4896_rdpinit.exe,5.478926,6.265655,6.265655,0,3,304,1,1
698_wbadminhelper.exe,5.277332,6.093671,6.093671,0,1,68,0,1
699_wbcopytables.exe,6.124496,6.203161,6.203161,0,1,234,0,1
681_pingsender.exe,6.70637,6.305699,6.741375,0,0,110,1,1
682_plugin-container.exe,6.493118,6.296146,6.296146,0,0,176,1,1
683_rnp-cli.exe,6.457617,6.490358,6.490358,0,2,229,1,1
684_rnpkeys.exe,6.466484,6.499145,6.499145,0,2,211,1,1
685_thunderbird.exe,6.55523,6.289461,6.289461,0,0,280,1,1
686_updater.exe,6.398963,6.511979,6.511979,0,2,212,1,1
1626_psloglist64.exe,6.427668,6.524948,6.524948,0,1,143,0,1
1628_pspasswd64.exe,6.356791,6.543006,6.543006,0,1,123,0,1
1630_psping64.exe,6.079777,6.35114,6.35114,0,1,167,0,1
1632_PsService64.exe,6.280814,6.525759,6.525759,0,1,132,0,1
1634_psshutdown64.exe,6.559481,6.543832,6.637254,0,1,161,0,1
1636_pssuspend64.exe,6.353779,6.541865,6.541865,0,1,142,0,1
1608_procexp64.exe,5.998615,6.428131,6.428131,0,1,682,0,1
1610_Procmon64.exe,5.410687,6.455993,6.455993,0,1,548,0,1
1611_PsExec.exe,6.70692,6.646546,6.646546,0,0,181,1,1
1614_psfile64.exe,6.390217,6.547365,6.547365,0,1,107,0,1
1616_PsGetsid64.exe,6.36279,6.536574,6.536574,0,1,154,0,1
1618_PsInfo64.exe,6.315416,6.536466,6.536466,0,1,159,0,1
1620_pskill64.exe,6.351498,6.53557,6.53557,0,1,142,0,1
4908_RecoveryDrive.exe,5.767427,6.211433,6.211433,0,2,253,1,1
4906_recdisc.exe,5.901298,6.199807,6.999981,0,1,205,0,1
4905_ReAgentc.exe,4.979997,6.082429,6.082429,0,2,149,1,1
4928_RMActivate_ssp.exe,6.621418,6.494889,6.757656,0,2,88,1,1
4927_RMActivate_isv.exe,6.681357,6.493175,6.794709,0,2,129,1,1
4926_RMActivate.exe,6.683755,6.49169,6.949054,0,2,129,1,1
4857_pcaui.exe,6.019522,6.267388,6.267388,0,3,262,1,1
4856_pcalua.exe,5.565005,6.183516,6.183516,0,2,161,1,1
4854_PasswordOnWakeSettingFlyout.exe,5.522032,6.024592,6.024592,0,2,117,1,1
4853_pairtool.exe,2.607883,6.106018,6.106018,0,1,149,0,1
4852_PackageInspector.exe,5.077423,5.855924,5.855924,0,1,115,0,1
4849_osk.exe,5.706066,6.159286,6.159286,0,2,402,1,1
4847_OpenWith.exe,5.731305,6.029289,6.029289,0,3,142,1,1
4845_OobeShellHost.exe,5.014146,5.885114,5.885114,0,3,101,1,1
2893_PackageEditor.exe,5.083456,5.176727,5.176727,0,0,0,0,1
4918_RelPost.exe,6.213249,6.195501,6.849265,0,1,186,0,1
4915_regsvr32.exe,4.746328,5.96151,5.96151,0,2,115,1,1
4914_Register-CimProvider.exe,3.71208,5.728373,5.728373,0,1,56,0,1
4911_reg.exe,5.049545,6.014639,6.014639,0,2,123,1,1
2877_isxps.exe,5.924594,5.868549,5.868549,0,0,0,0,1
2880_makecat.exe,5.99899,5.997906,5.997906,0,0,59,1,1
2881_makecert.exe,5.975689,6.12473,6.12473,0,0,118,1,1
4948_sdchange.exe,5.262258,6.067626,6.067626,0,1,157,0,1
4947_sdbinst.exe,6.093682,6.250764,6.250764,0,1,217,0,1
4945_schtasks.exe,5.450574,6.141094,6.141094,0,2,163,1,1
4944_sc.exe,4.752973,6.043392,6.043392,0,2,80,1,1
3285_python.exe,6.361894,5.817004,6.162647,0,0,63,1,1
3286_pythonw.exe,6.382867,5.874733,6.163423,0,0,64,1,1
3289_cli-32.exe,6.156385,5.960999,5.960999,0,2,104,1,1
4942_RuntimeBroker.exe,5.593891,6.111845,6.111845,0,3,135,1,1
4941_runonce.exe,5.559555,6.049094,6.049094,0,1,219,0,1
4939_runexehelper.exe,5.370534,6.006091,6.006091,0,1,120,0,1
4938_rundll32.exe,4.863742,5.864857,5.864857,0,2,154,1,1
4935_rrinstaller.exe,4.473333,6.011073,6.011073,0,2,113,1,1
4929_RMActivate_ssp_isv.exe,6.621261,6.496337,6.75996,0,2,88,1,1
4957_SecurityHealthHost.exe,5.679408,6.13242,6.13242,0,1,138,0,1
4956_securekernel.exe,6.062295,6.401793,6.401793,0,12,41,1,1
4954_SecEdit.exe,3.715684,5.012187,5.012187,0,2,81,1,1
4951_SearchFilterHost.exe,6.229806,6.205095,6.928366,0,2,266,1,1
4950_sdiagnhost.exe,4.493709,6.047122,6.047122,0,1,101,0,1
4949_sdclt.exe,6.679492,6.290932,6.756144,0,1,390,0,1
2894_pktextract.exe,5.938044,5.835097,5.835097,0,0,52,1,1
2895_pvk2pfx.exe,6.129098,6.079397,6.079397,0,0,75,1,1
2898_signtool.exe,6.003024,6.23387,6.23387,0,0,252,1,1
2899_StoreUploader.exe,5.341843,5.513804,5.513804,0,0,0,0,1
2901_topoedit.exe,5.899402,6.117773,6.117773,0,1,195,0,1
2902_tracefmt.exe,5.438402,6.40994,6.40994,0,1,178,0,1
2904_tracepdb.exe,6.24547,6.01212,6.01212,0,0,99,1,1
2905_traceview.exe,5.718588,6.166742,6.166742,0,1,850,0,1
2906_tracewpp.exe,6.392093,6.3588,6.3588,0,0,112,1,1
2907_uuidgen.exe,6.171089,5.661348,5.661348,0,0,39,1,1
3521_xz.exe,6.33076,6.182037,6.182037,0,0,127,1,1
4973_shutdown.exe,3.422245,5.520394,5.520394,0,2,66,1,1
4972_shrpubw.exe,4.560763,5.547216,5.547216,0,1,257,0,1
4971_ShellHost.exe,6.161986,6.207927,6.207927,0,3,276,1,1
4968_setx.exe,4.544825,5.799777,5.799777,0,2,109,1,1
4966_setupcl.exe,1.821901,4.322847,4.322847,0,0,24,1,1
4964_sethc.exe,5.66943,6.172064,6.172064,0,2,271,1,1
4962_services.exe,6.219237,6.341366,6.341366,0,3,480,1,1
4960_SensorDataService.exe,6.205562,6.316971,6.316971,0,1,203,0,1
4959_SecurityHealthSystray.exe,5.23608,5.843613,5.843613,0,2,100,1,1
3291_cli-32.exe,6.154852,5.960999,5.960999,0,2,104,1,1
3293_gui-32.exe,6.152796,5.879093,5.879093,0,2,109,1,1
3295_inject_dll_amd64.exe,6.401525,6.503228,6.503228,0,1,91,0,1
3304_cli-64.exe,5.250475,6.156076,6.156076,0,0,64,1,1
3305_cli-arm64.exe,5.023767,5.859175,5.859175,0,0,56,1,1
4958_SecurityHealthService.exe,5.522532,6.122378,6.122378,0,2,142,1,1
3309_gui-arm64.exe,5.024435,5.859797,5.859797,0,0,56,1,1
3313_wininst-14.0-amd64.exe,6.562134,6.511983,6.511983,0,1,174,0,1
3314_wininst-14.0.exe,6.712625,6.605796,6.613828,0,1,173,0,1
2884_mc.exe,6.287271,6.353323,6.353323,0,0,173,1,1
4842_omadmprc.exe,5.472709,6.136459,6.136459,0,2,181,1,1
4841_omadmclient.exe,6.104265,6.224093,6.224093,0,2,374,1,1
4840_ofdeploy.exe,4.99597,5.816324,5.816324,0,2,113,1,1
4837_nvspinfo.exe,5.613551,6.247178,6.247178,0,1,198,0,1
4836_nvidia-smi.exe,6.559299,6.4396,6.4396,0,1,187,0,1
4835_nvidia-pcc.exe,6.474493,6.310405,6.842698,0,1,190,0,1
4832_ntoskrnl.exe,6.479002,6.50269,6.53747,0,28,211,1,1
4831_nslookup.exe,4.609767,6.108373,6.108373,0,2,111,1,1
4829_notepad.exe,6.482319,6.238186,6.968016,0,2,315,1,1
4828_nmscrub.exe,6.034778,6.294675,6.294675,0,2,200,1,1
3519_xmlwf.exe,6.432265,6.456833,6.456833,0,1,125,0,1
3520_xsltproc.exe,6.520995,5.95217,5.95217,0,0,101,1,1
5662_Magnify.exe,6.424387,6.327029,6.742482,0,1,501,0,1
5652_iscsicli.exe,6.08027,6.109513,6.109513,0,0,103,1,1
5634_genpcid10.exe,6.35753,6.689152,6.689152,0,2,364,1,1
5633_GamePanel.exe,6.575082,6.364881,6.54607,0,2,365,1,1
5631_ftp.exe,6.391632,6.3078,6.574054,0,0,158,1,1
5630_fsutil.exe,6.479371,6.323901,6.653266,0,1,219,0,1
5627_fontview.exe,7.044201,6.376043,7.160213,0,0,145,0,1
5609_edit.exe,6.521137,6.243557,7.570781,0,0,106,0,1
5606_DXCpl.exe,4.759686,4.378944,6.624303,0,0,139,1,1
5605_DXCap.exe,5.664828,5.537516,6.58193,0,1,321,0,1
5604_DWWIN.EXE,6.539416,6.47086,6.725878,0,1,279,0,1
5582_d3dconfig.exe,5.023182,4.823811,6.584323,0,0,166,1,1
3528_lzopack.exe,5.838247,6.220416,6.220416,0,0,51,1,1
3530_simple.exe,5.407866,6.220183,6.220183,0,0,44,1,1
3531_testmini.exe,5.243164,6.067476,6.067476,0,0,42,1,1
3308_gui-64.exe,5.243324,6.13951,6.13951,0,0,64,1,1
5668_mmgaserver.exe,6.381314,6.297168,6.629182,0,1,129,0,1
5667_mmc.exe,6.527562,6.193865,6.709221,0,1,1043,0,1
2866_extidgen.exe,6.178747,5.685314,5.685314,0,0,34,1,1
2868_filtdump.exe,5.886422,5.946779,5.946779,0,0,54,1,1
2869_filtreg.exe,4.941571,5.827843,5.827843,0,0,37,1,1
2870_ftquery.exe,5.50586,5.051144,5.051144,0,0,0,0,1
2872_gamesaveutil.exe,6.164901,6.272695,6.272695,0,1,181,0,1
2852_adpcmencode3.exe,7.201113,6.485798,7.169547,0,0,71,0,1
2855_cert2spc.exe,6.017817,5.432521,5.432521,0,0,49,1,1
2856_certmgr.exe,5.784464,6.037263,6.037263,0,0,115,1,1
2857_ComparePackage.exe,5.324564,5.396001,5.396001,0,0,0,0,1
2858_computerhardwareids.exe,5.311066,6.137367,6.137367,0,0,51,1,1
4826_nltest.exe,5.124208,6.078729,6.078729,0,1,170,0,1
5665_mcbuilder.exe,6.233161,6.286708,6.471098,0,1,91,0,1
5664_mavinject.exe,6.194801,5.903904,6.199631,0,2,163,1,1
5663_makecab.exe,6.598315,6.587292,6.594219,0,0,99,1,1
3575_produce_x_platform_fuzz_corpus.exe,4.98697,5.790143,5.790143,0,0,71,1,1
3576_run_x_platform_fuzz_corpus.exe,5.204057,5.983559,5.983559,0,0,72,1,1
3577_sha256_profile.exe,5.212035,5.893635,5.893635,0,0,55,1,1
3585_bzip2recover.exe,6.638676,6.047691,6.047691,0,0,54,1,1
4825_NgcIso.exe,6.096659,6.12309,6.12309,0,3,150,1,1
4822_netsh.exe,3.770632,6.057563,6.057563,0,2,114,1,1
4819_NetHost.exe,1.761344,3.583995,3.583995,0,2,23,1,1
4817_NetCfgNotifyObjectHost.exe,5.155138,6.042125,6.042125,0,1,107,0,1
4816_netcfg.exe,4.920897,5.993891,5.993891,0,2,121,1,1
4814_net1.exe,5.499494,6.181365,6.181365,0,2,213,1,1
4813_net.exe,4.492923,5.986742,5.986742,0,2,132,1,1
2829_signtool.exe,6.078408,6.405477,6.405477,0,0,247,1,1
5683_net1.exe,6.415239,6.430549,6.699585,0,1,211,0,1
5678_mstsc.exe,6.606271,6.464227,6.829335,0,1,389,0,1
5676_msinfo32.exe,6.630579,6.145156,7.213832,0,0,394,0,1
5675_msiexec.exe,6.736361,6.141583,7.028089,0,1,126,0,1
5703_pcaui.exe,6.561197,6.530704,6.621246,0,2,257,1,1
5702_PATHPING.EXE,5.492202,5.970844,5.970844,0,0,65,1,1
5701_PasswordOnWakeSettingFlyout.exe,6.677083,6.366425,6.450944,0,1,115,0,1
5698_OpenWith.exe,6.360756,6.307589,6.589053,0,2,139,1,1
5691_notepad.exe,6.953369,6.540263,7.097793,0,1,312,0,1
2831_topoedit.exe,5.997428,6.223735,6.223735,0,1,191,0,1
2832_tracefmt.exe,5.437658,6.452604,6.452604,0,1,174,0,1
2834_tracepdb.exe,6.386433,6.161039,6.161039,0,0,95,1,1
2835_traceview.exe,5.806496,6.370031,6.370031,0,1,847,0,1
2836_tracewpp.exe,6.369471,6.413825,6.413825,0,0,104,1,1
2837_uuidgen.exe,6.274592,5.905306,5.905306,0,0,34,1,1
2840_vssagent.exe,6.140833,6.520711,6.520711,0,0,233,1,1
2815_makecat.exe,6.098462,6.099872,6.099872,0,0,54,1,1
2816_makecert.exe,5.98166,6.204329,6.204329,0,0,114,1,1
2819_mc.exe,6.307164,6.428559,6.428559,0,0,163,1,1
2826_pktextract.exe,5.854584,5.756918,5.756918,0,0,47,1,1
3588_ahost.exe,5.124103,5.961602,5.961602,0,0,62,1,1
3590_cli-32.exe,6.156385,5.960999,5.960999,0,2,104,1,1
3594_cli-32.exe,6.154852,5.960999,5.960999,0,2,104,1,1
3596_gui-32.exe,6.152796,5.879093,5.879093,0,2,109,1,1
2827_pvk2pfx.exe,6.122957,6.087164,6.087164,0,0,70,1,1
4808_Narrator.exe,5.974364,6.222959,6.222959,0,2,757,1,1
4807_MultiDigiMon.exe,4.15596,5.301355,5.301355,0,2,110,1,1
4806_MuiUnattend.exe,4.977753,5.988402,5.988402,0,2,127,1,1
4805_mtstocom.exe,5.563479,6.091418,6.091418,0,2,175,1,1
4803_MsSpellCheckingHost.exe,5.167824,6.038,6.038,0,1,128,0,1
4802_msra.exe,5.748288,6.172035,6.172035,0,2,439,1,1
4801_msinfo32.exe,6.153208,5.984253,7.15301,0,1,400,0,1
4800_msiexec.exe,6.038712,5.914369,6.979363,0,2,127,1,1
4796_msdtc.exe,5.409286,5.845962,5.862041,0,2,127,1,1
4795_msdt.exe,6.114376,6.153471,6.153471,0,1,517,0,1
5706_PickerHost.exe,6.62804,6.352734,6.659109,0,2,132,1,1
3080_venvwlauncher.exe,6.457775,6.486231,6.486231,0,1,94,0,1
1393_qmltestrunner.exe,4.504108,5.84319,5.84319,0,0,41,1,1
3079_venvlauncher.exe,6.449555,6.480778,6.480778,0,1,92,0,1
3072_pythonw.exe,6.383579,5.628449,6.151079,0,0,45,1,1
3071_python.exe,6.365895,5.557001,6.151089,0,0,44,1,1
3056_InstallDriver.exe,6.583256,0.0,6.659154,0,3,356,1,1
1400_qtplugininfo.exe,5.434493,5.963569,5.963569,0,0,110,1,1
4794_msconfig.exe,6.119052,5.884833,7.063166,0,1,430,0,1
4790_MptfGenericService.exe,5.767135,6.070481,6.070481,0,1,158,0,1
4788_mpnotify.exe,3.042071,5.780905,5.780905,0,2,72,1,1
4785_mobsync.exe,6.022425,6.032488,7.149934,0,2,82,1,1
4784_mmgaserver.exe,6.1168,5.959743,5.959743,0,2,133,1,1
4781_MidiSrv.exe,6.456794,6.308508,6.337383,0,1,237,0,1
4780_MicrosoftEdgeSH.exe,4.364573,5.873526,5.873526,0,2,109,1,1
4779_MicrosoftEdgeDevTools.exe,4.833745,5.977248,5.977248,0,2,111,1,1
3613_inject_dll_amd64.exe,6.401525,6.503228,6.503228,0,1,91,0,1
3019_TE.ProcessHost.UAP.exe,6.180443,6.008658,6.008658,0,1,51,0,1
3644_h5delete.exe,6.630775,5.721189,5.721189,0,0,48,1,1
3053_InstallDriver.exe,6.583256,0.0,6.659154,0,3,356,1,1
3048_zkeupg.exe,6.42982,0.0,6.493453,0,3,120,1,1
1369_meshdebug.exe,5.411177,5.768912,5.768912,0,0,81,1,1
1372_qcollectiongenerator.exe,4.675354,5.915165,5.915165,0,0,47,1,1
3046_unins000.exe,6.567188,0.0,6.609385,0,3,428,1,1
3043_puttygen.exe,6.768783,6.661365,6.661365,0,2,178,1,1
3042_pageant.exe,6.710695,6.636976,6.636976,0,2,193,1,1
3041_WinSCP.exe,6.739924,6.381053,7.184873,0,1,897,0,1
3039_ImagingDevices.exe,7.039908,5.859325,7.085561,0,0,61,0,1
5707_PING.EXE,5.691527,6.122476,6.122476,0,0,68,1,1
4778_MicrosoftEdgeCP.exe,4.833745,5.977248,5.977248,0,2,111,1,1
4777_MicrosoftEdgeBCHost.exe,4.833745,5.977248,5.977248,0,2,111,1,1
4776_microsoft.windows.softwarelogo.showdesktop.exe,5.977415,5.673553,5.673553,0,0,47,1,1
3090_sqlite3_analyzer.exe,6.591321,6.510001,6.510001,0,1,255,0,1
1340_python.exe,6.05772,5.696447,6.162675,0,0,64,1,1
1341_pythonw.exe,6.065201,5.757807,6.163606,0,0,65,1,1
2931_certmgr.exe,6.056892,6.28149,6.643461,0,0,112,1,1
2930_cert2spc.exe,6.459669,5.771574,5.771574,0,0,47,1,1
4774_Microsoft.Uev.CscUnpinTool.exe,6.036142,6.175498,6.175498,0,1,207,0,1
1348_pythonservice.exe,5.034735,5.963122,5.963122,0,0,88,1,1
3030_Wex.Services.exe,6.074261,6.302589,6.302589,0,1,214,0,1
3029_TE.ProcessHost.UAP.exe,6.180443,6.008658,6.008658,0,1,51,0,1
3028_TE.ProcessHost.exe,6.227727,6.220064,6.220064,0,1,51,0,1
3027_TE.exe,6.100411,6.308742,6.308742,0,1,213,0,1
3026_Conduit.Broker.Host.exe,5.862832,6.308614,6.308614,0,2,164,1,1
3025_Wex.Services.exe,6.074261,6.302589,6.302589,0,1,214,0,1
3024_TE.ProcessHost.UAP.exe,6.180443,6.008658,6.008658,0,1,51,0,1
3023_TE.ProcessHost.exe,6.227727,6.220064,6.220064,0,1,51,0,1
3021_TE.exe,6.100411,6.308742,6.308742,0,1,213,0,1
3020_Conduit.Broker.Host.exe,5.862832,6.308614,6.308614,0,2,164,1,1
3658_mirror_server.exe,6.736235,5.952616,5.952616,0,0,42,1,1
3659_mirror_server_stop.exe,6.738717,5.952616,5.952616,0,0,42,1,1
4772_mfpmp.exe,4.779763,5.754692,5.754692,0,2,101,1,1
4769_MdmDiagnosticsTool.exe,4.847011,5.757261,5.757261,0,1,126,0,1
4768_MDMAppInstaller.exe,5.424706,6.165363,6.165363,0,2,183,1,1
1319_pango-list.exe,5.0916,6.126389,6.126389,0,0,86,1,1
1320_pango-segmentation.exe,4.887565,5.752442,5.752442,0,0,75,1,1
1307_lzopack.exe,5.797744,6.141335,6.141335,0,0,53,1,1
1309_simple.exe,5.361828,6.201291,6.201291,0,0,46,1,1
1310_testmini.exe,5.208564,6.040972,6.040972,0,0,44,1,1
5752_schtasks.exe,5.809644,6.173616,6.676104,0,1,161,0,1
5751_sc.exe,5.878412,5.887766,6.525696,0,1,77,0,1
5748_rundll32.exe,6.266749,6.264151,6.635975,0,1,154,0,1
5746_rrinstaller.exe,6.146746,6.228487,6.317925,0,1,112,0,1
3634_xmlwf.exe,6.432265,6.456833,6.456833,0,1,125,0,1
1333_gie.exe,5.976257,6.225555,6.225555,0,0,89,1,1
4763_MBR2GPT.EXE,5.804248,6.182648,6.182648,0,1,237,0,1
4762_mblctr.exe,6.530502,6.31303,6.490347,0,1,358,0,1
4761_mavinject.exe,5.399858,5.9401,5.9401,0,3,165,1,1
4760_manage-bde.exe,6.248879,6.183825,6.935804,0,2,145,1,1
4759_makecab.exe,5.457546,6.002187,6.002187,0,1,101,0,1
4758_Magnify.exe,6.200264,6.289489,6.289489,0,2,522,1,1
4757_lsass.exe,4.681415,5.85127,5.85127,0,2,110,1,1
4755_lpremove.exe,5.09872,6.084956,6.084956,0,2,116,1,1
4754_lpksetup.exe,6.518049,6.342317,7.187945,0,1,351,0,1
4753_lpkinstall.exe,4.382467,5.697632,5.697632,0,1,74,0,1
4752_LogonUI.exe,4.47548,5.817281,5.817281,0,2,90,1,1
5769_SpatialAudioLicenseSrv.exe,6.50394,6.42655,6.724843,0,2,132,1,1
5768_sort.exe,6.047994,6.216323,6.238902,0,0,77,1,1
5758_SearchProtocolHost.exe,6.649809,6.404758,7.05357,0,1,314,0,1
5757_SearchIndexer.exe,6.48444,6.362156,6.717178,0,1,404,0,1
3654_h5repart.exe,6.600449,5.949769,5.949769,0,0,74,1,1
3711_kdestroy.exe,4.670213,5.519186,5.519186,0,0,60,1,1
3713_kinit.exe,5.151471,5.41144,5.41144,0,0,112,1,1
3685_jpegtran.exe,6.623609,6.340806,6.340806,0,0,76,1,1
3686_rdjpgcom.exe,6.65115,5.806633,5.806633,0,0,50,1,1
3687_wrjpgcom.exe,6.649955,5.891493,5.891493,0,0,51,1,1
4314_deplister.exe,6.169269,6.506965,6.506965,0,1,75,0,1
4291_echo.exe,6.367837,6.023975,6.023975,0,0,47,1,1
4750_logman.exe,5.136287,6.070365,6.070365,0,1,155,0,1
4749_logagent.exe,5.624352,6.089251,6.089251,0,1,218,0,1
4748_lodctr.exe,5.106257,6.206933,6.206933,0,1,96,0,1
4747_LockScreenContentServer.exe,4.793071,5.218891,5.218891,0,1,192,0,1
4742_licensingdiag.exe,6.211886,6.393503,6.393503,0,2,159,1,1
4741_LicenseManagerShellext.exe,4.433425,5.728271,5.728271,0,2,97,1,1
4740_LegacyNetUXHost.exe,5.705863,6.058801,6.058801,0,2,153,1,1
4737_LanguageComponentsInstallerComHandler.exe,4.763972,5.917451,5.917451,0,1,100,0,1
4764_mcbuilder.exe,5.222368,6.120934,6.120934,0,2,94,1,1
5377_nvidia-smi.exe,6.503164,6.414358,6.414358,0,1,127,0,1
5376_nvidia-pcc.exe,6.474718,6.31002,6.846312,0,1,190,0,1
5375_NVGPUP.Container.exe,6.484369,6.413704,6.413704,0,2,198,1,1
5374_nvdispco64.exe,6.34614,6.387754,7.562454,0,0,255,0,1
5371_dbInstaller.exe,6.52039,6.467711,6.467711,0,1,149,0,1
5370_nvWmi64.exe,6.323412,6.289154,6.395744,0,1,283,0,1
5369_SphericalEquirect64.exe,6.419363,6.570992,6.570992,0,1,116,0,1
5365_NvImageConvert64.exe,6.429553,6.571335,6.571335,0,1,117,0,1
5362_HighresBlender64.exe,6.437836,6.557575,6.557575,0,1,122,0,1
5360_FreqTransfer64.exe,6.431897,6.574392,6.574392,0,1,112,0,1
1434_cxpm.exe,5.655276,6.075804,6.075804,0,10,61,1,1
1435_sxpm.exe,5.555772,5.920213,5.920213,0,10,86,1,1
3707_gss-client.exe,5.283332,5.624143,5.624143,0,0,97,1,1
3708_gss-server.exe,5.271764,5.646549,5.646549,0,0,99,1,1
3709_kcpytkt.exe,4.871778,5.771158,5.771158,0,0,63,1,1
3710_kdeltkt.exe,4.82274,5.728993,5.728993,0,0,63,1,1
531_vdir.exe,6.251438,6.273704,6.273704,0,1,134,0,1
3714_klist.exe,5.274129,5.605098,5.605098,0,0,97,1,1
3715_kpasswd.exe,4.705816,5.777616,5.777616,0,0,64,1,1
3716_kswitch.exe,4.543193,5.653612,5.653612,0,0,54,1,1
3717_kvno.exe,4.881035,5.497024,5.497024,0,0,97,1,1
3718_mit2ms.exe,4.749309,5.758482,5.758482,0,0,58,1,1
505_test.exe,6.111991,6.292037,6.292037,0,1,66,0,1
506_tic.exe,5.809836,6.154406,6.154406,0,1,116,0,1
507_tig.exe,5.414375,6.233948,6.233948,0,1,203,0,1
508_timeout.exe,5.653222,6.015284,6.015284,0,1,82,0,1
510_touch.exe,6.227417,6.29038,6.29038,0,1,88,0,1
512_tr.exe,5.922945,6.129955,6.129955,0,1,68,0,1
513_true.exe,5.553287,5.973842,5.973842,0,1,55,0,1
514_truncate.exe,5.733159,6.025693,6.025693,0,1,66,0,1
515_trust.exe,5.629117,6.146888,6.146888,0,1,137,0,1
4285_mysql_upgrade_wizard.exe,6.245719,6.380138,6.380138,0,1,627,0,1
517_tsort.exe,5.87533,6.136273,6.136273,0,1,67,0,1
518_tty.exe,5.603123,6.037696,6.037696,0,1,60,0,1
519_tzset.exe,4.166482,5.304271,5.304271,0,1,26,0,1
522_uname.exe,5.596504,6.039371,6.039371,0,1,60,0,1
1418_gui-arm64.exe,5.024435,5.859797,5.859797,0,0,56,1,1
1427_tclsh.exe,3.248023,5.989557,5.989557,0,0,48,1,1
1428_tclsh86.exe,3.248023,5.989557,5.989557,0,0,48,1,1
1429_tclsh86t.exe,3.248023,5.989557,5.989557,0,0,48,1,1
1430_wish.exe,4.006545,5.630552,5.630552,0,0,54,1,1
1431_wish86.exe,4.006545,5.630552,5.630552,0,0,54,1,1
523_unexpand.exe,5.691577,6.059854,6.059854,0,1,67,0,1
524_uniq.exe,5.78635,6.107922,6.107922,0,1,72,0,1
527_unlink.exe,5.584854,5.998974,5.998974,0,1,59,0,1
528_unzip.exe,6.206709,6.20463,6.20463,0,1,84,0,1
529_unzipsfx.exe,6.021181,6.181485,6.181485,0,1,74,0,1
530_users.exe,5.666872,6.026156,6.026156,0,1,66,0,1
561_ssh-sk-helper.exe,5.361004,6.199458,6.199458,0,1,353,0,1
562_rmt.exe,5.909842,6.130742,6.130742,0,1,74,0,1
563_frcode.exe,5.398777,6.118707,6.118707,0,1,55,0,1
564_getprocaddr32.exe,6.008062,6.189731,6.189731,0,10,71,1,1
532_view.exe,6.275361,6.294907,6.294907,0,1,268,0,1
533_vim.exe,6.275361,6.294907,6.294907,0,1,268,0,1
534_vimdiff.exe,6.275361,6.294907,6.294907,0,1,268,0,1
536_wc.exe,5.738667,6.0845,6.0845,0,1,82,0,1
537_which.exe,5.495036,6.055107,6.055107,0,1,47,0,1
538_who.exe,6.075585,6.292119,6.292119,0,1,79,0,1
539_whoami.exe,5.592662,5.996442,5.996442,0,1,61,0,1
542_winpty.exe,6.099005,6.034788,6.034788,0,1,121,0,1
543_xargs.exe,5.798917,6.066258,6.066258,0,1,91,0,1
545_yat2m.exe,5.715563,6.043913,6.043913,0,1,46,0,1
546_yes.exe,5.665445,6.098744,6.098744,0,1,59,0,1
547_zipinfo.exe,6.206717,6.20463,6.20463,0,1,84,0,1
5879_MoUsoCoreWorker.exe,6.563473,6.301427,6.328542,0,1,503,0,1
5775_sxstrace.exe,6.089364,6.137128,6.137128,0,0,71,1,1
5774_svchost.exe,6.423804,6.052355,6.409562,0,1,139,0,1
565_getprocaddr64.exe,5.893798,6.213693,6.213693,0,9,69,1,1
566_p11-kit-remote.exe,5.099845,5.81951,5.81951,0,1,62,0,1
567_p11-kit-server.exe,5.593597,5.972679,5.972679,0,1,92,0,1
551_gpg-auth.exe,6.050894,6.121863,6.121863,0,1,188,0,1
552_gpg-check-pattern.exe,6.192834,6.209815,6.370953,0,1,152,0,1
553_gpg-pair-tool.exe,6.123978,6.205381,6.205381,0,1,186,0,1
554_gpg-preset-passphrase.exe,5.959772,6.170401,6.170401,0,1,140,0,1
555_gpg-protect-tool.exe,6.218774,6.22855,6.22855,0,1,260,0,1
556_keyboxd.exe,6.328979,6.26571,6.26571,0,1,325,0,1
557_scdaemon.exe,6.34779,6.202882,6.202882,0,1,356,0,1
558_sftp-server.exe,6.041377,6.045658,6.045658,0,1,173,0,1
559_ssh-keysign.exe,5.603119,6.1797,6.1797,0,1,314,0,1
560_ssh-pkcs11-helper.exe,5.360108,6.148755,6.148755,0,1,297,0,1
596_unins000.exe,6.470832,0.0,6.581837,0,3,425,1,1
5882_wuaucltcore.exe,6.323598,6.310209,6.310209,0,1,155,0,1
1432_wish86t.exe,4.006545,5.630552,5.630552,0,0,54,1,1
5358_nvgwls.exe,6.555962,6.432685,6.432685,0,1,125,0,1
5357_NVDisplay.Container.exe,6.486198,6.413704,6.413704,0,2,198,1,1
5356_vulkaninfo-x86.exe,5.993274,5.827925,6.312497,0,1,102,0,1
5353_nvsmartmaxapp64.exe,6.606243,6.466813,6.466813,0,1,114,0,1
5352_nvsmartmaxapp.exe,6.733017,6.653686,6.653686,0,1,113,0,1
5350_nvngx_update.exe,6.429871,6.418619,6.418619,0,0,233,1,1
5349_nvidia-smi.exe,6.525457,6.435232,6.435232,0,1,121,0,1
5348_nvidia-pcc.exe,6.477192,6.316853,6.842702,0,1,190,0,1
5347_NVGPUP.Container.exe,6.48461,6.413704,6.413704,0,2,198,1,1
5346_nvdispco64.exe,6.344814,6.387837,7.562454,0,0,255,0,1
5343_dbInstaller.exe,6.519248,6.464475,6.464475,0,1,149,0,1
805_unins000.exe,6.524731,0.0,6.602975,0,3,427,1,1
5881_WaaSMedicAgent.exe,5.147491,6.078777,6.078777,0,1,169,0,1
5331_FreqTransfer32.exe,6.471753,6.677518,6.677518,0,1,110,0,1
257_git.exe,6.393867,6.241368,6.241368,0,0,410,1,1
258_lzmadec.exe,5.958176,6.223509,6.223509,0,0,68,1,1
259_lzmainfo.exe,5.997413,6.223355,6.223355,0,0,68,1,1
260_odt2txt.exe,6.044548,6.231836,6.231836,0,0,82,1,1
261_openssl.exe,6.342608,6.148104,6.550724,0,0,1741,1,1
262_p11-kit.exe,5.813858,6.15413,6.15413,0,0,156,1,1
3889_meshdebug.exe,6.52305,5.768981,5.768981,0,0,81,1,1
5896_aspnet_regsql.exe,5.763427,5.521349,5.521349,0,0,0,0,1
5894_aspnet_regbrowsers.exe,5.919102,5.043411,5.043411,0,0,0,0,1
5893_aspnet_regbrowsers.exe,5.906373,5.046245,5.046245,0,0,0,0,1
5892_aspnet_regbrowsers.exe,5.908457,5.042042,5.042042,0,0,0,0,1
5890_aspnet_compiler.exe,5.919436,5.30081,5.30081,0,0,0,0,1
5889_aspnet_compiler.exe,5.90842,5.299589,5.299589,0,0,0,0,1
589_grafana.exe,5.7909,6.168658,6.38315,0,10,160,1,1
594_HCWebControlService.exe,5.854254,6.004526,6.004526,0,2,64,1,1
278_wish86.exe,4.222229,5.973865,5.973865,0,0,49,1,1
279_x86_64-w64-mingw32-agrep.exe,5.538655,5.956047,5.956047,0,0,69,1,1
600_adb.exe,6.724681,6.515845,7.981729,0,2,392,0,1
1409_xmlpatternsvalidator.exe,4.998618,6.039613,6.039613,0,0,68,1,1
1411_qwebengine_convert_dict.exe,6.625945,6.611564,6.611564,0,0,221,1,1
1413_cli-64.exe,5.250475,6.156076,6.156076,0,0,64,1,1
1414_cli-arm64.exe,5.023767,5.859175,5.859175,0,0,56,1,1
1417_gui-64.exe,5.243324,6.13951,6.13951,0,0,64,1,1
5342_nvWmi64.exe,6.320872,6.289155,6.390048,0,1,283,0,1
5341_SphericalEquirect64.exe,6.406831,6.528429,6.528429,0,1,118,0,1
5340_SphericalEquirect32.exe,6.442393,6.66669,6.66669,0,1,109,0,1
5337_NvImageConvert64.exe,6.432505,6.533106,6.533106,0,1,124,0,1
5336_NvImageConvert32.exe,6.470532,6.668648,6.668648,0,1,115,0,1
5334_HighresBlender64.exe,6.441118,6.528688,6.528688,0,1,123,0,1
5333_HighresBlender32.exe,6.476607,6.66739,6.66739,0,1,114,0,1
5332_FreqTransfer64.exe,6.433501,6.537502,6.537502,0,1,119,0,1
292_git-remote-http.exe,6.415885,6.280295,6.280295,0,0,392,1,1
293_git-remote-https.exe,6.415885,6.280295,6.280295,0,0,392,1,1
294_git-sh-i18n--envsubst.exe,6.418279,6.284951,6.284951,0,0,387,1,1
295_git.exe,6.393867,6.241368,6.241368,0,0,410,1,1
264_pkcs1-conv.exe,6.062843,6.224427,6.224427,0,0,89,1,1
265_printf_gettext.exe,6.216634,6.253914,6.253914,0,0,103,1,1
266_printf_ngettext.exe,6.230279,6.262328,6.262328,0,0,104,1,1
267_proxy-lookup.exe,5.984597,6.209555,6.209555,0,0,50,1,1
269_scalar.exe,5.405424,6.280548,6.280548,0,11,387,1,1
270_sexp-conv.exe,6.063899,6.238252,6.238252,0,0,72,1,1
271_tclsh.exe,3.46595,5.762856,5.762856,0,0,40,1,1
272_tclsh86.exe,3.46595,5.762856,5.762856,0,0,40,1,1
273_trust.exe,5.900412,6.25469,6.25469,0,0,167,1,1
274_unxz.exe,6.114972,6.197031,6.197031,0,0,128,1,1
275_WhoUses.exe,6.060106,6.126894,6.126894,0,0,110,1,1
277_wish.exe,4.222229,5.973865,5.973865,0,0,49,1,1
308_basename.exe,5.710897,6.095967,6.095967,0,1,60,0,1
309_basenc.exe,5.890013,6.155103,6.155103,0,1,68,0,1
310_bash.exe,6.869397,6.354123,7.078051,0,1,280,0,1
311_bunzip2.exe,6.241068,6.236505,6.236505,0,1,56,0,1
280_xmlwf.exe,6.109942,6.162761,6.162761,0,0,114,1,1
281_xz.exe,6.114972,6.197031,6.197031,0,0,128,1,1
282_xzcat.exe,6.114972,6.197031,6.197031,0,0,128,1,1
283_xzdec.exe,5.956731,6.223122,6.223122,0,0,68,1,1
284_git-credential-wincred.exe,6.516855,6.219596,6.219596,0,0,78,1,1
285_git-daemon.exe,6.414104,6.280547,6.280547,0,0,391,1,1
286_git-http-backend.exe,6.415352,6.280956,6.280956,0,0,387,1,1
287_git-http-fetch.exe,6.418127,6.281169,6.281169,0,0,392,1,1
288_git-http-push.exe,6.417043,6.279764,6.279764,0,0,400,1,1
289_git-imap-send.exe,6.419088,6.281703,6.281703,0,0,423,1,1
290_git-remote-ftp.exe,6.415885,6.280295,6.280295,0,0,392,1,1
291_git-remote-ftps.exe,6.415885,6.280295,6.280295,0,0,392,1,1
323_cksum.exe,5.653021,6.009838,6.009838,0,1,64,0,1
325_cmp.exe,5.617365,6.160672,6.160672,0,1,78,0,1
326_column.exe,5.71578,6.049491,6.049491,0,1,116,0,1
327_comm.exe,5.688619,6.046052,6.046052,0,1,67,0,1
296_headless-git.exe,6.217106,5.959288,5.959288,0,0,48,1,1
297_scalar.exe,5.405424,6.280548,6.280548,0,11,387,1,1
298_p11-kit-remote.exe,6.044531,6.173603,6.173603,0,0,98,1,1
299_p11-kit-server.exe,6.132216,6.218051,6.218051,0,0,122,1,1
300_compat-bash.exe,6.132608,5.981185,5.981185,0,0,85,1,1
301_edit-git-bash.exe,5.644398,5.80979,5.882792,0,11,38,1,1
302_git-wrapper.exe,6.178401,5.986539,5.986539,0,0,85,1,1
303_arch.exe,5.596335,6.039371,6.039371,0,1,60,0,1
304_awk.exe,6.404333,6.333753,6.333753,0,1,290,0,1
305_b2sum.exe,6.015854,6.209396,6.209396,0,1,76,0,1
306_base32.exe,5.709759,6.144355,6.144355,0,1,68,0,1
307_base64.exe,5.676761,6.07588,6.07588,0,1,68,0,1
338_df.exe,6.16537,6.30382,6.30382,0,1,103,0,1
339_diff.exe,5.619068,6.253972,6.253972,0,1,132,0,1
340_diff3.exe,5.680792,6.189682,6.189682,0,1,82,0,1
341_dir.exe,6.251371,6.273704,6.273704,0,1,134,0,1
342_dircolors.exe,6.030572,6.183583,6.183583,0,1,79,0,1
343_dirmngr-client.exe,6.081994,6.136587,6.136587,0,1,178,0,1
312_bzcat.exe,6.241068,6.236505,6.236505,0,1,56,0,1
313_bzip2.exe,6.241068,6.236505,6.236505,0,1,56,0,1
315_captoinfo.exe,5.809836,6.154406,6.154406,0,1,116,0,1
316_cat.exe,5.683017,6.087476,6.087476,0,1,69,0,1
317_chattr.exe,4.308719,5.3208,5.3208,0,1,34,0,1
318_chcon.exe,5.921918,6.162371,6.162371,0,1,81,0,1
319_chgrp.exe,5.963277,6.120851,6.120851,0,1,91,0,1
320_chmod.exe,5.922833,6.186614,6.186614,0,1,76,0,1
321_chown.exe,5.961393,6.145811,6.145811,0,1,93,0,1
322_chroot.exe,5.715692,6.057505,6.057505,0,1,77,0,1
352_expand.exe,5.679115,6.083045,6.083045,0,1,66,0,1
353_expr.exe,6.138845,6.161092,6.161092,0,1,86,0,1
354_factor.exe,6.398929,6.16062,7.087096,0,1,101,0,1
355_false.exe,5.553353,5.973757,5.973757,0,1,55,0,1
356_file.exe,5.235864,5.73712,5.73712,0,1,54,0,1
3719_ms2mit.exe,4.816174,5.673706,5.673706,0,0,64,1,1
3721_linkicc.exe,6.471801,6.529275,6.529275,0,1,82,0,1
328_cp.exe,6.075271,6.165099,6.165099,0,1,150,0,1
329_csplit.exe,6.124178,6.161938,6.161938,0,1,92,0,1
330_cut.exe,5.72557,6.084937,6.084937,0,1,75,0,1
331_cygcheck.exe,6.175287,6.320167,6.36576,0,9,181,1,1
332_cygpath.exe,4.836027,5.737379,5.737379,0,1,79,0,1
333_cygwin-console-helper.exe,5.904118,6.236896,6.236896,0,9,50,1,1
335_dash.exe,6.007953,6.219997,6.219997,0,1,94,0,1
336_date.exe,6.291328,6.29126,6.29126,0,1,85,0,1
337_dd.exe,6.247481,6.302491,6.302491,0,1,92,0,1
5330_nvgwls.exe,6.55656,6.432685,6.432685,0,1,125,0,1
5329_NVDisplay.Container.exe,6.486217,6.413704,6.413704,0,2,198,1,1
5328_vulkaninfo-x86.exe,5.989712,5.800957,6.284478,0,1,102,0,1
5324_nvsmartmaxapp64.exe,6.614371,6.468384,6.468384,0,1,114,0,1
5323_nvsmartmaxapp.exe,6.742489,6.657055,6.657055,0,1,113,0,1
5320_nvidia-smi.exe,6.559299,6.4396,6.4396,0,1,187,0,1
5319_nvidia-pcc.exe,6.474493,6.310405,6.842698,0,1,190,0,1
5318_NVGPUP.Container.exe,6.484634,6.413704,6.413704,0,2,198,1,1
5317_nvdispco64.exe,6.348568,6.388206,7.562454,0,0,255,0,1
5314_dbInstaller.exe,6.522172,6.466432,6.466432,0,1,150,0,1
5313_MptfGenericService.exe,5.767135,6.070481,6.070481,0,1,158,0,1
5309_ipf_uf.exe,6.267411,6.475472,6.475472,0,2,262,1,1
5308_ipf_helper.exe,6.518468,6.4664,6.4664,0,1,184,0,1
349_echo.exe,5.717517,6.079442,6.079442,0,1,57,0,1
350_env.exe,5.828226,6.129588,6.129588,0,1,77,0,1
351_ex.exe,6.275361,6.294907,6.294907,0,1,268,0,1
5294_OneApp.IGCC.WinService.LACE.exe,6.502004,6.446499,6.485601,0,4,458,1,1
5284_SysInfoCap.exe,6.534258,6.251947,6.251947,0,1,420,0,1
5282_DiagsCap.exe,6.544095,6.253817,6.253817,0,1,420,0,1
3738_grpc_python_plugin.exe,6.639085,5.889257,5.889257,0,0,49,1,1
3741_png-fix-itxt.exe,5.026266,6.065397,6.065397,0,0,43,1,1
3751_conda2solv.exe,6.54676,5.676361,5.676361,0,0,66,1,1
3752_dumpsolv.exe,6.608892,6.099786,6.099786,0,0,74,1,1
3753_installcheck.exe,6.648801,6.042619,6.042619,0,0,76,1,1
3863_python.exe,6.361894,5.817004,6.162647,0,0,63,1,1
3864_pythonw.exe,6.382867,5.874733,6.163423,0,0,64,1,1
3874_pythonservice.exe,6.359798,5.997837,5.997837,0,0,88,1,1
3722_psicc.exe,6.471771,6.530714,6.530714,0,1,83,0,1
3724_transicc.exe,6.481789,6.528945,6.528945,0,1,83,0,1
344_dirmngr.exe,6.34674,6.259182,6.259182,0,1,472,0,1
345_dirname.exe,5.599485,6.020236,6.020236,0,1,59,0,1
347_du.exe,6.261578,6.248735,6.248735,0,1,120,0,1
5274_DiagsCap.exe,6.54165,6.253671,6.253671,0,1,420,0,1
5269_AppHelperCap.exe,6.541087,6.253777,6.253777,0,1,420,0,1
5268_SysInfoCap.exe,6.53433,6.251947,6.251947,0,1,420,0,1
5263_DiagsCap.exe,6.544137,6.253817,6.253817,0,1,420,0,1
737_pg_waldump.exe,6.410404,6.286534,6.286534,0,0,143,1,1
744_zic.exe,6.206452,6.365444,6.365444,0,0,100,1,1
5307_ipf_uf.exe,6.251851,6.472498,6.472498,0,2,261,1,1
5306_ipf_helper.exe,6.517131,6.468185,6.468185,0,1,184,0,1
5305_IntelAudioService.exe,5.827632,5.728125,5.728125,0,0,0,0,1
5304_IntelAudioService.exe,5.819255,5.727586,5.727586,0,0,0,0,1
5302_vulkaninfo-32.exe,5.997938,5.824975,6.29,0,1,102,0,1
5301_IntelDisplayUMService.exe,6.431887,6.440804,6.440804,0,1,137,0,1
5300_IntelCpHDCPSvc.exe,6.339954,6.378085,6.378085,0,1,184,0,1
5297_IntelDisplayUMService.exe,6.421117,6.430113,6.430113,0,1,132,0,1
5296_IntelCpHDCPSvc.exe,6.345432,6.378597,6.378597,0,1,184,0,1
5295_OneApp.IGCC.WinService.exe,6.784245,5.750797,5.750797,0,0,0,0,1
5228_AppHelperCap.exe,6.520741,6.241142,6.241142,0,1,421,0,1
751_pythonw.exe,6.237948,5.888888,6.165909,0,0,50,1,1
5260_AppHelperCap.exe,6.541226,6.25054,6.25054,0,1,420,0,1
5259_SysInfoCap.exe,6.534229,6.251947,6.251947,0,1,420,0,1
5255_DiagsCap.exe,6.544094,6.253817,6.253817,0,1,420,0,1
5252_AppHelperCap.exe,6.541231,6.25054,6.25054,0,1,420,0,1
5251_SysInfoCap.exe,6.540055,6.251775,6.251775,0,1,420,0,1
5247_DiagsCap.exe,6.54148,6.253671,6.253671,0,1,420,0,1
726_pg_receivewal.exe,6.116175,6.18282,6.18282,0,0,191,1,1
727_pg_recvlogical.exe,6.137717,6.19047,6.19047,0,0,193,1,1
732_pg_rewind.exe,6.383396,6.245033,6.245033,0,0,181,1,1
3754_mergesolv.exe,6.551435,5.622874,5.622874,0,0,70,1,1
5279_AppHelperCap.exe,6.541283,6.25054,6.25054,0,1,420,0,1
754_wininst-14.0-amd64.exe,6.562134,6.511983,6.511983,0,1,174,0,1
755_wininst-14.0.exe,6.712625,6.605796,6.613828,0,1,173,0,1
5278_SysInfoCap.exe,6.54006,6.251775,6.251775,0,1,420,0,1
3775_runxmlconf.exe,6.553153,5.988302,5.988302,0,0,77,1,1
3776_xmlcatalog.exe,6.616796,6.001663,6.001663,0,0,76,1,1
3777_xmllint.exe,6.343618,5.997342,5.997342,0,0,193,1,1
3778_xsltproc.exe,6.520995,5.95217,5.95217,0,0,101,1,1
3780_lzopack.exe,5.838247,6.220416,6.220416,0,0,51,1,1
3782_simple.exe,5.407866,6.220183,6.220183,0,0,44,1,1
3783_testmini.exe,5.243164,6.067476,6.067476,0,0,42,1,1
733_pg_standby.exe,6.015783,6.186985,6.186985,0,0,107,1,1
734_pg_test_fsync.exe,6.02983,6.192566,6.192566,0,0,142,1,1
736_pg_upgrade.exe,6.302075,6.253399,6.253399,0,0,192,1,1
5244_AppHelperCap.exe,6.540896,6.253777,6.253777,0,1,420,0,1
5243_SysInfoCap.exe,6.527629,6.242324,6.242324,0,1,421,0,1
5239_DiagsCap.exe,6.522659,6.240009,6.240009,0,1,421,0,1
5236_AppHelperCap.exe,6.520715,6.241142,6.241142,0,1,421,0,1
5235_SysInfoCap.exe,6.527625,6.242324,6.242324,0,1,421,0,1
5231_DiagsCap.exe,6.522842,6.240009,6.240009,0,1,421,0,1
884_fc-list.exe,4.727737,5.938264,5.938264,0,0,54,1,1
885_fc-match.exe,4.680682,6.043972,6.043972,0,0,58,1,1
886_fc-pattern.exe,4.56106,5.702962,5.702962,0,0,51,1,1
887_fc-query.exe,4.683991,5.872932,5.872932,0,0,47,1,1
5222_HPDockWMIProvider.exe,7.129925,6.56254,6.56254,0,0,300,0,1
5220_cdb.exe,5.158599,6.103213,6.103213,0,2,150,1,1
711_ecpg.exe,5.508748,6.214304,6.214304,0,0,135,1,1
712_initdb.exe,6.226863,6.309183,6.309183,0,0,190,1,1
715_pgbench.exe,6.310083,6.291337,6.291337,0,0,182,1,1
889_fc-validate.exe,5.075567,6.05263,6.05263,0,0,59,1,1
890_fdp.exe,4.762624,5.941069,5.941069,0,0,57,1,1
894_genbrk.exe,6.253654,6.506896,6.506896,0,1,121,0,1
895_genccode.exe,6.16678,6.491032,6.491032,0,1,81,0,1
3772_tiffmedian.exe,6.633195,6.381678,6.381678,0,0,60,1,1
3773_tiffset.exe,6.527916,6.075637,6.075637,0,0,71,1,1
3774_tiffsplit.exe,6.433508,5.984531,5.984531,0,0,68,1,1
3424_ms2mit.exe,4.816174,5.673706,5.673706,0,0,64,1,1
888_fc-scan.exe,4.864261,6.03139,6.03139,0,0,54,1,1
5211_HPDockWMIProvider.exe,7.129907,6.56254,6.56254,0,0,300,0,1
5209_cdb.exe,5.158221,6.103213,6.103213,0,2,150,1,1
5200_HPDockWMIProvider.exe,7.129925,6.56254,6.56254,0,0,300,0,1
859_circo.exe,4.762624,5.941069,5.941069,0,0,57,1,1
862_conda2solv.exe,4.670996,5.677937,5.677937,0,0,66,1,1
896_gencfu.exe,6.222203,6.501184,6.501184,0,1,89,0,1
897_gencmn.exe,6.174811,6.497515,6.497515,0,1,76,0,1
899_gendict.exe,6.272844,6.485996,6.485996,0,1,169,0,1
900_gennorm2.exe,6.28728,6.333362,6.333362,0,1,195,0,1
901_genrb.exe,6.211856,6.164676,6.164676,0,1,240,0,1
876_dumpsolv.exe,5.311069,6.098955,6.098955,0,0,74,1,1
881_fc-cache.exe,5.026758,5.899532,5.899532,0,0,77,1,1
882_fc-cat.exe,4.930226,5.958682,5.958682,0,0,71,1,1
883_fc-conflist.exe,4.435824,5.578328,5.578328,0,0,48,1,1
3446_qcollectiongenerator.exe,6.537001,5.915165,5.915165,0,0,47,1,1
865_cxpm.exe,5.655276,6.075804,6.075804,0,10,61,1,1
866_derb.exe,6.216082,6.463747,6.463747,0,1,127,0,1
871_dot.exe,4.762624,5.941069,5.941069,0,0,57,1,1
5198_cdb.exe,5.158623,6.103213,6.103213,0,2,150,1,1
5190_DeviceMetadataInstaller_amd64.exe,5.898529,6.121985,6.121985,0,1,132,0,1
5189_ipfsvc.exe,6.520993,6.483895,6.483895,0,1,152,0,1
5188_ipfsvc.exe,6.522272,6.484823,6.484823,0,1,152,0,1
5187_DAX3API.exe,6.361517,6.375244,6.375244,0,1,278,0,1
5186_jhi_service.exe,6.440921,6.443214,6.443214,0,1,185,0,1
5185_jhi_service.exe,6.441424,6.443247,6.443247,0,1,185,0,1
5184_igfxSDK.exe,6.062548,6.306153,6.306153,0,1,242,0,1
3419_meshdebug.exe,6.52305,5.768981,5.768981,0,0,81,1,1
3420_mirror_server.exe,6.736235,5.952616,5.952616,0,0,42,1,1
3421_mirror_server_stop.exe,6.738717,5.952616,5.952616,0,0,42,1,1
3422_mit2ms.exe,4.749309,5.758482,5.758482,0,0,58,1,1
841_gui-64.exe,5.243324,6.13951,6.13951,0,0,64,1,1
842_gui-arm64.exe,5.024435,5.859797,5.859797,0,0,56,1,1
844_pythonservice.exe,5.034735,5.963122,5.963122,0,0,88,1,1
853_bsdcpio.exe,6.418431,6.429141,6.429141,0,0,294,1,1
5182_igfxEMN.exe,6.480694,6.406104,6.406104,0,1,307,0,1
5181_igfxCUIServiceN.exe,6.294864,6.438459,6.438459,0,1,211,0,1
5180_GfxDownloadWrapper.exe,6.542126,5.230286,6.215495,0,0,0,0,1
2925_VisualUIAVerifyNative.exe,5.92984,5.875891,5.875891,0,0,0,0,1
2924_acccheckui.exe,5.992619,5.852799,5.852799,0,0,0,0,1
2923_AccCheckConsole.exe,5.941284,5.057613,5.057613,0,0,0,0,1
2922_xpsconverter.exe,5.907387,5.556409,5.556409,0,0,0,0,1
2920_wsutil.exe,5.847585,5.798036,5.798036,0,0,0,0,1
2915_wsdcodegen.exe,5.438869,5.441179,5.441179,0,0,0,0,1
3437_png-fix-itxt.exe,5.026266,6.065397,6.065397,0,0,43,1,1
3440_produce_x_platform_fuzz_corpus.exe,4.98697,5.790143,5.790143,0,0,71,1,1
3445_psicc.exe,6.471771,6.530714,6.530714,0,1,83,0,1
823_os2_util.exe,6.670766,0.0,0.0,0,0,0,0,1
2261_MicrosoftEdgeComRegisterShellARM64.exe,5.695259,6.33565,6.33565,0,1,101,0,1
2260_CopilotUpdate.exe,6.45943,4.844443,5.608355,0,0,22,1,1
2258_CopilotUpdate.exe,6.460539,4.804033,5.606174,0,0,21,1,1
2910_vssagent.exe,5.77951,5.972871,5.972871,0,0,234,1,1
2304_AppVDllSurrogate64.exe,6.000022,6.283624,6.283624,0,1,106,0,1
2300_copilot_setup.exe,6.13445,5.697162,5.697162,0,0,38,1,1
2299_ie_to_edge_stub.exe,6.412102,6.49349,6.49349,0,2,124,1,1
826_python.exe,6.05772,5.696447,6.162675,0,0,64,1,1
827_pythonw.exe,6.065201,5.757807,6.163606,0,0,65,1,1
837_cli-64.exe,5.250475,6.156076,6.156076,0,0,64,1,1
838_cli-arm64.exe,5.023767,5.859175,5.859175,0,0,56,1,1
2285_copilot_setup.exe,6.135142,5.697162,5.697162,0,0,38,1,1
2284_ie_to_edge_stub.exe,6.41215,6.49349,6.49349,0,2,124,1,1
3456_qmake.exe,6.399099,6.329836,6.329836,0,1,149,0,1
5183_igfxextN.exe,6.275084,6.384641,6.384641,0,1,136,0,1
2256_copilot_setup.exe,6.13445,5.697162,5.697162,0,0,38,1,1
2255_ie_to_edge_stub.exe,6.412102,6.49349,6.49349,0,2,124,1,1
2241_copilot_setup.exe,6.13445,5.697162,5.697162,0,0,38,1,1
2240_ie_to_edge_stub.exe,6.412102,6.49349,6.49349,0,2,124,1,1
1096_twopi.exe,4.762624,5.941069,5.941069,0,0,57,1,1
1102_wish.exe,4.006545,5.630552,5.630552,0,0,54,1,1
1103_wish86.exe,4.006545,5.630552,5.630552,0,0,54,1,1
1104_wish86t.exe,4.006545,5.630552,5.630552,0,0,54,1,1
807_VBoxAudioTest.exe,6.472283,6.254206,6.254206,0,0,246,1,1
2226_copilot_setup.exe,6.135142,5.697162,5.697162,0,0,38,1,1
73_FNPLicensingService64.exe,6.208452,6.386646,6.386646,0,1,200,0,1
71_mDNSResponder.exe,6.516662,6.42466,6.42466,0,0,168,1,1
54_python.exe,6.40207,5.76275,6.162701,0,0,43,1,1
52_blender-launcher.exe,2.07648,6.135047,6.135047,0,0,58,1,1
3480_rdjpgcom.exe,6.65115,5.806633,5.806633,0,0,50,1,1
812_VBoxDTrace.exe,6.494817,5.806235,5.806235,0,0,57,1,1
3503_tiffset.exe,6.527916,6.075637,6.075637,0,0,71,1,1
3504_tiffsplit.exe,6.433508,5.984531,5.984531,0,0,68,1,1
3507_transicc.exe,6.481789,6.528945,6.528945,0,1,83,0,1
3511_wish.exe,4.883731,5.630552,5.630552,0,0,54,1,1
3512_wish86.exe,4.883396,5.630552,5.630552,0,0,54,1,1
3513_wish86t.exe,4.884244,5.630552,5.630552,0,0,54,1,1
3482_runxmlconf.exe,6.553153,5.988302,5.988302,0,0,77,1,1
3483_run_x_platform_fuzz_corpus.exe,5.204057,5.983559,5.983559,0,0,72,1,1
3484_sha256_profile.exe,5.212035,5.893635,5.893635,0,0,55,1,1
3485_sqlite3.exe,5.931755,5.710135,6.079988,0,2,147,1,1
3486_tclsh.exe,4.169818,5.989557,5.989557,0,0,48,1,1
3487_tclsh86.exe,4.170503,5.989557,5.989557,0,0,48,1,1
3488_tclsh86t.exe,4.169687,5.989557,5.989557,0,0,48,1,1
3468_qmltestrunner.exe,6.539254,5.84319,5.84319,0,0,41,1,1
3474_qtplugininfo.exe,6.484431,5.963624,5.963624,0,0,110,1,1
3477_qwebengine_convert_dict.exe,6.628951,6.609771,6.609771,0,0,230,1,1
2013_klnagchk.exe,6.407835,6.298465,6.669825,0,3,6,0,1
2014_klnagent.exe,6.3755,6.313882,6.715157,0,3,6,0,1
4427_AppLaunch.exe,6.179914,5.759589,6.351853,0,0,112,1,1
47_CreatePDFPrinterUtility64.exe,6.26102,6.482796,6.482796,0,3,113,1,1
40_adobe_licensing_wf_helper_acro.exe,6.186517,6.170019,6.170019,0,1,79,0,1
39_adobe_licensing_wf_acro.exe,6.472943,6.307047,6.307047,0,1,279,0,1
38_Adobe_Acrobat_Diagnostics.exe,6.076731,5.997001,5.997001,0,0,0,0,1
27_CRLogTransport.exe,6.446141,6.26608,6.26608,0,0,220,1,1
25_AdobeCollabSync.exe,6.559248,6.413719,6.845796,0,1,1173,0,1
1088_tiffmedian.exe,5.679135,6.381678,6.381678,0,0,60,1,1
1089_tiffset.exe,5.147759,6.075637,6.075637,0,0,71,1,1
1090_tiffsplit.exe,5.138928,5.984531,5.984531,0,0,68,1,1
13_Uninstall.exe,5.378002,6.06757,6.06757,0,0,62,1,1
11_7zFM.exe,6.170819,6.281289,6.281289,0,0,292,1,1
5_deplister.exe,6.165806,6.489411,6.489411,0,1,77,0,1
3502_tiffmedian.exe,6.633195,6.381678,6.381678,0,0,60,1,1
1075_tclsh86t.exe,3.248023,5.989557,5.989557,0,0,48,1,1
2174_copilot_setup.exe,6.13445,5.697162,5.697162,0,0,38,1,1
2173_ie_to_edge_stub.exe,6.412102,6.49349,6.49349,0,2,124,1,1
2156_dcfiletransfer.exe,6.657316,6.651708,6.651708,0,2,718,1,1
2155_dc_rds.exe,6.712938,6.681274,6.681274,0,2,753,1,1
4417_vmconnect.exe,5.645385,5.575361,5.906297,0,0,0,0,1
2023_klwd.exe,6.639254,6.618781,6.618781,0,1,107,0,1
2026_Up2Date.exe,6.345692,6.388143,6.672313,0,3,6,0,1
2027_vapm.exe,6.352435,6.368875,6.643237,0,3,6,0,1
2030_AppCtrlToast.exe,6.673378,6.548476,6.6441,0,1,278,0,1
2035_ec_acp64service.exe,6.398157,6.487605,6.487605,0,1,112,0,1
3514_wrjpgcom.exe,6.649955,5.891493,5.891493,0,0,51,1,1
3515_xmlcatalog.exe,6.616796,6.001663,6.001663,0,0,76,1,1
3516_xmllint.exe,6.343618,5.997342,5.997342,0,0,193,1,1
3518_xmlpatternsvalidator.exe,6.590335,6.039619,6.039619,0,0,68,1,1
2009_klcsngtgui.exe,3.664851,6.346504,6.664188,0,3,6,0,1
4410_VBCSCompiler.ni.exe,6.239074,6.651693,6.651693,0,0,0,0,1
4411_vmconnect.ni.exe,6.042502,6.253324,6.253324,0,0,0,0,1
4412_BrowserCore.exe,5.88016,6.17182,6.17182,0,2,216,1,1
4414_SystemSettings.exe,5.225351,5.971417,5.971417,0,2,98,1,1
4416_MSBuild.exe,6.122253,5.967057,5.967057,0,0,0,0,1
2_wampserver3.3.5_x64.exe,7.999887,6.357635,6.357635,0,2,142,0,1
2225_ie_to_edge_stub.exe,6.41215,6.49349,6.49349,0,2,124,1,1
2211_copilot_setup.exe,6.13445,5.697162,5.697162,0,0,38,1,1
2210_ie_to_edge_stub.exe,6.412102,6.49349,6.49349,0,2,124,1,1
2194_copilot_setup.exe,6.135142,5.697162,5.697162,0,0,38,1,1
2193_ie_to_edge_stub.exe,6.41215,6.49349,6.49349,0,2,124,1,1
1063_qwebengine_convert_dict.exe,6.625945,6.611564,6.611564,0,0,221,1,1
1070_sfdp.exe,4.762624,5.941069,5.941069,0,0,57,1,1
1072_sxpm.exe,5.555772,5.920213,5.920213,0,10,86,1,1
1073_tclsh.exe,3.248023,5.989557,5.989557,0,0,48,1,1
1074_tclsh86.exe,3.248023,5.989557,5.989557,0,0,48,1,1
4395_MSBuild.ni.exe,6.183077,6.685179,6.685179,0,0,0,0,1
4396_MSBuildTaskHost.ni.exe,6.069811,6.627063,6.627063,0,0,0,0,1
4397_ServiceHub.Host.CLR.x64.ni.exe,3.883873,4.959135,4.959135,0,0,0,0,1
4398_testhost.ni.exe,5.573864,6.126006,6.126006,0,0,0,0,1
4399_testhost.net452.ni.exe,5.58005,6.135081,6.135081,0,0,0,0,1
4400_testhost.net46.ni.exe,5.579591,6.13423,6.13423,0,0,0,0,1
4401_testhost.net461.ni.exe,5.58015,6.135137,6.135137,0,0,0,0,1
4402_testhost.net462.ni.exe,5.579343,6.133756,6.133756,0,0,0,0,1
4403_testhost.net47.ni.exe,5.579559,6.134327,6.134327,0,0,0,0,1
4404_testhost.net471.ni.exe,5.580224,6.134804,6.134804,0,0,0,0,1
2036_Inject64.exe,6.389981,6.465092,6.465092,0,1,131,0,1
4405_testhost.net472.ni.exe,5.579358,6.133713,6.133713,0,0,0,0,1
4406_testhost.net48.ni.exe,5.580171,6.134886,6.134886,0,0,0,0,1
4407_vbc.ni.exe,6.248812,6.64834,6.64834,0,0,0,0,1
4408_vbc.ni.exe,6.259088,6.652217,6.652217,0,0,0,0,1
4409_VBCSCompiler.ni.exe,6.249348,6.652462,6.652462,0,0,0,0,1
4379_testhost.net48.x86.ni.exe,5.948743,6.203616,6.203616,0,0,0,0,1
4380_testhost.x86.ni.exe,5.942317,6.195934,6.195934,0,0,0,0,1
4381_TF.ni.exe,6.774749,6.80109,6.80109,0,0,0,0,1
4382_vbc.ni.exe,6.647335,6.738417,6.738417,0,0,0,0,1
4383_vbc.ni.exe,6.66299,6.764162,6.764162,0,0,0,0,1
4384_VBCSCompiler.ni.exe,6.677709,6.767443,6.767443,0,0,0,0,1
4385_VBCSCompiler.ni.exe,6.650844,6.742406,6.742406,0,0,0,0,1
4386_VcxprojReader.ni.exe,6.561865,6.702634,6.702634,0,0,0,0,1
4387_csc.ni.exe,6.247852,6.645664,6.645664,0,0,0,0,1
4388_csc.ni.exe,6.25164,6.641376,6.641376,0,0,0,0,1
4389_csi.ni.exe,4.580143,5.549287,5.549287,0,0,0,0,1
4390_csi.ni.exe,4.555952,5.534316,5.534316,0,0,0,0,1
4391_InspectVhdDialog.ni.exe,5.750123,5.901192,5.901192,0,0,0,0,1
4392_InteractiveHost64.ni.exe,4.922997,5.719194,5.719194,0,0,0,0,1
4393_Microsoft.ServiceHub.Controller.ni.exe,6.225739,6.693293,6.693293,0,0,0,0,1
4394_MSBuild.ni.exe,6.2337,6.700816,6.700816,0,0,0,0,1
4364_InteractiveHost32.ni.exe,5.345809,5.817005,5.817005,0,0,0,0,1
4365_Microsoft.Alm.Shared.Remoting.RemoteContainer.ni.exe,6.003616,6.32322,6.32322,0,0,0,0,1
4366_Microsoft.ServiceHub.Controller.ni.exe,6.673941,6.776249,6.776249,0,0,0,0,1
4367_MSBuild.ni.exe,6.697073,6.791208,6.791208,0,0,0,0,1
4368_MSBuild.ni.exe,6.665251,6.78873,6.78873,0,0,0,0,1
4369_MSBuildTaskHost.ni.exe,6.568361,6.738449,6.738449,0,0,0,0,1
4370_PSHOST.ni.exe,6.546219,6.629155,6.629155,0,0,0,0,1
4371_ServiceHub.Host.CLR.x86.ni.exe,4.140978,4.882431,4.882431,0,0,0,0,1
4372_testhost.net452.x86.ni.exe,5.952024,6.207785,6.207785,0,0,0,0,1
2083_DevExe32.exe,6.830421,5.614461,5.614461,0,0,0,0,1
4373_testhost.net46.x86.ni.exe,5.949024,6.203918,6.203918,0,0,0,0,1
4374_testhost.net461.x86.ni.exe,5.951269,6.206829,6.206829,0,0,0,0,1
4375_testhost.net462.x86.ni.exe,5.951867,6.207633,6.207633,0,0,0,0,1
4376_testhost.net47.x86.ni.exe,5.949807,6.204893,6.204893,0,0,0,0,1
4377_testhost.net471.x86.ni.exe,5.95256,6.208381,6.208381,0,0,0,0,1
4378_testhost.net472.x86.ni.exe,5.951274,6.20698,6.20698,0,0,0,0,1
1052_qmltestrunner.exe,4.504108,5.84319,5.84319,0,0,41,1,1
1059_qtplugininfo.exe,5.434493,5.963569,5.963569,0,0,110,1,1
2144_VssHelper.exe,6.399191,6.460869,6.460869,0,1,126,0,1
2143_TelemetryService.exe,6.547433,6.464836,6.464836,0,1,220,0,1
2142_MEEDRMCEngine.exe,6.512951,6.41696,6.41696,0,1,204,0,1
2141_MEEDRInferenceEngine.exe,6.482986,6.380022,6.380022,0,1,199,0,1
2139_EDRUI.exe,5.881627,6.464205,6.464205,0,1,143,0,1
2138_MEARWZipUtil.exe,6.481319,6.500954,6.500954,0,1,113,0,1
2136_VssHelper.exe,6.399191,6.460869,6.460869,0,1,126,0,1
2135_TelemetryService.exe,6.547433,6.464836,6.464836,0,1,220,0,1
2134_MEEDRMCEngine.exe,6.512951,6.41696,6.41696,0,1,204,0,1
2133_MEEDRInferenceEngine.exe,6.482986,6.380022,6.380022,0,1,199,0,1
4360_csc.ni.exe,6.66615,6.765896,6.765896,0,0,0,0,1
4361_csi.ni.exe,4.694667,5.450149,5.450149,0,0,0,0,1
4362_csi.ni.exe,5.081929,5.699308,5.699308,0,0,0,0,1
4363_InspectVhdDialog.ni.exe,5.86116,5.888457,6.558492,0,0,0,0,1
4351_pyw.exe,6.483059,6.649452,6.649452,0,1,109,0,1
4352_regedit.exe,5.896694,6.135328,6.135328,0,2,387,1,1
4353_splwow64.exe,5.739273,6.089584,6.197059,0,2,203,1,1
2131_EDRUI.exe,5.881627,6.464205,6.464205,0,1,143,0,1
2130_MEARWZipUtil.exe,6.481319,6.500954,6.500954,0,1,113,0,1
2118_uesFaDataPopulator.exe,6.556774,6.621842,6.621842,0,0,203,1,1
2117_uesDevCtrlSummary.exe,6.564133,6.612613,6.612613,0,0,241,1,1
2116_uesAgentService.exe,6.558068,6.604012,6.604012,0,0,272,1,1
1014_patchwork.exe,4.762624,5.941069,5.941069,0,0,57,1,1
3920_qtplugininfo.exe,6.484431,5.963624,5.963624,0,0,110,1,1
2084_DevExe64.exe,6.832249,5.616074,5.616074,0,0,0,0,1
2090_mdmregistrationhandler.exe,6.468633,6.514701,6.514701,0,0,99,1,1
2091_mdmregistrationhandler_64.exe,6.176198,6.437322,6.437322,0,0,103,1,1
2095_NativeUIHandler.exe,6.511547,6.097008,6.549432,0,2,163,1,1
4359_csc.ni.exe,6.646194,6.738952,6.738952,0,0,0,0,1
2148_dlpuninstall.exe,6.271735,6.455767,6.455767,0,1,123,0,1
4524_bdechangepin.exe,6.33259,5.877158,6.397485,0,2,258,1,1
3942_cli-arm64.exe,5.023767,5.859175,5.859175,0,0,56,1,1
3945_gui-64.exe,5.243324,6.13951,6.13951,0,0,64,1,1
3946_gui-arm64.exe,5.024435,5.859797,5.859797,0,0,56,1,1
3950_wininst-14.0-amd64.exe,6.562134,6.511983,6.511983,0,1,174,0,1
3951_wininst-14.0.exe,6.712625,6.605796,6.613828,0,1,173,0,1
4526_BdeUISrv.exe,4.534994,5.818962,5.818962,0,2,153,1,1
4529_BioIso.exe,6.276684,6.196379,6.726887,0,6,162,1,1
4334_deplister.exe,6.168043,6.485926,6.485926,0,1,77,0,1
4339_deplister.exe,6.168045,6.485926,6.485926,0,1,77,0,1
3929_xmlpatternsvalidator.exe,6.590335,6.039619,6.039619,0,0,68,1,1
3931_qwebengine_convert_dict.exe,6.628951,6.609771,6.609771,0,0,230,1,1
3941_cli-64.exe,5.250475,6.156076,6.156076,0,0,64,1,1
4347_HelpPane.exe,4.820426,6.305327,6.305327,0,2,338,1,1
4349_notepad.exe,6.482319,6.238186,6.968016,0,2,315,1,1
4350_py.exe,6.486305,6.661207,6.661207,0,1,108,0,1
4519_backgroundTaskHost.exe,3.527931,4.872027,4.872027,0,2,30,1,1
1018_pkgdata.exe,6.101584,6.406786,6.406786,0,1,102,0,1
1019_png-fix-itxt.exe,4.925327,6.079835,6.079835,0,0,45,1,1
1025_prune.exe,5.177923,6.087753,6.087753,0,0,76,1,1
1027_qcollectiongenerator.exe,4.675354,5.915165,5.915165,0,0,47,1,1
2110_EMSTrustAgent.exe,6.563277,6.508466,6.508466,0,1,389,0,1
1906_wslservice.exe,6.227984,6.345656,6.400087,0,1,507,0,1
1905_wslrelay.exe,5.984527,6.459255,6.459255,0,1,305,0,1
1904_wslhost.exe,5.984412,6.454683,6.454683,0,1,317,0,1
1903_wslg.exe,5.896195,6.42278,6.42278,0,1,347,0,1
1902_wsl.exe,5.896367,6.422706,6.422706,0,1,347,0,1
1901_msrdc.exe,6.363082,6.407406,6.407406,0,1,339,0,1
1899_etwdump.exe,5.419186,6.091384,6.091384,0,0,141,1,1
1888_editcap.exe,5.466691,6.096546,6.096546,0,0,188,1,1
1887_dumpcap.exe,5.936367,6.215648,6.215648,0,0,393,1,1
4523_bcdedit.exe,5.267749,6.277683,6.277683,0,4,243,1,1
1303_xmlcatalog.exe,5.461867,6.001663,6.001663,0,0,76,1,1
1304_xmllint.exe,5.846315,5.999371,5.999371,0,0,193,1,1
1305_xsltproc.exe,5.501234,5.952001,5.952001,0,0,101,1,1
1009_osage.exe,4.762624,5.941069,5.941069,0,0,57,1,1
1011_pango-list.exe,5.0916,6.126389,6.126389,0,0,86,1,1
1012_pango-segmentation.exe,4.887565,5.752442,5.752442,0,0,75,1,1
1294_tiffmedian.exe,5.679135,6.381678,6.381678,0,0,60,1,1
1295_tiffset.exe,5.147759,6.075637,6.075637,0,0,71,1,1
1296_tiffsplit.exe,5.138928,5.984531,5.984531,0,0,68,1,1
1879_RarExtInstaller.exe,6.372495,6.433524,6.433524,0,1,97,0,1
1878_Rar.exe,6.504457,6.53027,6.53027,0,1,185,0,1
1877_Ace32Loader.exe,6.571728,6.621162,6.621162,0,1,70,0,1
4510_AtBroker.exe,5.518853,6.111679,6.111679,0,2,170,1,1
4512_audiodg.exe,6.253284,6.17076,6.17076,0,6,302,1,1
4513_auditpol.exe,4.3068,5.614994,5.614994,0,1,112,0,1
4516_autochk.exe,5.810726,6.337802,6.337802,0,1,173,0,1
3981_wish86t.exe,4.884244,5.630552,5.630552,0,0,54,1,1
1875_wmpshare.exe,5.421226,4.860881,6.306415,0,2,54,1,1
1874_wmprph.exe,5.208239,5.940759,5.940759,0,1,209,0,1
1873_wmpnscfg.exe,4.788162,5.701516,5.701516,0,2,107,1,1
1872_wmpnetwk.exe,6.227308,6.439019,6.439019,0,2,290,1,1
1871_wmplayer.exe,5.915857,5.942873,6.456508,0,2,65,1,1
1869_wmlaunch.exe,5.531339,6.154657,6.154657,0,1,169,0,1
1868_setup_wm.exe,5.6573,6.152809,6.152809,0,1,399,0,1
1866_wab.exe,5.837953,5.124342,6.002291,0,2,71,1,1
1864_SenseTVM.exe,6.380231,6.316763,6.316763,0,1,244,0,1
1272_png-fix-itxt.exe,4.925327,6.079835,6.079835,0,0,45,1,1
1274_conda2solv.exe,4.670996,5.677937,5.677937,0,0,66,1,1
1275_dumpsolv.exe,5.311069,6.098955,6.098955,0,0,74,1,1
3968_sqlite3.exe,5.931755,5.710135,6.079988,0,2,147,1,1
1883_wg.exe,6.445998,6.238683,6.238683,0,0,108,1,1
1881_UnRAR.exe,6.444176,6.529799,6.529799,0,1,170,0,1
1861_SenseNdr.exe,6.510413,6.418164,6.722483,0,1,314,0,1
1860_SenseNAS.exe,6.629604,6.650947,6.650947,0,1,290,0,1
1859_SenseIR.exe,6.481889,6.410182,6.410182,0,2,489,1,1
1857_SenseIdentity.exe,6.273399,6.263435,6.263435,0,1,258,0,1
1854_SenseDlpProcessor.exe,6.389519,6.41067,6.41067,0,2,519,1,1
1853_SenseCM.exe,6.644941,6.644927,6.644927,0,1,287,0,1
1852_SenseAPToast.exe,6.351436,6.344604,6.344604,0,1,116,0,1
1851_SenseAP.exe,6.389335,6.280426,6.280426,0,1,294,0,1
1850_MsSense.exe,6.198283,6.386158,6.386158,0,2,198,1,1
4001_lzmainfo.exe,6.472151,6.09265,6.09265,0,0,61,1,1
4002_xz.exe,6.33076,6.182037,6.182037,0,0,127,1,1
3976_tclsh.exe,4.169818,5.989557,5.989557,0,0,48,1,1
3977_tclsh86.exe,4.170503,5.989557,5.989557,0,0,48,1,1
3978_tclsh86t.exe,4.169687,5.989557,5.989557,0,0,48,1,1
3979_wish.exe,4.883731,5.630552,5.630552,0,0,54,1,1
3980_wish86.exe,4.883396,5.630552,5.630552,0,0,54,1,1
1249_kswitch.exe,4.65733,5.687832,5.687832,0,0,56,1,1
1250_kvno.exe,4.945163,5.516506,5.516506,0,0,100,1,1
1251_mit2ms.exe,4.840875,5.791571,5.791571,0,0,60,1,1
1252_ms2mit.exe,4.776593,5.715472,5.715472,0,0,66,1,1
1259_bsdcpio.exe,6.418431,6.429141,6.429141,0,0,294,1,1
1263_gspawn-win64-helper-console.exe,5.036511,6.015797,6.015797,0,0,72,1,1
1264_gspawn-win64-helper.exe,5.058417,6.04998,6.04998,0,0,71,1,1
1838_ConfigSecurityPolicy.exe,6.032576,6.156263,6.156263,0,1,287,0,1
1836_dcnginx.exe,6.646622,6.60574,6.60574,0,13,289,1,1
1833_hyperd_sse2.exe,6.037085,6.415705,7.082487,0,1,718,0,1
2609_MSBuildTaskHost.exe,6.196349,6.047654,6.047654,0,0,0,0,1
2610_Tracker.exe,6.275304,6.463442,6.463442,0,3,104,1,1
1276_installcheck.exe,5.265333,6.042597,6.042597,0,0,76,1,1
1277_mergesolv.exe,4.74414,5.621405,5.621405,0,0,70,1,1
1863_SenseTracer.exe,6.592534,6.451373,6.451373,0,2,357,1,1
1862_SenseSampleUploader.exe,6.444561,6.386606,6.386606,0,2,319,1,1
1222_mirror_server.exe,4.727353,5.952616,5.952616,0,0,42,1,1
1223_mirror_server_stop.exe,4.734864,5.952616,5.952616,0,0,42,1,1
1224_derb.exe,6.216082,6.463747,6.463747,0,1,127,0,1
4506_AppVShNotify.exe,5.722937,6.010482,6.010482,0,1,189,0,1
4508_AssignedAccessGuard.exe,5.41153,5.844218,5.844218,0,1,167,0,1
2628_bscmake.exe,6.256236,6.302546,6.302546,0,0,136,1,1
2631_dumpbin.exe,6.395202,5.932265,5.932265,0,0,51,1,1
2632_editbin.exe,6.40294,5.932265,5.932265,0,0,51,1,1
2633_lib.exe,6.406099,5.932523,5.932523,0,0,51,1,1
2637_mspdbcmf.exe,6.379392,6.395817,6.395817,0,1,121,0,1
2639_nmake.exe,6.320027,6.396492,6.396492,0,0,151,1,1
2641_pgomgr.exe,6.075599,6.317203,6.317203,0,0,128,1,1
2642_pgosweep.exe,5.711264,6.107849,6.107849,0,0,144,1,1
2643_undname.exe,6.442082,6.125636,6.125636,0,0,59,1,1
1849_OfflineScannerShell.exe,5.901442,6.165829,6.165829,0,1,395,0,1
1848_NisSrv.exe,6.442139,6.329713,6.329713,0,1,245,0,1
4498_ApplicationFrameHost.exe,5.352528,5.973506,5.973506,0,3,99,1,1
4499_ApplySettingsTemplateCatalog.exe,6.269771,6.313563,6.313563,0,1,309,0,1
4500_ApplyTrustOffline.exe,5.12276,6.636299,6.636299,0,2,350,1,1
4502_AppVClient.exe,6.225373,6.312655,6.312655,0,1,314,0,1
4503_AppVDllSurrogate.exe,5.475836,5.923069,5.923069,0,1,112,0,1
4505_AppVNice.exe,5.444679,5.796085,5.796085,0,1,110,0,1
1234_icuexportdata.exe,6.25149,6.282766,6.282766,0,1,175,0,1
1235_icuinfo.exe,6.211696,6.497559,6.497559,0,1,84,0,1
1236_icupkg.exe,6.237024,6.489851,6.489851,0,1,97,0,1
1238_pkgdata.exe,6.101584,6.406786,6.406786,0,1,102,0,1
1242_kcpytkt.exe,4.806411,5.791126,5.791126,0,0,65,1,1
1243_kdeltkt.exe,4.756145,5.748089,5.748089,0,0,65,1,1
1244_kdestroy.exe,4.747302,5.539768,5.539768,0,0,62,1,1
1247_klist.exe,5.244428,5.607327,5.607327,0,0,99,1,1
1248_kpasswd.exe,4.782218,5.786637,5.786637,0,0,66,1,1
1218_h5repart.exe,5.253141,5.949769,5.949769,0,0,74,1,1
2662_undname.exe,6.442082,6.125636,6.125636,0,0,59,1,1
2663_vctip.exe,6.06873,5.827076,5.827076,0,1,109,0,1
2665_bscmake.exe,6.617487,6.411841,6.595122,0,0,133,1,1
2672_link.exe,6.594376,6.562361,6.771676,0,0,392,1,1
2645_vctip.exe,6.069628,5.827076,5.827076,0,1,109,0,1
2647_pgosweep.exe,5.659482,6.135334,6.135334,0,0,144,1,1
2648_bscmake.exe,6.256236,6.302546,6.302546,0,0,136,1,1
2651_dumpbin.exe,6.400863,5.932265,5.932265,0,0,51,1,1
2652_editbin.exe,6.398898,5.932265,5.932265,0,0,51,1,1
2653_lib.exe,6.394366,5.932523,5.932523,0,0,51,1,1
2657_mspdbcmf.exe,6.379392,6.395817,6.395817,0,1,121,0,1
2659_nmake.exe,6.320027,6.396492,6.396492,0,0,151,1,1
4493_AppHostRegistrationVerifier.exe,5.253886,5.844567,5.844567,0,2,197,1,1
4494_appidcertstorecheck.exe,2.890849,4.580193,4.580193,0,2,66,1,1
4495_appidpolicyconverter.exe,5.485682,6.104573,6.104573,0,2,142,1,1
4496_appidtel.exe,3.261837,4.631738,4.631738,0,1,59,0,1
4481_RegSvcs.exe,5.936879,5.084014,5.084014,0,0,0,0,1
4482_ServiceModelReg.exe,6.340993,6.472171,6.472171,0,1,173,0,1
4486_TrustedInstaller.exe,6.061981,6.194484,6.194484,0,1,216,0,1
1225_genbrk.exe,6.253654,6.506896,6.506896,0,1,121,0,1
1226_genccode.exe,6.16678,6.491032,6.491032,0,1,81,0,1
1227_gencfu.exe,6.222203,6.501184,6.501184,0,1,89,0,1
1228_gencmn.exe,6.174811,6.497515,6.497515,0,1,76,0,1
1230_gendict.exe,6.272844,6.485996,6.485996,0,1,169,0,1
1231_gennorm2.exe,6.28728,6.333362,6.333362,0,1,195,0,1
1232_genrb.exe,6.211856,6.164676,6.164676,0,1,240,0,1
1831_hyperd.exe,6.039794,6.416967,7.081987,0,1,718,0,1
1824_QtWebEngineProcess.exe,5.958155,5.885152,5.885152,0,1,68,0,1
4489_AgentService.exe,6.24202,6.307396,6.307396,0,1,337,0,1
4490_AggregatorHost.exe,6.026608,6.268113,6.268113,0,2,196,1,1
4492_alg.exe,5.782846,6.042164,6.042164,0,2,137,1,1
2661_pgomgr.exe,6.076268,6.317203,6.317203,0,0,128,1,1
4224_CommonHKFPModuleSvr.exe,6.540843,6.555995,6.608497,0,0,182,1,1
2707_Tracker.exe,6.610159,6.512306,6.512306,0,2,107,1,1
4462_aspnet_regsql.exe,5.767415,5.522032,5.522032,0,0,0,0,1
4463_aspnet_state.exe,6.397677,6.205048,6.205048,0,0,118,1,1
4465_CasPol.exe,5.771675,5.48975,5.48975,0,0,0,0,1
4467_csc.exe,6.282824,6.318209,6.318209,0,1,296,0,1
4472_ilasm.exe,6.156771,6.304585,6.304585,0,0,172,1,1
4473_InstallUtil.exe,5.939063,4.894299,4.894299,0,0,0,0,1
4476_MSBuild.exe,6.122253,5.967057,5.967057,0,0,0,0,1
2677_nmake.exe,6.648259,6.567309,6.65306,0,0,148,1,1
2678_pgocvt.exe,5.948363,6.053814,6.061196,0,0,118,1,1
2679_pgomgr.exe,6.367726,6.461501,6.607611,0,0,125,1,1
2683_bscmake.exe,6.617487,6.411841,6.595122,0,0,133,1,1
2690_link.exe,6.594379,6.562361,6.771676,0,0,392,1,1
4479_ngentask.exe,5.947529,5.627179,5.627179,0,0,0,0,1
4480_RegAsm.exe,5.913554,5.419155,5.419155,0,0,0,0,1
2697_pgomgr.exe,6.367462,6.461501,6.607611,0,0,125,1,1
2698_pgosweep.exe,6.023867,6.08747,6.615273,0,0,141,1,1
4274_mysqld.exe,4.734496,5.522014,5.522014,0,0,42,1,1
4264_mariadbd.exe,4.734496,5.522014,5.522014,0,0,42,1,1
4261_mariadb-upgrade-wizard.exe,6.245719,6.380138,6.380138,0,1,627,0,1
4241_aria_dump_log.exe,4.943304,6.549561,6.549561,0,0,131,1,1
4238_rotatelogs.exe,6.190607,6.332271,6.332271,0,0,149,1,1
1203_gif2h5.exe,5.473951,6.05388,6.05388,0,0,67,1,1
1204_h52gif.exe,5.211955,6.035263,6.035263,0,0,68,1,1
1208_h5delete.exe,4.641123,5.721189,5.721189,0,0,48,1,1
4233_htpasswd.exe,6.412474,6.431104,7.563549,0,0,143,0,1
4231_htdbm.exe,6.4267,6.418599,7.563973,0,0,141,0,1
4229_ApacheMonitor.exe,5.454849,5.967688,5.967688,0,0,139,1,1
4228_abs.exe,6.262277,6.362145,6.362145,0,0,240,1,1
4227_ab.exe,6.253685,6.358625,6.358625,0,0,159,1,1
4226_wampmanager.exe,6.29787,5.708619,6.702065,0,1,987,0,1
1184_sfdp.exe,4.762624,5.941069,5.941069,0,0,57,1,1
4552_CheckNetIsolation.exe,4.030839,5.854652,5.854652,0,2,102,1,1
4559_CIDiag.exe,3.931722,5.528249,5.528249,0,1,76,0,1
4560_cipher.exe,4.572323,5.982897,5.982897,0,2,151,1,1
2708_MSBuild.exe,6.372555,6.043108,6.369088,0,0,0,0,1
4530_BitLockerDeviceEncryption.exe,6.133164,6.336727,6.336727,0,1,163,0,1
4533_bitsadmin.exe,5.140443,6.043226,6.043226,0,2,156,1,1
4536_bridgeunattend.exe,3.460848,4.882988,4.882988,0,1,61,0,1
4537_browserexport.exe,5.574249,6.016754,6.016754,0,1,236,0,1
4538_browser_broker.exe,5.125328,5.985319,5.985319,0,2,95,1,1
4539_bthudtask.exe,3.069178,3.973378,3.973378,0,2,46,1,1
4540_ByteCodeGenerator.exe,5.304545,5.967684,5.967684,0,1,166,0,1
4543_CameraSettingsUIHost.exe,4.459658,5.169266,5.169266,0,2,89,1,1
4544_CastSrv.exe,5.110965,5.818305,5.818305,0,3,81,1,1
2695_nmake.exe,6.648259,6.567309,6.65306,0,0,148,1,1
2696_pgocvt.exe,5.948363,6.053814,6.061196,0,0,118,1,1
1164_fdp.exe,4.762624,5.941069,5.941069,0,0,57,1,1
4207_Composer-Setup.exe,7.476701,6.356058,6.356058,0,2,138,0,1
1156_circo.exe,4.762624,5.941069,5.941069,0,0,57,1,1
1160_dot.exe,4.762624,5.941069,5.941069,0,0,57,1,1
1186_twopi.exe,4.762624,5.941069,5.941069,0,0,57,1,1
1189_gst-discoverer-1.0.exe,5.496432,5.906413,5.906413,0,0,171,1,1
1194_gst-typefind-1.0.exe,5.207386,5.936843,5.936843,0,0,92,1,1
1195_gst-completion-helper.exe,5.257613,5.983038,5.983038,0,0,80,1,1
1197_gst-plugin-scanner.exe,5.000015,5.992213,5.992213,0,0,52,1,1
1172_gvmap.exe,7.164389,6.365251,7.196221,0,0,127,0,1
1174_gvpr.exe,4.678611,5.691396,5.691396,0,0,46,1,1
1178_neato.exe,4.762624,5.941069,5.941069,0,0,57,1,1
1179_nop.exe,4.829147,5.785694,5.785694,0,0,55,1,1
1180_osage.exe,4.762624,5.941069,5.941069,0,0,57,1,1
1181_patchwork.exe,4.762624,5.941069,5.941069,0,0,57,1,1
1182_prune.exe,5.177923,6.087753,6.087753,0,0,76,1,1
4584_consent.exe,5.687007,6.08599,6.08599,0,3,285,1,1
4588_coredpussvr.exe,4.520884,5.915475,5.915475,0,2,112,1,1
4590_CredentialUIBroker.exe,5.88555,5.984115,5.984115,0,3,184,1,1
4592_cscript.exe,5.402469,6.094179,6.094179,0,1,201,0,1
4561_CiTool.exe,6.216552,6.265912,6.265912,0,1,180,0,1
4562_cleanmgr.exe,5.860568,6.061661,6.061661,0,2,192,1,1
4565_ClipDLS.exe,5.53321,6.205111,6.205111,0,2,102,1,1
4566_ClipRenew.exe,5.664622,6.249106,6.249106,0,3,98,1,1
4568_CloudExperienceHostBroker.exe,5.234298,5.881752,5.881752,0,1,118,0,1
4569_CloudNotifications.exe,5.373671,5.86125,5.86125,0,3,130,1,1
4570_cmd.exe,5.913497,6.278328,6.278328,0,2,286,1,1
4571_cmdkey.exe,2.991074,5.098689,5.098689,0,2,59,1,1
4545_CCG.exe,5.673789,6.072935,6.072935,0,1,185,0,1
4546_CertEnrollCtrl.exe,5.406732,6.046678,6.046678,0,1,158,0,1
4547_certreq.exe,6.072913,6.350167,6.350167,0,2,421,1,1
4550_changepk.exe,5.296692,6.054778,6.054778,0,2,96,1,1
4460_aspnet_regbrowsers.exe,5.919102,5.043411,5.043411,0,0,0,0,1
4579_CompatTelRunner.exe,6.453617,6.473133,6.473133,0,2,277,1,1
1143_gi-inspect-typelib.exe,4.848509,5.833851,5.833851,0,0,60,1,1
1145_gobject-query.exe,4.846213,6.054898,6.054898,0,0,54,1,1
1147_gio-querymodules.exe,4.701147,5.703878,5.703878,0,0,76,1,1
1150_gresource.exe,5.172804,5.96709,5.96709,0,0,72,1,1
1152_gr2fonttest.exe,5.505238,6.157151,6.157151,0,0,97,1,1
1126_fc-cache.exe,5.026758,5.899532,5.899532,0,0,77,1,1
1127_fc-cat.exe,4.930226,5.958682,5.958682,0,0,71,1,1
1128_fc-conflist.exe,4.435824,5.578328,5.578328,0,0,48,1,1
1129_fc-list.exe,4.727737,5.938264,5.938264,0,0,54,1,1
1130_fc-match.exe,4.680682,6.043972,6.043972,0,0,58,1,1
1131_fc-pattern.exe,4.56106,5.702962,5.702962,0,0,51,1,1
1132_fc-query.exe,4.683991,5.872932,5.872932,0,0,47,1,1
4580_CompMgmtLauncher.exe,5.191936,6.162195,6.162195,0,1,70,0,1
4581_CompPkgSrv.exe,4.996253,6.11058,6.11058,0,2,92,1,1
1822_custactutil.exe,6.330696,6.22324,6.22324,0,4,302,1,1
1820_ZoomIt64.exe,6.337623,6.429257,6.429257,0,1,366,0,1
1817_Winobj.exe,6.262117,6.59598,6.650625,0,2,395,1,1
1133_fc-scan.exe,4.864261,6.03139,6.03139,0,0,54,1,1
1134_fc-validate.exe,5.075567,6.05263,6.05263,0,0,59,1,1
1106_xmlcatalog.exe,5.461867,6.001663,6.001663,0,0,76,1,1
1107_xmllint.exe,5.846315,5.999371,5.999371,0,0,193,1,1
1109_xmlpatternsvalidator.exe,4.998618,6.039613,6.039613,0,0,68,1,1
1110_xsltproc.exe,5.501234,5.952001,5.952001,0,0,101,1,1
1113_gst-completion-helper.exe,5.257613,5.983038,5.983038,0,0,80,1,1
1115_gst-plugin-scanner.exe,5.000015,5.992213,5.992213,0,0,52,1,1
1117_lzopack.exe,5.797744,6.141335,6.141335,0,0,53,1,1
1119_simple.exe,5.361828,6.201291,6.201291,0,0,46,1,1
1120_testmini.exe,5.208564,6.040972,6.040972,0,0,44,1,1
4608_deploymentcsphelper.exe,4.36191,5.590135,5.590135,0,1,91,0,1
4459_aspnet_compiler.exe,5.919436,5.30081,5.30081,0,0,0,0,1
978_kpasswd.exe,4.782218,5.786637,5.786637,0,0,66,1,1
163_DumpMinitool.arm64.exe,6.842375,6.463935,6.463935,0,0,0,0,1
166_datacollector.arm64.exe,6.698899,6.429448,6.429448,0,0,0,0,1
4609_desktopimgdownldr.exe,5.388449,6.047642,6.047642,0,2,145,1,1
4610_DeviceCensus.exe,5.769006,6.250067,6.250067,0,2,155,1,1
4611_DeviceCredentialDeployment.exe,5.140757,5.913886,5.913886,0,2,131,1,1
4619_directxdatabaseupdater.exe,5.627063,6.060959,6.060959,0,2,270,1,1
4620_diskpart.exe,5.733884,6.167464,6.167464,0,1,119,0,1
4622_diskraid.exe,6.248899,6.291062,6.291062,0,1,81,0,1
4598_CustomInstallExec.exe,5.572687,5.954585,5.954585,0,2,134,1,1
4600_d3dconfig.exe,4.896338,6.208888,6.208888,0,1,168,0,1
4601_dasHost.exe,5.690019,6.16279,6.16279,0,1,172,0,1
4602_DataExchangeHost.exe,6.051926,6.114086,6.114086,0,3,309,1,1
4603_DataStoreCacheDumpTool.exe,5.682054,6.148901,6.148901,0,2,158,1,1
4604_dccw.exe,5.594806,6.040752,6.040752,0,1,255,0,1
4606_ddodiag.exe,3.956718,5.604213,5.604213,0,1,51,0,1
4626_dispdiag.exe,5.476689,6.151118,6.151118,0,2,202,1,1
4628_djoin.exe,4.254427,5.824319,5.824319,0,2,138,1,1
1808_tcpview64.exe,6.215001,6.455897,6.455897,0,1,389,0,1
156_singlefilehost.exe,6.531733,6.57019,6.65355,0,2,435,1,1
154_singlefilehost.exe,6.474656,6.452217,6.49311,0,3,455,1,1
995_mergesolv.exe,4.74414,5.621405,5.621405,0,0,70,1,1
996_meshdebug.exe,5.411177,5.768912,5.768912,0,0,81,1,1
997_mirror_server.exe,4.727353,5.952616,5.952616,0,0,42,1,1
998_mirror_server_stop.exe,4.734864,5.952616,5.952616,0,0,42,1,1
999_mit2ms.exe,4.840875,5.791571,5.791571,0,0,60,1,1
1002_ms2mit.exe,4.776593,5.715472,5.715472,0,0,66,1,1
1003_neato.exe,4.762624,5.941069,5.941069,0,0,57,1,1
1004_nop.exe,4.829147,5.785694,5.785694,0,0,55,1,1
973_kdeltkt.exe,4.756145,5.748089,5.748089,0,0,65,1,1
974_kdestroy.exe,4.747302,5.539768,5.539768,0,0,62,1,1
977_klist.exe,5.244428,5.607327,5.607327,0,0,99,1,1
195_erl.exe,3.810485,6.083673,6.083673,0,0,76,1,1
198_escript.exe,6.462732,6.150173,6.150173,0,0,86,1,1
199_typer.exe,6.515469,6.208312,6.208312,0,0,73,1,1
168_testhost.arm64.exe,6.617858,6.366102,6.366102,0,0,0,0,1
169_testhost.exe,6.621277,6.361714,6.361714,0,0,0,0,1
170_testhost.net47.arm64.exe,6.622181,6.366047,6.366047,0,0,0,0,1
171_testhost.net47.exe,6.621706,6.35972,6.35972,0,0,0,0,1
173_testhost.net471.arm64.exe,6.618451,6.363191,6.363191,0,0,0,0,1
174_testhost.net471.exe,6.625556,6.367067,6.367067,0,0,0,0,1
176_testhost.net472.arm64.exe,6.619117,6.366264,6.366264,0,0,0,0,1
177_testhost.net472.exe,6.626096,6.365107,6.365107,0,0,0,0,1
179_testhost.net48.arm64.exe,6.623797,6.366977,6.366977,0,0,0,0,1
180_testhost.net48.exe,6.622453,6.362604,6.362604,0,0,0,0,1
182_testhost.net481.arm64.exe,6.621685,6.370152,6.370152,0,0,0,0,1
183_testhost.net481.exe,6.627454,6.368828,6.368828,0,0,0,0,1
4625_Dism.exe,5.603491,6.100593,6.100593,0,1,206,0,1
954_h5repart.exe,5.253141,5.949769,5.949769,0,0,74,1,1
113_winpty-agent.exe,6.454562,6.475128,6.475128,0,1,150,0,1
111_InstallerCli.exe,6.231359,5.617112,5.617112,0,0,0,0,1
967_installcheck.exe,5.265333,6.042597,6.042597,0,0,76,1,1
972_kcpytkt.exe,4.806411,5.791126,5.791126,0,0,65,1,1
135_docker-compose.exe,6.266157,6.096315,6.096315,0,1,46,0,1
979_kswitch.exe,4.65733,5.687832,5.687832,0,0,56,1,1
980_kvno.exe,4.945163,5.516506,5.516506,0,0,100,1,1
149_com.docker.nv-gpu-info.exe,6.385559,6.109034,6.109034,0,0,72,1,1
962_icuexportdata.exe,6.25149,6.282766,6.282766,0,1,175,0,1
963_icuinfo.exe,6.211696,6.497559,6.497559,0,1,84,0,1
964_icupkg.exe,6.237024,6.489851,6.489851,0,1,97,0,1
189_elevate.exe,6.756312,6.629085,6.629085,0,1,70,0,1
190_Install.exe,6.436869,6.078025,6.078025,0,0,73,1,1
193_ct_run.exe,6.548708,6.224149,6.224149,0,0,74,1,1
194_dialyzer.exe,6.534465,6.211757,6.211757,0,0,75,1,1
200_werl.exe,3.810485,6.083673,6.083673,0,0,76,1,1
201_ct_run.exe,6.548708,6.224149,6.224149,0,0,74,1,1
202_dialyzer.exe,6.534465,6.211757,6.211757,0,0,75,1,1
203_epmd.exe,6.434173,6.207301,6.207301,0,0,94,1,1
204_erl.exe,3.810485,6.083673,6.083673,0,0,76,1,1
206_erlsrv.exe,6.408854,6.463757,6.463757,0,1,155,0,1
208_erl_log.exe,6.453592,5.97561,5.97561,0,0,55,1,1
209_escript.exe,6.462732,6.150173,6.150173,0,0,86,1,1
211_inet_gethost.exe,6.491918,6.211187,6.211187,0,0,93,1,1
212_start_erl.exe,6.339529,5.851362,5.851362,0,0,78,1,1
213_typer.exe,6.515469,6.208312,6.208312,0,0,73,1,1
214_yielding_c_fun.exe,6.498878,6.092694,6.092694,0,0,60,1,1
4436_csc.exe,6.391785,6.285143,6.595788,0,1,299,0,1
4441_ilasm.exe,6.476787,6.335443,6.654558,0,0,167,1,1
123_docker-compose.exe,6.266157,6.096315,6.096315,0,1,46,0,1
944_h5delete.exe,4.641123,5.721189,5.721189,0,0,48,1,1
918_gresource.exe,5.172804,5.96709,5.96709,0,0,72,1,1
920_gspawn-win64-helper-console.exe,5.036511,6.015797,6.015797,0,0,72,1,1
921_gspawn-win64-helper.exe,5.058417,6.04998,6.04998,0,0,71,1,1
492_ssh.exe,6.011337,6.156232,6.156232,0,1,395,0,1
243_create-shortcut.exe,6.46023,6.236654,6.426818,0,0,63,1,1
247_envsubst.exe,6.148957,6.183031,6.183031,0,0,104,1,1
216_odbcserver.exe,6.27443,5.964716,5.964716,0,0,100,1,1
218_win32sysinfo.exe,6.414355,5.81369,5.81369,0,0,65,1,1
222_bash.exe,6.132608,5.981185,5.981185,0,0,85,1,1
223_git.exe,6.173552,5.981185,5.981185,0,0,85,1,1
224_sh.exe,6.132608,5.981185,5.981185,0,0,85,1,1
226_git-lfs.exe,6.173552,5.981185,5.981185,0,0,85,1,1
227_git-receive-pack.exe,5.245824,5.981185,5.981185,0,0,85,1,1
228_git-upload-pack.exe,5.245561,5.981185,5.981185,0,0,85,1,1
229_git.exe,6.173552,5.981185,5.981185,0,0,85,1,1
231_scalar.exe,6.173552,5.981185,5.981185,0,0,85,1,1
232_tig.exe,6.131486,5.981185,5.981185,0,0,85,1,1
233_adig.exe,6.003386,6.135475,6.135475,0,0,133,1,1
234_ahost.exe,5.99893,6.232478,6.232478,0,0,75,1,1
236_blocked-file-util.exe,5.964956,6.200548,6.200548,0,0,67,1,1
237_brotli.exe,6.066041,6.149486,6.149486,0,0,88,1,1
107_courgette64.exe,6.564676,6.560576,6.560576,0,6,182,1,1
106_7zr.exe,6.306988,6.355363,6.355363,0,0,140,1,1
925_gst-discoverer-1.0.exe,5.496432,5.906413,5.906413,0,0,171,1,1
930_gst-typefind-1.0.exe,5.207386,5.936843,5.936843,0,0,92,1,1
935_gvmap.exe,7.164389,6.365251,7.196221,0,0,127,0,1
937_gvpr.exe,4.678611,5.691396,5.691396,0,0,46,1,1
940_h52gif.exe,5.211955,6.035263,6.035263,0,0,68,1,1
909_gif2h5.exe,5.473951,6.05388,6.05388,0,0,67,1,1
910_gio-querymodules.exe,4.701147,5.703878,5.703878,0,0,76,1,1
915_gobject-query.exe,4.846213,6.054898,6.054898,0,0,54,1,1
916_gr2fonttest.exe,5.505238,6.157151,6.157151,0,0,97,1,1
4645_dsregcmd.exe,6.092826,6.21513,6.21513,0,1,360,0,1
4647_dtdump.exe,5.567807,6.142492,6.142492,0,2,105,1,1
4648_dusmtask.exe,4.204046,5.742499,5.742499,0,2,92,1,1
4650_dwm.exe,5.055143,5.911639,5.911639,0,2,184,1,1
4651_DWWIN.EXE,5.929656,6.201621,6.201621,0,2,283,1,1
4652_DXCap.exe,5.516722,6.315547,6.315547,0,2,326,1,1
248_gettext.exe,6.138549,6.162595,6.162595,0,0,99,1,1
249_git-askpass.exe,5.899659,6.179795,6.179795,0,0,54,1,1
250_git-askyesno.exe,5.041557,5.855753,5.855753,0,0,37,1,1
251_git-credential-helper-selector.exe,5.839651,6.171907,6.171907,0,0,107,1,1
254_git-receive-pack.exe,6.393867,6.241368,6.241368,0,0,410,1,1
255_git-upload-archive.exe,6.393867,6.241368,6.241368,0,0,410,1,1
256_git-upload-pack.exe,6.393867,6.241368,6.241368,0,0,410,1,1
4631_dmcertinst.exe,5.645892,6.023991,6.023991,0,2,202,1,1
4632_dmcfghost.exe,3.746277,5.448005,5.448005,0,2,104,1,1
4633_dmclient.exe,5.639517,6.086888,6.086888,0,2,149,1,1
493_ssp.exe,5.014303,5.960969,5.960969,0,1,41,0,1
494_stat.exe,6.196382,6.322325,6.322325,0,1,103,0,1
495_stdbuf.exe,6.071607,6.30384,6.30384,0,1,71,0,1
496_strace.exe,5.905852,6.243686,6.243686,0,9,116,1,1
497_stty.exe,6.053767,6.260061,6.260061,0,1,77,0,1
498_sum.exe,5.803468,6.171091,6.171091,0,1,73,0,1
499_sync.exe,5.620883,6.045302,6.045302,0,1,63,0,1
501_tac.exe,6.137256,6.189127,6.189127,0,1,96,0,1
502_tail.exe,5.928879,6.116071,6.116071,0,1,83,0,1
503_tar.exe,6.12725,6.261148,6.261148,0,1,229,0,1
504_tee.exe,5.610465,6.045289,6.045289,0,1,70,0,1
907_gi-inspect-typelib.exe,4.848509,5.833851,5.833851,0,0,60,1,1
908_gie.exe,5.976257,6.225555,6.225555,0,0,89,1,1
476_sh.exe,6.869397,6.354123,7.078051,0,1,280,0,1
477_sha1sum.exe,5.958826,6.269975,6.269975,0,1,72,0,1
4644_DsmUserTask.exe,3.837358,5.410867,5.410867,0,2,85,1,1
4676_fclip.exe,6.52199,6.470143,6.470143,0,1,234,0,1
4678_FileDialogBroker.exe,5.501442,5.856259,5.856259,0,2,134,1,1
4681_findstr.exe,3.946179,5.923123,5.923123,0,2,101,1,1
4683_fixmapi.exe,3.353744,5.054693,5.054693,0,1,76,0,1
4653_DXCpl.exe,4.631932,6.163111,6.163111,0,1,141,0,1
4655_dxgiadaptercache.exe,5.432466,6.067569,6.067569,0,2,151,1,1
4656_Dxpserver.exe,5.64458,6.136429,6.136429,0,1,304,0,1
4658_EaseOfAccessDialog.exe,5.62345,6.180066,6.180066,0,2,327,1,1
4659_easinvoker.exe,5.154209,6.054028,6.054028,0,3,155,1,1
4660_EASPolicyManagerBrokerHost.exe,4.931615,5.970256,5.970256,0,2,128,1,1
4661_edit.exe,6.521137,6.243557,7.570781,0,0,106,0,1
4662_EDPCleanup.exe,5.504471,6.067077,6.067077,0,2,175,1,1
4663_edpnotify.exe,4.904766,5.872293,5.872293,0,3,127,1,1
4664_EduPrintProv.exe,5.379398,5.940164,5.940164,0,2,186,1,1
4667_EoAExperiences.exe,5.698968,6.000263,6.000263,0,1,160,0,1
4668_esentutl.exe,6.255527,6.326353,6.326353,0,1,247,0,1
4670_eudcedit.exe,6.285798,6.152055,6.823006,0,1,561,0,1
4673_expand.exe,4.329492,6.008188,6.008188,0,2,132,1,1
478_sha224sum.exe,6.100871,6.348196,6.348196,0,1,72,0,1
479_sha256sum.exe,6.099373,6.346753,6.346753,0,1,72,0,1
480_sha384sum.exe,6.173759,6.340353,6.340353,0,1,72,0,1
481_sha512sum.exe,6.173727,6.340202,6.340202,0,1,72,0,1
482_shred.exe,5.911419,6.142406,6.142406,0,1,94,0,1
483_shuf.exe,5.881787,6.169193,6.169193,0,1,86,0,1
484_sleep.exe,5.630958,6.081604,6.081604,0,1,63,0,1
485_sort.exe,6.157681,6.275884,6.275884,0,1,132,0,1
486_split.exe,5.829039,6.065599,6.065599,0,1,87,0,1
487_ssh-add.exe,5.493362,6.166077,6.166077,0,1,302,0,1
488_ssh-agent.exe,5.41432,6.140937,6.140937,0,1,301,0,1
489_ssh-keygen.exe,5.68407,6.119863,6.119863,0,1,358,0,1
490_ssh-keyscan.exe,5.788834,6.219197,6.219197,0,1,324,0,1
460_regtool.exe,4.926386,5.809037,5.809037,0,1,57,0,1
466_rview.exe,6.275361,6.294907,6.294907,0,1,268,0,1
467_rvim.exe,6.275361,6.294907,6.294907,0,1,268,0,1
468_scp.exe,6.127267,6.041689,6.041689,0,1,187,0,1
469_sdiff.exe,5.667753,6.128735,6.128735,0,1,97,0,1
470_sed.exe,6.200981,6.196764,6.196764,0,1,134,0,1
471_seq.exe,6.162927,6.315552,6.315552,0,1,70,0,1
472_setfacl.exe,4.909454,6.056399,6.056399,0,1,39,0,1
474_sexp-conv.exe,5.498119,6.125805,6.125805,0,1,43,0,1
475_sftp.exe,6.131696,6.033148,6.033148,0,1,210,0,1
444_pinentry.exe,5.564565,6.029282,6.029282,0,1,117,0,1
445_pinky.exe,5.682373,6.043629,6.043629,0,1,78,0,1
4691_FsIso.exe,5.535341,6.326993,6.326993,0,2,81,1,1
4693_fsutil.exe,5.816589,6.108553,6.108553,0,2,222,1,1
4697_GameBarPresenceWriter.exe,5.973112,6.339718,6.339718,0,1,177,0,1
4698_GameInputSvc.exe,4.908154,5.918038,5.918038,0,2,90,1,1
4699_GamePanel.exe,6.110565,6.330953,6.330953,0,3,366,1,1
453_ps.exe,4.470483,5.750173,5.750173,0,1,46,0,1
455_ptx.exe,6.160526,6.18846,6.18846,0,1,94,0,1
456_pwd.exe,5.725307,6.075253,6.075253,0,1,69,0,1
457_readlink.exe,5.810445,6.143462,6.143462,0,1,70,0,1
458_realpath.exe,5.867423,6.196027,6.196027,0,1,71,0,1
459_rebase.exe,6.151137,6.13103,6.13103,0,1,139,0,1
429_nice.exe,5.694653,6.073995,6.073995,0,1,63,0,1
4709_hnsdiag.exe,5.687849,6.259028,6.259028,0,1,163,0,1
4712_hvc.exe,5.668992,6.203819,6.203819,0,1,154,0,1
4714_hvsievaluator.exe,6.085203,6.257386,6.257386,0,1,149,0,1
4685_fodhelper.exe,4.629487,5.788281,5.788281,0,2,105,1,1
4687_fontdrvhost.exe,6.481201,6.462548,6.462548,0,1,154,0,1
462_rm.exe,5.98404,6.159395,6.159395,0,1,84,0,1
463_rmdir.exe,6.130585,6.322345,6.322345,0,1,68,0,1
464_rnano.exe,6.311351,6.249235,6.249235,0,1,210,0,1
465_runcon.exe,5.586391,5.997696,5.997696,0,1,58,0,1
2320_MSOSREC.EXE,6.678631,6.536472,6.670064,0,1,153,0,1
2322_MSQRY32.EXE,6.63995,6.510821,6.82074,0,1,164,0,1
2323_NAMECONTROLSERVER.EXE,6.524025,6.493881,6.493881,0,1,126,0,1
2324_officeappguardwin32.exe,6.653317,6.577568,6.682129,0,1,308,0,1
4717_ie4uinit.exe,5.858519,6.191512,6.191512,0,2,391,1,1
4718_ie4ushowIE.exe,5.245127,6.096019,6.096019,0,2,224,1,1
4720_ieUnatt.exe,4.820518,6.01301,6.01301,0,1,104,0,1
4722_immersivetpmvscmgrsvr.exe,5.555765,6.072745,6.072745,0,2,177,1,1
2309_ACCICONS.EXE,3.89833,0.0,3.866305,0,0,0,0,1
2310_CLVIEW.EXE,5.874091,6.535772,6.614013,0,1,165,0,1
2311_CNFNOT32.EXE,6.279716,6.499117,6.670802,0,1,166,0,1
4706_hcsdiag.exe,5.926685,6.206656,6.206656,0,2,130,1,1
449_pr.exe,6.053688,6.214829,6.214829,0,1,86,0,1
450_printenv.exe,5.601714,6.073186,6.073186,0,1,58,0,1
451_printf.exe,6.118112,6.324973,6.324973,0,1,67,0,1
452_profiler.exe,5.118857,6.098092,6.098092,0,1,94,0,1
430_nl.exe,6.130104,6.147113,6.147113,0,1,77,0,1
431_nohup.exe,5.72075,6.096622,6.096622,0,1,66,0,1
432_nproc.exe,5.698967,6.079338,6.079338,0,1,64,0,1
433_numfmt.exe,5.963515,6.126607,6.126607,0,1,74,0,1
434_od.exe,6.187213,6.296133,6.296133,0,1,80,0,1
435_openssl.exe,6.25096,6.120876,6.578972,0,1,1704,0,1
436_p11-kit.exe,5.490083,5.97586,5.97586,0,1,131,0,1
437_passwd.exe,4.740175,5.773365,5.773365,0,1,57,0,1
438_paste.exe,5.76252,6.092669,6.092669,0,1,64,0,1
439_patch.exe,6.243788,6.279064,6.279064,0,1,137,0,1
440_pathchk.exe,5.633002,6.015136,6.015136,0,1,60,0,1
443_pinentry-w32.exe,5.564565,6.029282,6.029282,0,1,117,0,1
414_mintty.exe,5.716426,6.231147,6.231147,0,1,470,0,1
2315_misc.exe,3.617344,0.0,3.467779,0,0,0,0,1
2316_MSACCESS.EXE,6.151207,6.546881,6.596427,0,1,781,0,1
2319_MSOHTMED.EXE,6.162184,6.520757,6.569212,0,1,150,0,1
2350_WritingAssistant.exe,6.726706,6.641661,6.641661,0,1,657,0,1
2353_aimgr.exe,6.601711,6.339982,6.339982,0,1,119,0,1
2355_DW20.EXE,7.042928,6.539156,6.539156,0,0,56,0,1
2356_eqnedt32.exe,0.0,0.0,0.0,0,0,0,0,1
2359_MSOICONS.EXE,3.605934,0.0,3.474512,0,0,0,0,1
2330_OUTLOOK.EXE,6.492468,6.682434,6.682434,0,1,728,0,1
2331_PDFREFLOW.EXE,6.429387,6.375357,6.678474,0,1,360,0,1
2332_PerfBoost.exe,5.708865,6.559682,6.559682,0,1,114,0,1
2333_POWERPNT.EXE,4.169251,6.335535,6.335535,0,1,56,0,1
2334_PPTICO.EXE,5.233059,0.0,5.200595,0,0,0,0,1
2337_SDXHelper.exe,6.635735,6.539238,6.668393,0,1,170,0,1
2339_SELFCERT.EXE,6.342101,6.592391,6.648917,0,1,238,0,1
2340_SETLANG.EXE,6.053999,6.349966,6.349966,0,1,142,0,1
2341_VPREVIEW.EXE,6.644144,6.511518,6.664993,0,1,273,0,1
2342_WINPROJ.EXE,5.996559,6.656898,6.702975,0,1,2227,0,1
2343_WINWORD.EXE,4.6621,6.395413,6.395413,0,1,71,0,1
2378_osmclienticon.exe,5.671862,0.0,3.84002,0,0,0,0,1
2379_outicon.exe,4.783628,0.0,4.581177,0,0,0,0,1
2380_pj11icon.exe,3.956878,0.0,3.840331,0,0,0,0,1
2381_pptico.exe,5.233059,0.0,5.200595,0,0,0,0,1
2382_pubs.exe,4.20191,0.0,4.092073,0,0,0,0,1
2383_sscicons.exe,5.243081,0.0,3.825153,0,0,0,0,1
2384_visicon.exe,3.793525,0.0,3.743214,0,0,0,0,1
2385_wordicon.exe,4.951407,0.0,4.910745,0,0,0,0,1
2386_xlicons.exe,4.924481,0.0,4.893312,0,0,0,0,1
2387_misc.exe,3.617344,0.0,3.467779,0,0,0,0,1
2388_misc.exe,3.617344,0.0,3.467779,0,0,0,0,1
2389_misc.exe,3.617344,0.0,3.467779,0,0,0,0,1
2390_misc.exe,3.617344,0.0,3.467779,0,0,0,0,1
2344_Wordconv.exe,6.877872,6.152467,6.438032,0,1,69,0,1
2345_WORDICON.EXE,4.951407,0.0,4.910745,0,0,0,0,1
2346_XLICONS.EXE,4.924481,0.0,4.893312,0,0,0,0,1
89_jshell.exe,6.483749,6.464529,6.464529,0,1,148,0,1
74_appvcleaner.exe,6.315374,6.329834,6.329834,0,1,265,0,1
390_hostname.exe,5.646311,6.057415,6.057415,0,1,61,0,1
400_ldh.exe,5.424386,5.830525,5.912854,0,9,39,1,1
401_less.exe,6.140239,6.21347,6.21347,0,1,93,0,1
392_id.exe,5.704856,6.061921,6.061921,0,1,72,0,1
403_lesskey.exe,5.192287,5.905419,5.905419,0,1,30,0,1
80_OfficeC2RClient.exe,6.221648,6.45381,6.728391,0,3,754,1,1
79_MavInject32.exe,6.389851,6.552989,6.552989,0,1,150,0,1
77_IntegratedOffice.exe,6.410773,6.443879,6.443879,0,1,351,0,1
75_AppVShNotify.exe,6.094074,6.284189,6.284189,0,1,134,0,1
396_join.exe,5.909147,6.062574,6.062574,0,1,74,0,1
2360_MSOXMLED.EXE,3.735436,6.371607,6.371607,0,1,77,0,1
2361_OLicenseHeartbeat.exe,6.697706,6.467552,6.467552,0,1,95,0,1
2365_aimgr.exe,6.601823,6.339982,6.339982,0,1,119,0,1
2367_SmartTagInstall.exe,7.019643,5.999382,5.999382,0,0,50,0,1
2521_testhost.net452.exe,6.301074,5.652822,5.652822,0,0,0,0,1
2523_testhost.net46.exe,6.295559,5.643002,5.643002,0,0,0,0,1
5109_WinCsFlags.exe,6.37453,6.287653,6.287653,0,1,295,0,1
5108_WinBioDataModelOOBE.exe,5.157605,5.967439,5.967439,0,2,127,1,1
5107_wimserv.exe,6.250193,6.364089,6.364089,0,2,239,1,1
5103_whoami.exe,5.208904,5.944545,5.944545,0,1,127,0,1
5100_wevtutil.exe,5.971841,6.263878,6.263878,0,2,195,1,1
5098_WerFaultSecure.exe,6.408196,6.065343,7.160105,0,2,170,1,1
404_link.exe,5.603099,6.018299,6.018299,0,1,59,0,1
405_ln.exe,6.011347,6.184325,6.184325,0,1,114,0,1
406_locale.exe,4.585801,5.62667,5.62667,0,1,60,0,1
407_locate.exe,5.456868,6.192337,6.192337,0,1,106,0,1
408_logname.exe,5.567207,5.983264,5.983264,0,1,60,0,1
409_ls.exe,6.251417,6.273704,6.273704,0,1,134,0,1
410_lsattr.exe,4.359013,5.385545,5.385545,0,1,34,0,1
412_md5sum.exe,5.883712,6.243327,6.243327,0,1,72,0,1
1279_fax2ps.exe,5.284365,5.995872,5.995872,0,0,73,0,0
85_VSTOInstaller.exe,6.22701,6.344398,6.344398,0,0,91,0,0
83_TabTip.exe,6.025481,6.134469,6.134469,0,3,250,0,0
2362_opushutil.exe,6.849677,6.435722,6.435722,0,0,84,0,0
2363_ActionsServer.exe,6.765172,6.636795,6.900102,0,0,641,0,0
2364_ai.exe,6.697934,6.502964,6.735723,0,2,118,0,0
2366_RestartAgent.exe,6.560675,6.264481,6.264481,0,0,97,0,0
2369_AppSharingHookController64.exe,5.979479,6.181085,6.181085,0,2,107,0,0
2370_MSOHTMED.EXE,6.001999,6.336552,6.336552,0,2,158,0,0
2391_DDConfigCA.exe,6.562713,6.42388,6.42388,0,0,94,0,0
2347_Microsoft.Mashup.Container.Loader.exe,6.881648,6.329479,6.358312,0,0,149,0,0
2349_SKYPESERVER.EXE,6.663935,6.419689,6.744854,0,0,130,0,0
932_gv2gxl.exe,5.828998,6.159549,6.159549,0,0,115,0,0
931_gv2gml.exe,5.482926,6.060623,6.060623,0,0,78,0,0
929_gst-stats-1.0.exe,5.800855,6.037944,6.037944,0,0,132,0,0
928_gst-play-1.0.exe,5.870303,6.131959,6.131959,0,0,199,0,0
927_gst-launch-1.0.exe,5.540026,5.907666,5.907666,0,0,188,0,0
926_gst-inspect-1.0.exe,5.897605,6.010976,6.010976,0,0,223,0,0
112_Docker Desktop.exe,6.735348,6.5328,6.94459,0,7,570,0,0
956_h5unjam.exe,5.142654,5.812284,5.812284,0,0,80,0,0
955_h5stat.exe,5.235306,5.860428,5.860428,0,0,106,0,0
953_h5repack.exe,6.052408,5.963283,5.963283,0,0,225,0,0
952_h5perf_serial.exe,5.809418,6.152005,6.152005,0,0,117,0,0
951_h5mkgrp.exe,5.241394,5.799183,5.799183,0,0,73,0,0
950_h5ls.exe,5.895733,5.960023,5.960023,0,0,219,0,0
949_h5jam.exe,5.233564,5.939586,5.939586,0,0,73,0,0
948_h5import.exe,5.919932,5.865788,5.865788,0,0,133,0,0
947_h5format_convert.exe,5.190531,5.895859,5.895859,0,0,73,0,0
186_createdump.exe,6.358837,6.376098,6.376098,0,0,85,0,0
4437_cvtres.exe,6.605696,6.29578,6.362986,0,0,117,0,0
4432_aspnet_state.exe,6.711208,6.280965,6.280965,0,0,116,0,0
4430_aspnet_regiis.exe,6.577697,6.108631,6.108631,0,0,98,0,0
215_erl_call.exe,6.064494,5.703113,5.703113,0,0,130,0,0
210_heart.exe,6.422287,6.003695,6.003695,0,0,92,0,0
207_erl_call.exe,6.06459,5.703113,5.703113,0,0,130,0,0
205_erlc.exe,6.1014,5.80177,5.80177,0,0,137,0,0
221_unins001.exe,6.653968,6.460593,6.727825,0,2,583,0,0
217_nteventlog.exe,6.421111,6.056207,6.056207,0,0,97,0,0
4636_dns-sd.exe,6.240139,6.364306,6.364306,0,0,93,0,0
4634_DmNotificationBroker.exe,4.025116,5.799476,5.799476,0,2,92,0,0
4643_drvinst.exe,6.185958,6.245226,6.245226,0,2,267,0,0
4719_IESettingSync.exe,5.985043,6.104063,6.104063,0,2,305,0,0
2327_OLCFG.EXE,6.792094,6.469043,6.469043,0,0,62,0,0
2326_OfficeScrSanBroker.exe,6.712982,6.589562,6.734873,0,0,355,0,0
4458_AppLaunch.exe,5.790042,6.190685,6.190685,0,0,114,0,0
4453_vbc.exe,6.374048,6.470927,6.68947,0,0,302,0,0
4451_ServiceModelReg.exe,6.510905,6.389474,6.495118,0,0,170,0,0
4447_ngen.exe,6.536265,6.30066,6.472653,0,0,140,0,0
4446_mscorsvw.exe,6.266181,5.868584,6.578387,0,0,145,0,0
4599_CustomShellHost.exe,6.319256,6.395492,6.395492,0,3,609,0,0
4597_curl.exe,6.485422,6.362263,6.362263,0,0,239,0,0
4613_DeviceEnroller.exe,6.034255,6.174333,6.174333,0,2,327,0,0
161_dotnet-format.exe,6.438492,6.457474,6.609857,0,0,122,0,0
160_dotnet-format.exe,6.235462,6.326945,6.326945,0,0,125,0,0
158_dotnet-format.exe,6.231596,6.326945,6.326945,0,0,125,0,0
157_apphost.exe,6.084254,6.340127,6.340127,0,0,122,0,0
4627_DisplaySwitch.exe,1.638793,5.88643,6.082603,0,2,95,0,0
197_erl_call.exe,6.06459,5.703113,5.703113,0,0,130,0,0
196_erlc.exe,6.1014,5.80177,5.80177,0,0,137,0,0
187_draw.io.exe,6.748682,6.547792,6.901337,0,7,584,0,0
2685_cvtres.exe,6.598126,6.295498,6.362846,0,0,117,0,0
2684_cl.exe,5.91896,5.748161,6.609749,0,0,265,0,0
2681_vctip.exe,6.199307,6.098469,6.204717,0,0,106,0,0
2680_undname.exe,6.647903,6.044908,6.044908,0,0,57,0,0
2676_mspdbsrv.exe,6.185173,5.824105,6.669745,0,0,118,0,0
4468_cvtres.exe,6.27401,6.178014,6.178014,0,0,120,0,0
4461_aspnet_regiis.exe,6.114528,6.09629,6.09629,0,0,100,0,0
2701_vctip.exe,6.200493,6.098469,6.204717,0,0,106,0,0
2700_vcperf.exe,6.429606,6.476197,6.51379,0,0,143,0,0
2699_undname.exe,6.647903,6.044908,6.044908,0,0,57,0,0
2694_mspdbsrv.exe,6.185173,5.824105,6.669745,0,0,118,0,0
2693_mspdbcmf.exe,6.517726,6.440426,6.581996,0,0,117,0,0
2692_ml.exe,6.052794,5.894655,6.562345,0,0,135,0,0
4548_certutil.exe,6.167084,6.368309,6.368309,0,2,747,0,0
4589_CredentialEnrollmentManager.exe,6.136883,6.082563,6.082563,0,2,288,0,0
4583_conhost.exe,6.32057,6.313971,6.313971,0,2,264,0,0
2673_llvm-symbolizer.exe,5.90383,5.682735,6.10015,0,2,277,0,0
2671_lib.exe,6.688261,5.704786,5.704786,0,0,49,0,0
2670_ifc.exe,6.641829,6.514814,6.514814,0,0,72,0,0
2669_editbin.exe,6.695851,5.716711,5.716711,0,0,49,0,0
2668_dumpbin.exe,6.691989,5.717255,5.717255,0,0,49,0,0
2667_cvtres.exe,6.598126,6.295498,6.362846,0,0,117,0,0
2666_cl.exe,5.920844,5.749927,6.592382,0,0,265,0,0
2660_pgocvt.exe,5.610489,5.995995,5.995995,0,0,121,0,0
4484_vbc.exe,6.296172,6.364541,6.364541,0,0,301,0,0
4478_ngen.exe,6.075078,6.263982,6.263982,0,0,143,0,0
4477_mscorsvw.exe,5.94214,6.232937,6.232937,0,0,146,0,0
2691_llvm-symbolizer.exe,5.972307,5.707462,6.209832,0,2,275,0,0
2689_lib.exe,6.691361,5.704786,5.704786,0,0,49,0,0
2688_ifc.exe,6.641829,6.514814,6.514814,0,0,72,0,0
2687_editbin.exe,6.686702,5.716711,5.716711,0,0,49,0,0
2686_dumpbin.exe,6.69247,5.717255,5.717255,0,0,49,0,0
2638_mspdbsrv.exe,5.937033,5.942219,5.942219,0,0,120,0,0
2636_ml64.exe,5.276157,6.59901,6.59901,0,0,137,0,0
2635_llvm-symbolizer.exe,5.90383,5.682735,6.10015,0,2,277,0,0
2634_link.exe,6.445267,6.51864,6.51864,0,0,395,0,0
2630_cvtres.exe,6.269785,6.17771,6.17771,0,0,120,0,0
2629_cl.exe,5.607947,6.270526,6.270526,0,0,269,0,0
4504_appverif.exe,5.962823,6.185414,6.185414,0,0,153,0,0
2658_mspdbsrv.exe,5.937033,5.942219,5.942219,0,0,120,0,0
2656_ml.exe,5.404067,6.615885,6.615885,0,0,138,0,0
2655_llvm-symbolizer.exe,5.972307,5.707462,6.209832,0,2,275,0,0
2654_link.exe,6.44525,6.51864,6.51864,0,0,395,0,0
2650_cvtres.exe,6.269785,6.17771,6.17771,0,0,120,0,0
2649_cl.exe,5.606108,6.273467,6.273467,0,0,269,0,0
2644_vcperf.exe,6.254017,6.277821,6.277821,0,0,146,0,0
2675_mspdbcmf.exe,6.517726,6.440426,6.581996,0,0,117,0,0
2674_ml64.exe,5.956225,5.799243,6.509635,0,0,134,0,0
3952_wininst-6.0.exe,5.926796,6.452257,6.791394,0,0,146,0,0
3949_wininst-10.0.exe,6.711983,6.576595,6.750361,0,0,161,0,0
3948_wininst-10.0-amd64.exe,6.556449,6.466739,6.466739,0,0,161,0,0
3947_gui.exe,5.813215,6.308064,6.308064,0,0,61,0,0
3944_gui-32.exe,5.813215,6.308064,6.308064,0,0,61,0,0
3943_cli.exe,5.815098,6.31165,6.31165,0,0,61,0,0
4514_AuthHost.exe,5.609048,6.022071,6.022071,0,3,113,0,0
4003_xzdec.exe,6.437748,5.970045,5.970045,0,0,64,0,0
4000_lzmadec.exe,6.433421,5.961192,5.961192,0,0,64,0,0
3998_winpty-agent.exe,5.80578,6.155477,6.21374,0,9,205,0,0
4006_zstd.exe,6.512166,6.459789,6.459789,0,0,133,0,0
2627_clang-tidy.exe,5.975309,6.253284,6.64404,0,0,300,0,0
2626_clang-format.exe,6.373196,6.332,6.332,0,0,191,0,0
2625_clang-tidy.exe,6.225814,6.466151,6.466151,0,0,300,0,0
2624_clang-format.exe,6.538619,6.430104,6.614782,0,0,190,0,0
2640_pgocvt.exe,5.610489,5.995995,5.995995,0,0,121,0,0
3927_windeployqt.exe,6.251602,6.359339,6.359339,0,0,186,0,0
3926_uic.exe,6.330595,6.190693,6.190693,0,0,278,0,0
4340_php-cgi.exe,5.112512,6.124086,6.124086,0,0,253,0,0
4338_phpdbg.exe,5.989854,6.113029,6.113029,0,0,293,0,0
4337_php.exe,5.463108,6.193896,6.193896,0,0,278,0,0
4336_php-win.exe,4.484781,5.928501,5.928501,0,0,187,0,0
4335_php-cgi.exe,5.117625,6.126749,6.126749,0,0,254,0,0
4333_phpdbg.exe,6.22909,6.11674,6.11674,0,0,293,0,0
4332_php.exe,5.861447,6.154706,6.154706,0,0,281,0,0
4331_php-win.exe,5.469772,5.902328,5.902328,0,0,187,0,0
4330_php-cgi.exe,5.933162,6.160967,6.160967,0,0,253,0,0
4527_bdeunlock.exe,6.694348,6.301063,7.085463,0,2,180,0,0
3956_wininst-9.0.exe,6.739988,6.608846,6.812026,0,0,164,0,0
3955_wininst-9.0-amd64.exe,6.553684,6.43771,6.550061,0,0,166,0,0
3954_wininst-8.0.exe,6.26299,6.434686,6.854886,0,0,167,0,0
3953_wininst-7.1.exe,5.708577,5.936308,6.823537,0,0,152,0,0
2103_UEMSLogCollector.exe,6.415081,6.47394,6.47394,0,0,196,0,0
2102_ToolsIQ.exe,6.535881,6.627997,6.627997,0,0,166,0,0
2100_selfserviceexe.exe,6.741245,6.637464,6.637464,0,0,437,0,0
4356_winhlp32.exe,4.911389,5.624879,5.624879,0,0,39,0,0
4355_Sysmon64.exe,5.839508,6.45127,6.45127,0,0,357,0,0
4354_Sysmon.exe,5.839508,6.45127,6.45127,0,0,357,0,0
4346_explorer.exe,6.480274,6.380875,6.380875,0,3,785,0,0
4344_hiddeninput.exe,5.341054,5.719201,5.719201,0,0,51,0,0
4343_phpdbg.exe,5.989671,6.113626,6.113626,0,0,292,0,0
4342_php.exe,5.471058,6.205459,6.205459,0,0,280,0,0
4341_php-win.exe,4.506308,5.937734,5.937734,0,0,190,0,0
3940_cli-32.exe,5.815098,6.31165,6.31165,0,0,61,0,0
3939_send2trash.exe,6.348713,6.386572,6.386572,0,0,86,0,0
3938_pysemver.exe,6.347856,6.386572,6.386572,0,0,86,0,0
3930_QtWebEngineProcess.exe,6.599094,6.548867,6.548867,0,0,300,0,0
3928_xmlpatterns.exe,6.371101,6.121075,6.121075,0,0,251,0,0
2099_SecureDCProcess.exe,6.921113,6.928995,6.928995,0,0,185,0,0
2098_secaddoncrashanalyser.exe,6.490504,6.553898,6.553898,0,0,78,0,0
2096_rapchat.exe,6.586074,6.594644,6.594644,0,0,814,0,0
2093_meaaphelper.exe,6.393734,6.463665,6.463665,0,0,182,0,0
2092_meaap.exe,6.604681,6.526554,6.526554,0,0,302,0,0
2087_drvforceupdate.exe,6.304675,6.395291,6.395291,0,0,109,0,0
2086_dpinst86.exe,5.720427,6.257966,6.257966,0,0,325,0,0
2085_dpinst64.exe,5.629351,5.924711,5.924711,0,0,355,0,0
3925_tracegen.exe,6.159875,6.394933,6.394933,0,0,144,0,0
3924_testcon.exe,6.298017,6.204778,6.204778,0,0,1704,0,0
3923_repc.exe,6.104828,6.259805,6.259805,0,0,328,0,0
3922_rcc.exe,6.237979,6.373637,6.373637,0,0,157,0,0
3921_qvkgen.exe,6.533559,6.098043,6.098043,0,0,109,0,0
3919_qtpaths.exe,6.432494,5.856589,5.856589,0,0,92,0,0
2105_usbeDevicelist.exe,6.50208,6.477427,6.477427,0,0,78,0,0
2104_uemsnotifications.exe,6.484542,6.543891,6.543891,0,0,267,0,0
2054_dcappcontrol.exe,6.606051,6.544252,6.544252,0,0,317,0,0
2053_dcannouncement.exe,6.550599,6.580886,6.580886,0,0,789,0,0
2052_dcagentupgrader.exe,6.727539,6.865091,6.865091,0,0,318,0,0
2082_dc_cad.exe,6.957272,5.567266,5.567266,0,0,53,0,0
2081_dcwolsettings.exe,6.310878,6.407758,6.407758,0,0,183,0,0
2080_dcwol.exe,6.597824,6.527278,6.527278,0,0,309,0,0
2079_dcusbsummary.exe,6.572464,6.593532,6.593532,0,0,809,0,0
2078_dcusb64.exe,6.293113,6.323371,6.455956,0,2,150,0,0
2077_dcusb32.exe,6.556934,6.599908,6.599908,0,0,149,0,0
2076_dcupload.exe,6.551389,6.585407,6.585407,0,0,731,0,0
2075_dcuninstallsw.exe,6.594507,6.601425,6.601425,0,0,829,0,0
2073_dctask64.exe,6.643256,6.733462,6.733462,0,0,173,0,0
2072_dcswmeter.exe,6.545665,6.462004,6.462004,0,0,342,0,0
2071_dcstatusutil.exe,6.613143,6.516845,6.516845,0,0,323,0,0
2070_dcscreenrec.exe,4.672405,5.292729,5.292729,0,0,127,0,0
2069_dcrdservice.exe,6.570559,6.58911,6.58911,0,0,772,0,0
2042_AgentQPPMUpgrader.exe,6.776076,6.887381,6.887381,0,0,258,0,0
2039_VerifyTrustedFiles.exe,6.516995,6.425578,6.596864,0,0,281,0,0
2038_StoreApps.exe,6.608401,6.591714,6.591714,0,0,113,0,0
2037_Privilager.exe,6.615892,6.573024,6.630688,0,0,198,0,0
2066_DCProcessMonitor.exe,6.645836,6.623984,6.623984,0,0,164,0,0
2065_dcpatchscan.exe,6.740915,6.603082,6.698892,0,0,471,0,0
2064_dcondemand.exe,6.881013,6.859076,6.859076,0,0,389,0,0
2063_dcnacprocess.exe,6.595123,6.545183,6.545183,0,0,319,0,0
2062_dcmsghandler.exe,6.626292,6.598452,6.598452,0,0,759,0,0
2061_dcinventory.exe,6.503475,6.425067,6.425067,0,0,402,0,0
2060_dcfilescan.exe,6.604365,6.538544,6.538544,0,0,314,0,0
2059_DCFAUser.exe,6.603452,6.645666,6.645666,0,0,124,0,0
2058_DCFAService64.exe,6.197214,6.45286,6.45286,0,0,92,0,0
2057_DCFAService.exe,6.642274,6.625064,6.625064,0,0,88,0,0
2056_dcconfigexec.exe,6.599091,6.547485,6.547485,0,0,324,0,0
2055_dcchat.exe,6.58437,6.594012,6.594012,0,0,814,0,0
2029_ACPipelogServer.exe,6.607993,6.588191,6.600474,0,0,148,0,0
2028_dcconfig.exe,6.835045,6.781934,6.781934,0,0,569,0,0
2025_tslauncher.exe,6.583648,6.631135,6.631135,0,0,68,0,0
2024_Patch.exe,6.764605,6.738249,6.738249,0,2,274,0,0
2022_klshwmsg.exe,6.57789,6.716064,6.716064,0,2,276,0,0
2021_klscmodchk.exe,6.494352,6.313057,6.664702,0,3,163,0,0
2020_klscflag.exe,6.788875,6.746041,6.746041,0,2,234,0,0
4413_DPInst64.exe,5.736632,5.907352,5.907352,0,0,354,0,0
2051_dcagenttrayicon.exe,6.631027,6.566436,6.569589,0,0,1036,0,0
2050_dcagentservice.exe,6.629689,6.552442,6.552442,0,0,371,0,0
2049_dcagentregister.exe,6.537704,6.543673,6.543673,0,0,92,0,0
2048_CRU_Reporter.exe,6.611117,6.630256,6.630256,0,0,145,0,0
2047_checkvolume.exe,6.439755,6.468573,6.468573,0,0,69,0,0
2046_cfgUpdate.exe,6.507019,6.504925,6.504925,0,0,93,0,0
2045_brnativehost.exe,6.507657,6.449585,6.449585,0,0,615,0,0
2044_bmagent.exe,6.545451,6.387572,6.387572,0,0,395,0,0
3500_tiffgt.exe,6.480577,5.868124,5.868124,0,0,84,0,0
3499_tiffdump.exe,6.395946,5.972259,5.972259,0,0,62,0,0
3498_tiffdither.exe,6.535228,6.023024,6.023024,0,0,61,0,0
2019_klrbtagt.exe,6.543786,6.748941,6.748941,0,2,252,0,0
2018_klpki.exe,6.457764,6.35645,6.679071,0,2,185,0,0
2017_klosprep.exe,6.79293,6.753477,6.753477,0,2,268,0,0
2016_klnagwds.exe,6.571788,6.487548,6.636487,0,2,196,0,0
2015_klnagntf.exe,6.548273,6.766149,6.766149,0,2,228,0,0
2012_klmover.exe,6.480399,6.34381,6.649398,0,2,182,0,0
2011_kldumper.exe,6.8183,6.763054,6.763054,0,2,240,0,0
2010_klcspxy.exe,3.183052,6.298196,6.552924,0,2,179,0,0
3517_xmlpatterns.exe,6.371101,6.121075,6.121075,0,0,251,0,0
2034_ecacphelper.exe,6.612032,6.603385,6.603385,0,0,107,0,0
2033_DriverCtrl.exe,6.631592,6.590755,6.648547,0,0,175,0,0
2032_DRAdminUsers.exe,6.619179,6.583616,6.602787,0,0,122,0,0
2031_dcprocmon.exe,6.628721,6.577336,6.639673,0,0,203,0,0
4044_dask.exe,6.347887,6.386572,6.386572,0,0,86,0,0
3497_tiffcrop.exe,6.520344,6.275364,6.275364,0,0,99,0,0
3496_tiffcp.exe,6.497994,6.103019,6.103019,0,0,90,0,0
3495_tiffcmp.exe,6.493123,6.110184,6.110184,0,0,55,0,0
3494_tiff2rgba.exe,6.405926,5.895536,5.895536,0,0,71,0,0
3493_tiff2ps.exe,6.533102,6.299618,6.299618,0,0,88,0,0
3492_tiff2pdf.exe,6.434392,6.173363,6.173363,0,0,99,0,0
3491_tiff2bw.exe,6.566879,6.146261,6.146261,0,0,64,0,0
3490_testsolv.exe,6.48373,5.982039,5.982039,0,0,100,0,0
3489_testcon.exe,6.298017,6.204778,6.204778,0,0,1704,0,0
3510_winpty-agent.exe,5.80578,6.155477,6.21374,0,9,205,0,0
3509_windeployqt.exe,6.251602,6.359339,6.359339,0,0,186,0,0
3508_uic.exe,6.330595,6.190693,6.190693,0,0,278,0,0
3506_tracegen.exe,6.159875,6.394933,6.394933,0,0,144,0,0
3505_tificc.exe,6.447425,6.432848,6.432848,0,0,111,0,0
3501_tiffinfo.exe,6.448535,6.015831,6.015831,0,0,82,0,0
3452_qdoc.exe,6.305125,6.273362,6.273362,0,0,639,0,0
3451_qdistancefieldgenerator.exe,6.111607,6.180268,6.180268,0,0,772,0,0
3450_qdbusxml2cpp.exe,6.301832,5.882578,5.882578,0,0,175,0,0
4049_docutils.exe,6.347593,6.386572,6.386572,0,0,86,0,0
3481_repc.exe,6.104828,6.259805,6.259805,0,0,328,0,0
3479_rcc.exe,6.237979,6.373637,6.373637,0,0,157,0,0
3478_raw2tiff.exe,6.530294,6.107985,6.107985,0,0,68,0,0
3476_qvkgen.exe,6.533559,6.098043,6.098043,0,0,109,0,0
3475_QtWebEngineProcess.exe,6.599094,6.548867,6.548867,0,0,300,0,0
3473_qtpaths.exe,6.432494,5.856589,5.856589,0,0,92,0,0
3472_qtdiag.exe,6.292223,5.852732,5.852732,0,0,271,0,0
3471_qtattributionsscanner.exe,6.267019,5.963877,5.963877,0,0,202,0,0
3470_qscxmlc.exe,6.292034,6.21928,6.21928,0,0,292,0,0
3469_qmltyperegistrar.exe,6.306715,5.981774,5.981774,0,0,233,0,0
3467_qmlscene.exe,6.242208,5.996413,5.996413,0,0,309,0,0
3466_qmlprofiler.exe,6.28513,6.155109,6.155109,0,0,385,0,0
3438_pngfix.exe,6.192282,6.260747,6.260747,0,0,87,0,0
3435_pixeltool.exe,6.307852,6.056242,6.056242,0,0,312,0,0
3434_pg_config.exe,6.366998,6.222691,6.222691,0,0,84,0,0
4069_isort-identify-imports.exe,6.34771,6.386572,6.386572,0,0,86,0,0
3465_qmlpreview.exe,6.254082,6.051122,6.051122,0,0,292,0,0
3464_qmlplugindump.exe,6.393974,6.106042,6.106042,0,0,407,0,0
3463_qmlmin.exe,5.814388,6.322386,6.322386,0,0,135,0,0
3462_qmllint.exe,6.055824,6.261641,6.261641,0,0,234,0,0
3461_qmlimportscanner.exe,5.970981,6.226203,6.226203,0,0,291,0,0
3460_qmlformat.exe,6.010045,6.263111,6.263111,0,0,192,0,0
3459_qmleasing.exe,6.191437,6.145065,6.145065,0,0,681,0,0
3458_qmlcachegen.exe,6.120281,6.247309,6.247309,0,0,319,0,0
3457_qml.exe,5.63594,5.921006,5.921006,0,0,270,0,0
3455_qlalr.exe,6.449611,6.202337,6.202337,0,0,148,0,0
3454_qhelpgenerator.exe,6.365627,6.072,6.072,0,0,281,0,0
3453_qgltf.exe,6.403512,6.402476,6.402476,0,0,423,0,0
3431_pcre2posix_test.exe,6.317685,6.407287,6.407287,0,0,56,0,0
3430_pcre2grep.exe,6.438842,6.375496,6.375496,0,0,113,0,0
3429_pal2rgb.exe,6.480155,5.938525,5.938525,0,0,60,0,0
3428_opj_dump.exe,6.611557,6.188315,6.188315,0,0,80,0,0
3427_opj_decompress.exe,6.612391,6.366945,6.366945,0,0,116,0,0
3426_opj_compress.exe,6.569762,6.272682,6.272682,0,0,126,0,0
3425_openssl.exe,6.381934,6.302221,6.656705,0,0,1631,0,0
3423_moc.exe,6.235867,6.400212,6.400212,0,0,156,0,0
3449_qdbusviewer.exe,5.80906,6.055134,6.055134,0,0,793,0,0
3448_qdbuscpp2xml.exe,6.079549,6.340901,6.340901,0,0,209,0,0
3447_qdbus.exe,6.401836,5.99776,5.99776,0,0,217,0,0
3444_protoc.exe,6.429267,5.929618,5.929618,0,0,83,0,0
3443_protoc-gen-upb_minitable.exe,6.462212,6.305651,6.305651,0,0,123,0,0
3442_protoc-gen-upbdefs.exe,6.451342,6.320558,6.320558,0,0,119,0,0
3441_protoc-gen-upb.exe,6.473846,6.281817,6.281817,0,0,128,0,0
3439_ppm2tiff.exe,6.473575,6.057155,6.057155,0,0,64,0,0
3793_locale.exe,5.241614,5.827351,5.922425,0,9,59,0,0
3791_ldd.exe,5.21894,5.486002,5.935622,0,9,61,0,0
3790_kill.exe,5.125163,5.493411,5.927636,0,9,42,0,0
3789_getfacl.exe,5.050734,5.537033,5.757538,0,9,32,0,0
3788_getconf.exe,4.888101,5.153861,5.833564,0,9,30,0,0
3787_dumper.exe,6.739849,6.252164,7.090313,0,9,154,0,0
3786_cygwin-console-helper.exe,5.166579,5.945228,5.986145,0,9,56,0,0
3808_patch.exe,6.157042,6.206035,6.206035,0,0,124,0,0
3807_umount.exe,4.893369,4.825395,5.804923,0,9,29,0,0
3806_tzset.exe,4.659136,5.239827,5.835452,0,9,31,0,0
3805_strace.exe,5.319262,6.138419,6.138419,0,9,130,0,0
3804_ssp.exe,5.345793,5.882854,5.882854,0,9,41,0,0
3803_setmetamode.exe,4.831817,4.749973,5.804592,0,9,22,0,0
3802_setfacl.exe,5.148452,6.001702,6.001702,0,9,38,0,0
3433_pcre2_jit_test.exe,6.328203,6.362653,6.362653,0,0,58,0,0
3432_pcre2test.exe,6.486927,6.431386,6.431386,0,0,93,0,0
3828_opj_compress.exe,6.569762,6.272682,6.272682,0,0,126,0,0
3827_validate-docstrings.exe,6.348026,6.386572,6.386572,0,0,86,0,0
3785_cygpath.exe,5.213207,5.743491,5.83317,0,9,84,0,0
3784_cygcheck.exe,5.697787,6.299631,6.430936,0,9,184,0,0
3781_lzotest.exe,6.23412,6.340446,6.340446,0,0,69,0,0
3779_lz4.exe,6.521346,6.353098,6.353098,0,0,86,0,0
3771_tiffinfo.exe,6.448535,6.015831,6.015831,0,0,82,0,0
3770_tiffgt.exe,6.480577,5.868124,5.868124,0,0,84,0,0
3801_regtool.exe,5.335436,5.7658,5.897124,0,9,62,0,0
3800_ps.exe,5.106228,5.368465,5.88508,0,9,51,0,0
3799_pldd.exe,4.935814,5.149875,5.849545,0,9,31,0,0
3798_passwd.exe,5.264262,5.714046,5.889343,0,9,56,0,0
3797_mount.exe,5.339263,5.709986,5.952597,0,9,51,0,0
3796_mkpasswd.exe,5.250944,5.627868,5.942024,0,9,65,0,0
3795_mkgroup.exe,5.221456,5.774807,5.880573,0,9,63,0,0
3794_minidumper.exe,5.12987,5.349125,5.930858,0,9,35,0,0
3764_tiff2rgba.exe,6.405926,5.895536,5.895536,0,0,71,0,0
3763_tiff2ps.exe,6.533102,6.299618,6.299618,0,0,88,0,0
3762_tiff2pdf.exe,6.434392,6.173363,6.173363,0,0,99,0,0
3761_tiff2bw.exe,6.566879,6.146261,6.146261,0,0,64,0,0
3760_raw2tiff.exe,6.530294,6.107985,6.107985,0,0,68,0,0
3759_ppm2tiff.exe,6.473575,6.057155,6.057155,0,0,64,0,0
3758_pal2rgb.exe,6.480155,5.938525,5.938525,0,0,60,0,0
3757_fax2tiff.exe,6.458199,5.814823,5.814823,0,0,75,0,0
3756_fax2ps.exe,6.43474,5.995872,5.995872,0,0,73,0,0
3755_testsolv.exe,6.48373,5.982039,5.982039,0,0,100,0,0
3837_pcre2test.exe,6.486927,6.431386,6.431386,0,0,93,0,0
3836_pcre2posix_test.exe,6.317685,6.407287,6.407287,0,0,56,0,0
3835_pcre2grep.exe,6.438842,6.375496,6.375496,0,0,113,0,0
3831_openssl.exe,6.381934,6.302221,6.656705,0,0,1631,0,0
3830_opj_dump.exe,6.611557,6.188315,6.188315,0,0,80,0,0
3829_opj_decompress.exe,6.612391,6.366945,6.366945,0,0,116,0,0
3743_pg_config.exe,6.366998,6.222691,6.222691,0,0,84,0,0
3742_pngfix.exe,6.192282,6.260747,6.260747,0,0,87,0,0
3740_mamba-package.exe,6.320037,6.212915,6.212915,0,0,187,0,0
3739_grpc_ruby_plugin.exe,6.467311,5.852792,5.852792,0,0,65,0,0
3844_w64.exe,6.07162,6.397459,6.397459,0,0,94,0,0
3843_w64-arm.exe,6.091655,6.434787,6.434787,0,0,92,0,0
3842_w32.exe,6.132413,6.475502,6.475502,0,0,93,0,0
3841_t64.exe,6.086881,6.386572,6.386572,0,0,86,0,0
3840_t64-arm.exe,6.098202,6.428076,6.428076,0,0,86,0,0
3839_t32.exe,6.157298,6.459835,6.459835,0,0,85,0,0
3838_pcre2_jit_test.exe,6.328203,6.362653,6.362653,0,0,58,0,0
3769_tiffdump.exe,6.395946,5.972259,5.972259,0,0,62,0,0
3768_tiffdither.exe,6.535228,6.023024,6.023024,0,0,61,0,0
3767_tiffcrop.exe,6.520344,6.275364,6.275364,0,0,99,0,0
3766_tiffcp.exe,6.497994,6.103019,6.103019,0,0,90,0,0
3765_tiffcmp.exe,6.493123,6.110184,6.110184,0,0,55,0,0
3878_designer.exe,6.089433,6.208639,6.208639,0,0,1574,0,0
3877_canbusutil.exe,6.347446,5.948168,5.948168,0,0,179,0,0
3876_balsam.exe,6.369691,5.997035,5.997035,0,0,132,0,0
3875_assistant.exe,6.3992,6.194739,6.34175,0,0,1797,0,0
3873_Pythonwin.exe,5.648028,5.935063,5.935063,0,0,162,0,0
3868_venvwlauncher.exe,6.446113,6.486347,6.486347,0,2,94,0,0
3867_venvlauncher.exe,6.420205,6.46375,6.46375,0,2,92,0,0
3866_pythonw.exe,6.446167,6.486347,6.486347,0,2,94,0,0
3865_python.exe,6.420354,6.46375,6.46375,0,2,92,0,0
3750_protoc.exe,6.429267,5.929618,5.929618,0,0,83,0,0
3749_protoc-gen-upb_minitable.exe,6.462212,6.305651,6.305651,0,0,123,0,0
3748_protoc-gen-upbdefs.exe,6.451342,6.320558,6.320558,0,0,119,0,0
3747_protoc-gen-upb.exe,6.473846,6.281817,6.281817,0,0,128,0,0
3746_pg_regress.exe,6.28723,6.202449,6.202449,0,0,144,0,0
3745_pg_isolation_regress.exe,6.262052,6.171606,6.171606,0,0,148,0,0
3744_isolationtester.exe,6.405366,6.266738,6.266738,0,0,104,0,0
3735_grpc_node_plugin.exe,6.574262,6.038319,6.038319,0,0,70,0,0
3734_grpc_csharp_plugin.exe,6.579512,6.091657,6.091657,0,0,70,0,0
3733_grpc_cpp_plugin.exe,6.42833,6.151665,6.151665,0,0,137,0,0
3732_libdeflate-gzip.exe,6.428385,6.516619,6.516619,0,0,100,0,0
3731_libdeflate-gunzip.exe,6.428491,6.516619,6.516619,0,0,100,0,0
3727_bsdtar.exe,5.791437,5.561342,5.871737,0,0,303,0,0
3726_bsdcpio.exe,5.78075,5.556656,5.913997,0,0,297,0,0
3725_bsdcat.exe,5.749663,5.482583,5.482583,0,0,134,0,0
3723_tificc.exe,6.447425,6.432848,6.432848,0,0,111,0,0
3885_lrelease-pro.exe,6.303856,6.078823,6.078823,0,0,140,0,0
3884_lprodump.exe,6.427452,6.219747,6.219747,0,0,379,0,0
3883_linguist.exe,6.389532,6.250805,6.250805,0,0,2547,0,0
3882_lconvert.exe,6.384815,6.138607,6.138607,0,0,308,0,0
3881_idc.exe,6.1196,6.368944,6.368944,0,0,156,0,0
3880_dumpdoc.exe,6.358762,6.139208,6.139208,0,0,404,0,0
3879_dumpcpp.exe,6.376827,6.147479,6.147479,0,0,455,0,0
591_nssm.exe,5.532138,6.239814,6.239814,0,0,209,0,0
586_platform_experience_helper.exe,6.60656,6.514956,6.514956,0,5,330,0,0
585_setup.exe,6.597623,6.581413,6.581413,0,6,433,0,0
584_chrmstp.exe,6.597623,6.581413,6.581413,0,6,433,0,0
583_os_update_handler.exe,6.501064,6.484044,6.484044,0,5,257,0,0
582_notification_helper.exe,6.507881,6.483592,6.483592,0,4,273,0,0
581_elevation_service.exe,6.580805,6.569966,6.569966,0,4,309,0,0
3890_moc.exe,6.235867,6.400212,6.400212,0,0,156,0,0
3888_lupdate.exe,6.221629,6.276864,6.276864,0,0,431,0,0
3887_lupdate-pro.exe,6.269596,5.930548,5.930548,0,0,136,0,0
3886_lrelease.exe,6.373159,6.152811,6.152811,0,0,347,0,0
597_curl.exe,5.602696,6.40926,6.633519,0,0,188,0,0
276_wintoast.exe,6.404021,6.496819,6.496819,0,2,99,0,0
3720_jpgicc.exe,6.44248,6.445087,6.445087,0,0,108,0,0
3737_grpc_php_plugin.exe,6.482499,6.135224,6.135224,0,0,96,0,0
3736_grpc_objective_c_plugin.exe,6.507781,6.064153,6.064153,0,0,87,0,0
576_os_update_handler.exe,6.500671,6.484244,6.484244,0,5,257,0,0
575_notification_helper.exe,6.506071,6.483465,6.483465,0,4,273,0,0
574_elevation_service.exe,6.582277,6.570533,6.570533,0,4,309,0,0
573_elevated_tracing_service.exe,6.489206,6.44601,6.44601,0,4,374,0,0
572_chrome_pwa_launcher.exe,6.440602,6.492713,6.492713,0,4,205,0,0
571_new_chrome_proxy.exe,6.508537,6.491268,6.491268,0,3,204,0,0
570_new_chrome.exe,6.571592,6.483572,6.483572,0,4,244,0,0
569_chrome_proxy.exe,6.507401,6.492445,6.492445,0,3,204,0,0
568_chrome.exe,6.575203,6.48616,6.48616,0,4,244,0,0
5772_subst.exe,5.378056,5.561062,5.561062,0,0,81,0,0
5773_sudo.exe,6.352953,6.170321,6.42493,0,0,185,0,0
5776_SyncHost.exe,6.301542,6.272916,6.477803,0,0,110,0,0
5777_systeminfo.exe,6.165861,6.073585,6.639492,0,0,146,0,0
5880_UIEOrchestrator.exe,6.687565,6.355067,6.518302,0,0,235,0,0
595_PluginTools.exe,5.119719,4.760659,5.325823,0,2,395,0,0
592_nssm.exe,5.532138,6.239814,6.239814,0,0,209,0,0
5755_sdiagnhost.exe,6.029235,6.163721,6.568091,0,0,99,0,0
5761_setup16.exe,6.009708,6.199244,6.48893,0,0,130,0,0
5762_setupugc.exe,6.31632,6.296773,6.745423,0,0,232,0,0
5764_sfc.exe,6.465175,6.443347,6.443347,0,0,153,0,0
5765_shrpubw.exe,5.941517,5.722943,6.476756,0,0,255,0,0
5767_SndVol.exe,6.194279,6.387761,6.697666,0,2,369,0,0
5770_srdelayed.exe,5.675218,6.130537,6.130537,0,0,38,0,0
3681_isort-identify-imports.exe,6.34771,6.386572,6.386572,0,0,86,0,0
3684_djpeg.exe,6.53484,6.111634,6.111634,0,0,67,0,0
3683_cjpeg.exe,6.540157,6.12729,6.12729,0,0,71,0,0
3712_kfwcpcc.exe,5.347142,5.570856,5.570856,0,0,82,0,0
3706_ccapiserver.exe,5.703942,5.528988,5.528988,0,0,162,0,0
580_elevated_tracing_service.exe,6.48899,6.445884,6.445884,0,4,374,0,0
579_chrome_pwa_launcher.exe,6.442159,6.492467,6.492467,0,4,205,0,0
578_setup.exe,6.596673,6.581043,6.581043,0,6,433,0,0
577_chrmstp.exe,6.596673,6.581043,6.581043,0,6,433,0,0
5742_RmClient.exe,5.455863,5.917566,5.917566,0,0,52,0,0
5743_Robocopy.exe,6.483518,6.356007,6.751367,0,0,231,0,0
5744_ROUTE.EXE,5.711501,6.137505,6.137505,0,0,74,0,0
5745_RpcPing.exe,5.908691,6.045216,6.045216,0,0,103,0,0
5747_runas.exe,5.622264,5.908997,5.908997,0,0,86,0,0
5749_RunLegacyCPLElevated.exe,5.954117,6.28037,6.28037,0,0,81,0,0
5750_runonce.exe,6.445835,6.412353,6.706642,0,0,217,0,0
5753_sdbinst.exe,6.592803,6.542317,6.777983,0,0,213,0,0
5754_sdchange.exe,6.246018,6.232004,6.273307,0,0,154,0,0
3657_h5watch.exe,6.426965,5.928533,5.928533,0,0,96,0,0
3656_h5unjam.exe,6.551888,5.812433,5.812433,0,0,80,0,0
3655_h5stat.exe,6.394522,5.834288,5.834288,0,0,104,0,0
3653_h5repack.exe,6.284182,5.963487,5.963487,0,0,225,0,0
3652_h5perf_serial.exe,6.421924,6.153515,6.153515,0,0,117,0,0
3651_h5mkgrp.exe,6.603859,5.799183,5.799183,0,0,73,0,0
3650_h5ls.exe,6.3241,5.909831,5.909831,0,0,216,0,0
5721_rasphone.exe,6.207334,6.267853,6.656931,0,0,75,0,0
5727_recover.exe,5.285237,5.318505,6.377788,0,0,66,0,0
5730_regedt32.exe,4.728348,5.490253,5.490253,0,0,36,0,0
5731_regini.exe,6.274972,6.447574,6.447574,0,0,98,0,0
5732_Register-CimProvider.exe,5.700293,5.822529,5.822529,0,0,53,0,0
5734_rekeywiz.exe,6.461889,6.440436,6.47005,0,0,139,0,0
5735_relog.exe,6.194082,6.316969,6.333181,0,0,124,0,0
5736_replace.exe,5.732189,5.700139,6.507208,0,0,102,0,0
3649_h5jam.exe,6.548534,5.939631,5.939631,0,0,73,0,0
3648_h5import.exe,6.326054,5.86597,5.86597,0,0,133,0,0
3647_h5format_convert.exe,6.559722,5.895859,5.895859,0,0,73,0,0
3646_h5dump.exe,6.255257,5.87482,5.87482,0,0,231,0,0
3645_h5diff.exe,6.273919,5.679697,5.679697,0,0,67,0,0
3643_h5debug.exe,6.476161,5.830909,5.830909,0,0,104,0,0
3642_h5copy.exe,6.527823,5.755564,5.755564,0,0,86,0,0
3641_h5clear.exe,6.565089,5.926681,5.926681,0,0,77,0,0
3628_rst2man.exe,6.347223,6.386572,6.386572,0,0,86,0,0
3627_rst2latex.exe,6.347867,6.386572,6.386572,0,0,86,0,0
3626_rst2html5.exe,6.347741,6.386572,6.386572,0,0,86,0,0
3625_rst2html4.exe,6.348154,6.386572,6.386572,0,0,86,0,0
3624_rst2html.exe,6.348056,6.386572,6.386572,0,0,86,0,0
3623_docutils.exe,6.347593,6.386572,6.386572,0,0,86,0,0
5708_PkgMgr.exe,6.466185,6.288688,6.656784,0,0,172,0,0
5709_poqexec.exe,6.745039,6.673719,6.802385,0,0,222,0,0
5711_PresentationHost.exe,6.690648,6.197512,6.679476,0,0,216,0,0
5712_prevhost.exe,6.074982,6.152499,6.152499,0,0,93,0,0
5713_print.exe,5.528564,5.534722,5.534722,0,0,88,0,0
5714_printui.exe,6.437387,5.604057,6.529746,0,0,58,0,0
5715_proquota.exe,6.184813,6.284157,6.662828,0,0,142,0,0
5716_provlaunch.exe,6.172076,6.192643,6.192643,0,0,90,0,0
5717_psr.exe,6.505071,6.386807,6.735418,0,0,427,0,0
5719_rasdial.exe,5.86347,6.109108,6.451933,0,0,67,0,0
5692_NpcapHelper.exe,6.617048,6.621928,6.621928,0,0,83,0,0
5694_ntprint.exe,6.422528,5.653809,6.534073,0,0,52,0,0
5696_odbcconf.exe,5.87793,6.231118,6.575968,0,0,62,0,0
5697_openfiles.exe,6.245492,6.189964,6.623041,0,0,144,0,0
5699_OposHost.exe,6.159822,6.21028,6.32465,0,0,105,0,0
5700_PackagedCWALauncher.exe,6.097563,6.246639,6.389146,0,0,75,0,0
5704_perfhost.exe,5.392524,5.931712,5.931712,0,0,75,0,0
3587_adig.exe,5.678013,6.17104,6.17104,0,0,70,0,0
3586_acountry.exe,5.219765,5.899939,5.899939,0,0,66,0,0
3611_dask.exe,6.347887,6.386572,6.386572,0,0,86,0,0
3610_curl.exe,5.851595,6.240842,6.240842,0,0,194,0,0
3633_rst2xml.exe,6.347408,6.386572,6.386572,0,0,86,0,0
3632_rst2xetex.exe,6.348126,6.386572,6.386572,0,0,86,0,0
3631_rst2s5.exe,6.347315,6.386572,6.386572,0,0,86,0,0
3630_rst2pseudoxml.exe,6.347834,6.386572,6.386572,0,0,86,0,0
3629_rst2odt.exe,6.347312,6.386572,6.386572,0,0,86,0,0
5677_msra.exe,5.694684,5.276229,5.755077,0,0,35,0,0
5681_ndadmin.exe,5.119651,6.017893,6.017893,0,0,65,0,0
5684_netbtugc.exe,5.891718,6.283268,6.31934,0,0,73,0,0
5685_NetCfgNotifyObjectHost.exe,6.196937,6.047593,6.672262,0,0,104,0,0
5686_netiougc.exe,6.00019,6.313538,6.313538,0,0,99,0,0
5687_Netplwiz.exe,5.96485,6.230574,6.391168,0,0,72,0,0
5689_NETSTAT.EXE,6.057686,6.372135,6.56267,0,0,111,0,0
5690_newdev.exe,5.13565,5.998023,5.998023,0,0,73,0,0
3559_conda-token.exe,6.34842,6.386572,6.386572,0,0,86,0,0
3557_umount.exe,4.893369,4.825395,5.804923,0,9,29,0,0
3556_tzset.exe,4.659136,5.239827,5.835452,0,9,31,0,0
3555_strace.exe,5.319262,6.138419,6.138419,0,9,130,0,0
3554_ssp.exe,5.345793,5.882854,5.882854,0,9,41,0,0
3584_bzip2.exe,6.559472,6.062927,6.062927,0,0,75,0,0
3579_elastipubsub.exe,5.59346,5.917698,5.917698,0,0,103,0,0
3578_elasticurl.exe,5.397428,5.866282,5.866282,0,0,121,0,0
5650_instnm.exe,4.614096,5.464308,5.464308,0,0,37,0,0
5651_ipconfig.exe,6.096596,6.313778,6.313778,0,0,109,0,0
5653_iscsicpl.exe,5.095119,5.459078,5.459078,0,0,48,0,0
5654_isoburn.exe,6.499468,6.391345,6.391345,0,0,143,0,0
5655_ktmutil.exe,5.329634,5.723359,5.723359,0,0,67,0,0
5656_label.exe,5.454478,5.634958,5.634958,0,0,79,0,0
5657_LaunchTM.exe,4.844604,5.318605,5.318605,0,0,35,0,0
5658_LaunchWinApp.exe,6.279444,6.311465,6.311465,0,0,106,0,0
5659_lodctr.exe,6.122785,6.131885,6.198463,0,0,94,0,0
5660_logagent.exe,6.400116,6.309008,6.392226,0,0,215,0,0
5661_logman.exe,6.092542,6.31562,6.586706,0,0,153,0,0
5670_mountvol.exe,5.513044,5.910704,5.910704,0,0,58,0,0
5671_MRINFO.EXE,5.239816,5.814443,5.814443,0,0,63,0,0
5672_msdt.exe,6.559249,6.389012,6.78997,0,0,502,0,0
5673_msfeedssync.exe,5.561313,6.020626,6.020626,0,0,36,0,0
5674_mshta.exe,4.889923,5.650494,5.650494,0,0,43,0,0
5632_GameBarPresenceWriter.exe,6.500121,6.358099,6.503597,0,0,177,0,0
5635_getmac.exe,6.2196,6.179682,6.348721,0,0,137,0,0
5636_gpresult.exe,6.416067,6.317712,6.679068,0,0,197,0,0
5637_gpscript.exe,6.197643,6.247058,6.704205,0,0,130,0,0
5638_gpupdate.exe,6.252563,6.314383,6.467315,0,0,120,0,0
5639_grpconv.exe,5.350897,5.829971,5.829971,0,0,84,0,0
5640_hdwwiz.exe,5.104778,5.140747,5.140747,0,0,33,0,0
5641_help.exe,5.095663,5.638514,5.638514,0,0,44,0,0
5642_hh.exe,4.722233,5.667063,5.667063,0,0,41,0,0
5643_HOSTNAME.EXE,5.015392,5.556596,5.92389,0,0,50,0,0
5644_icacls.exe,6.132483,6.252549,6.473615,0,0,100,0,0
5645_icsunattend.exe,6.605421,5.844822,6.29735,0,0,43,0,0
5646_ieUnatt.exe,5.708848,5.683176,6.534963,0,0,102,0,0
5647_iexpress.exe,6.926685,6.390613,7.020041,0,0,158,0,0
5648_InfDefaultInstall.exe,6.353303,6.396911,6.396911,0,0,86,0,0
5649_InputSwitchToastHandler.exe,4.997618,6.294066,6.444168,0,0,123,0,0
3552_setfacl.exe,5.148452,6.001702,6.001702,0,9,38,0,0
3551_regtool.exe,5.335436,5.7658,5.897124,0,9,62,0,0
3550_ps.exe,5.106228,5.368465,5.88508,0,9,51,0,0
3549_pldd.exe,4.935814,5.149875,5.849545,0,9,31,0,0
3548_patch.exe,6.157042,6.206035,6.206035,0,0,124,0,0
3547_passwd.exe,5.264262,5.714046,5.889343,0,9,56,0,0
3546_mount.exe,5.339263,5.709986,5.952597,0,9,51,0,0
3545_mkpasswd.exe,5.250944,5.627868,5.942024,0,9,65,0,0
3544_mkgroup.exe,5.221456,5.774807,5.880573,0,9,63,0,0
3543_minidumper.exe,5.12987,5.349125,5.930858,0,9,35,0,0
3542_locale.exe,5.241614,5.827351,5.922425,0,9,59,0,0
3540_ldd.exe,5.21894,5.486002,5.935622,0,9,61,0,0
3539_kill.exe,5.125163,5.493411,5.927636,0,9,42,0,0
3538_getfacl.exe,5.050734,5.537033,5.757538,0,9,32,0,0
5628_forfiles.exe,6.19544,6.23525,6.513988,0,0,100,0,0
5629_fsquirt.exe,5.412195,6.313451,6.313451,0,0,220,0,0
5607_dxdiag.exe,6.104284,5.978265,6.776077,0,0,213,0,0
5610_edpnotify.exe,6.122773,6.148258,6.292869,0,2,124,0,0
5611_efsui.exe,5.435755,5.811635,6.065512,0,0,54,0,0
5612_EhStorAuthn.exe,6.387441,6.195094,6.658413,0,0,121,0,0
5613_esentutl.exe,6.468811,6.39522,6.797764,0,0,243,0,0
5614_eudcedit.exe,6.732917,6.267116,6.916963,0,0,558,0,0
5615_eventcreate.exe,6.095001,6.231165,6.283935,0,0,103,0,0
5616_eventvwr.exe,6.830778,6.031439,6.966018,0,0,55,0,0
5618_explorer.exe,6.571382,6.425826,6.785383,0,2,781,0,0
5619_extrac32.exe,6.231565,6.441106,6.441106,0,0,103,0,0
5620_fc.exe,5.837663,5.824981,5.824981,0,0,110,0,0
5621_find.exe,5.540233,5.629988,5.629988,0,0,83,0,0
5623_finger.exe,5.157954,5.742835,5.742835,0,0,63,0,0
5624_fixmapi.exe,5.608188,5.808785,5.808785,0,0,70,0,0
5625_fltMC.exe,5.683936,5.904902,6.369729,0,0,79,0,0
3553_setmetamode.exe,4.831817,4.749973,5.804592,0,9,22,0,0
5586_DevicePairingWizard.exe,5.820483,6.224457,6.224457,0,0,121,0,0
5587_dfrgui.exe,6.467369,6.414674,6.750572,0,0,233,0,0
5588_dialer.exe,5.973794,6.051869,6.676038,0,0,138,0,0
5589_diskpart.exe,6.412844,6.334067,6.710711,0,0,116,0,0
5590_diskperf.exe,5.749479,6.115281,6.115281,0,0,75,0,0
5591_diskusage.exe,6.219979,6.320544,6.320544,0,0,108,0,0
5592_Dism.exe,6.084251,5.977802,6.635941,0,0,203,0,0
5593_dllhost.exe,6.718497,6.415682,6.415682,0,0,86,0,0
5594_dllhst3g.exe,6.321116,6.414193,6.414193,0,0,86,0,0
5595_dns-sd.exe,6.486227,6.571253,6.571253,0,0,92,0,0
5596_doskey.exe,5.744224,5.816454,5.881846,0,0,88,0,0
5597_dpapimig.exe,6.019438,5.838129,5.989592,0,0,103,0,0
5599_dplaysvr.exe,4.888704,5.469009,5.469009,0,0,22,0,0
5600_dpnsvr.exe,4.888704,5.469009,5.469009,0,0,22,0,0
5601_driverquery.exe,6.215991,6.153966,6.616415,0,0,151,0,0
5603_dvdplay.exe,5.18549,5.528148,5.528148,0,0,41,0,0
3536_dumper.exe,6.739849,6.252164,7.090313,0,9,154,0,0
3535_cygwin-console-helper.exe,5.166579,5.945228,5.986145,0,9,56,0,0
3534_cygpath.exe,5.213207,5.743491,5.83317,0,9,84,0,0
3533_cygcheck.exe,5.697787,6.299631,6.430936,0,9,184,0,0
3529_lzotest.exe,6.23412,6.340446,6.340446,0,0,69,0,0
3527_pg_regress.exe,6.28723,6.202449,6.202449,0,0,144,0,0
3526_pg_isolation_regress.exe,6.262052,6.171606,6.171606,0,0,148,0,0
3525_isolationtester.exe,6.405366,6.266738,6.266738,0,0,104,0,0
3523_zstd.exe,6.512166,6.459789,6.459789,0,0,133,0,0
3522_xzdec.exe,6.437748,5.970045,5.970045,0,0,64,0,0
5579_cttune.exe,6.394664,6.337836,6.449532,0,0,189,0,0
5580_cttunesvr.exe,6.089256,6.10926,6.512833,0,0,97,0,0
5581_curl.exe,6.841842,6.644886,6.739634,0,0,235,0,0
5583_dccw.exe,6.42928,6.325659,6.589466,0,0,254,0,0
5584_dcomcnfg.exe,4.936787,5.360326,5.360326,0,0,36,0,0
5585_ddodiag.exe,5.332187,5.619742,6.590496,0,0,49,0,0
3298_t64.exe,6.086881,6.386572,6.386572,0,0,86,0,0
3297_t64-arm.exe,6.098202,6.428076,6.428076,0,0,86,0,0
3296_t32.exe,6.157298,6.459835,6.459835,0,0,85,0,0
4961_SensorRuntimeBroker.exe,5.230863,5.933879,5.933879,0,2,140,0,0
4963_sessionmsg.exe,5.434581,5.68048,5.68048,0,2,208,0,0
4970_ShellAppRuntime.exe,6.356364,6.401012,6.401012,0,3,611,0,0
3318_wininst-9.0-amd64.exe,6.553684,6.43771,6.550061,0,0,166,0,0
3317_wininst-8.0.exe,6.26299,6.434686,6.854886,0,0,167,0,0
3316_wininst-7.1.exe,5.708577,5.936308,6.823537,0,0,152,0,0
3315_wininst-6.0.exe,5.926796,6.452257,6.791394,0,0,146,0,0
3312_wininst-10.0.exe,6.711983,6.576595,6.750361,0,0,161,0,0
3311_wininst-10.0-amd64.exe,6.556449,6.466739,6.466739,0,0,161,0,0
3310_gui.exe,5.813215,6.308064,6.308064,0,0,61,0,0
3307_gui-32.exe,5.813215,6.308064,6.308064,0,0,61,0,0
3306_cli.exe,5.815098,6.31165,6.31165,0,0,61,0,0
3537_getconf.exe,4.888101,5.153861,5.833564,0,9,30,0,0
3282_ktab.exe,6.497793,5.789803,5.789803,0,0,54,0,0
3281_klist.exe,6.407145,5.789803,5.789803,0,0,54,0,0
3280_kinit.exe,6.406355,5.789803,5.789803,0,0,54,0,0
3279_keytool.exe,6.403193,5.789982,5.789982,0,0,54,0,0
3278_jwebserver.exe,6.407023,5.789245,5.789245,0,0,54,0,0
3277_jstatd.exe,6.39948,5.790444,5.790444,0,0,54,0,0
3276_jstat.exe,6.402988,5.792029,5.792029,0,0,54,0,0
3275_jstack.exe,6.419736,5.786322,5.786322,0,0,54,0,0
3274_jshell.exe,6.405375,5.788506,5.788506,0,0,54,0,0
4952_SearchIndexer.exe,6.259884,6.206159,6.206159,0,2,409,0,0
4953_SearchProtocolHost.exe,6.217502,6.225012,6.889398,0,2,317,0,0
3303_cli-32.exe,5.815098,6.31165,6.31165,0,0,61,0,0
3302_Pythonwin.exe,5.648028,5.935063,5.935063,0,0,162,0,0
3301_w64.exe,6.07162,6.397459,6.397459,0,0,94,0,0
3300_w64-arm.exe,6.091655,6.434787,6.434787,0,0,92,0,0
3299_w32.exe,6.132413,6.475502,6.475502,0,0,93,0,0
3271_jpackage.exe,6.400937,5.789982,5.789982,0,0,54,0,0
3270_jmod.exe,6.493994,5.790414,5.790414,0,0,54,0,0
3269_jmap.exe,6.420557,5.785978,5.785978,0,0,54,0,0
3268_jlink.exe,6.416887,5.786199,5.786199,0,0,54,0,0
3267_jinfo.exe,6.421406,5.785978,5.785978,0,0,54,0,0
3266_jimage.exe,6.400545,5.790853,5.790853,0,0,54,0,0
3265_jhsdb.exe,6.40695,5.789982,5.789982,0,0,54,0,0
3264_jfr.exe,6.49885,5.790553,5.790553,0,0,54,0,0
3263_jdeps.exe,6.401895,5.790005,5.790005,0,0,54,0,0
3262_jdeprscan.exe,6.40298,5.789543,5.789543,0,0,54,0,0
3261_jdb.exe,6.499177,5.79053,5.79053,0,0,54,0,0
3260_jconsole.exe,6.444333,5.842582,5.842582,0,0,56,0,0
3259_jcmd.exe,6.49443,5.792029,5.792029,0,0,54,0,0
3258_javaw.exe,6.557751,5.872452,6.216426,0,0,56,0,0
3284_serialver.exe,6.400218,5.788506,5.788506,0,0,54,0,0
3283_rmiregistry.exe,6.404902,5.78774,5.78774,0,0,54,0,0
3227_jdeps.exe,6.875666,5.790005,5.790005,0,0,54,0,0
3226_jdeprscan.exe,6.877138,5.789543,5.789543,0,0,54,0,0
3257_javap.exe,6.40085,5.790005,5.790005,0,0,54,0,0
3256_javadoc.exe,6.412773,5.78735,5.78735,0,0,54,0,0
3255_javac.exe,6.409523,5.787301,5.787301,0,0,54,0,0
3254_java.exe,6.554897,5.809791,6.216298,0,0,54,0,0
3253_jarsigner.exe,6.405141,5.789005,5.789005,0,0,54,0,0
3252_jar.exe,6.497309,5.792577,5.792577,0,0,54,0,0
3251_jaccesswalker.exe,6.096483,5.691796,5.691796,0,0,102,0,0
3250_jaccessinspector.exe,6.055134,5.721016,5.721016,0,0,122,0,0
3249_jabswitch.exe,6.031489,5.903116,5.903116,0,0,97,0,0
3244_serialver.exe,6.876243,5.788506,5.788506,0,0,54,0,0
3243_rmiregistry.exe,6.880984,5.78774,5.78774,0,0,54,0,0
3242_ktab.exe,6.942277,5.789803,5.789803,0,0,54,0,0
3273_jrunscript.exe,6.412194,5.788572,5.788572,0,0,54,0,0
3272_jps.exe,6.493844,5.792577,5.792577,0,0,54,0,0
700_NPFInstall.exe,6.304581,6.502799,6.502799,0,0,148,0,0
4895_rdpclip.exe,6.262221,6.33318,6.33318,0,2,336,0,0
3241_klist.exe,6.880531,5.789803,5.789803,0,0,54,0,0
3240_kinit.exe,6.878272,5.789803,5.789803,0,0,54,0,0
3239_keytool.exe,6.876006,5.789982,5.789982,0,0,54,0,0
3238_jwebserver.exe,6.880047,5.789245,5.789245,0,0,54,0,0
3237_jstatd.exe,6.876078,5.790444,5.790444,0,0,54,0,0
3236_jstat.exe,6.875626,5.792029,5.792029,0,0,54,0,0
3235_jstack.exe,6.88579,5.786322,5.786322,0,0,54,0,0
3234_jshell.exe,6.885685,5.788506,5.788506,0,0,54,0,0
3233_jrunscript.exe,6.883226,5.788572,5.788572,0,0,54,0,0
3232_jps.exe,6.944162,5.792577,5.792577,0,0,54,0,0
3231_jmap.exe,6.885705,5.785978,5.785978,0,0,54,0,0
3230_jinfo.exe,6.89183,5.785978,5.785978,0,0,54,0,0
3229_jhsdb.exe,6.879939,5.789982,5.789982,0,0,54,0,0
3228_jfr.exe,6.944152,5.790553,5.790553,0,0,54,0,0
675_expediteupdater.exe,5.894869,6.305757,6.305757,0,0,206,0,0
672_unpack200.exe,6.589443,6.379424,6.379424,0,0,73,0,0
4882_ProximityUxHost.exe,6.264533,6.244098,6.244098,0,2,275,0,0
693_mysqldump.exe,4.051685,5.644701,5.688123,0,0,184,0,0
692_mysql.exe,4.044208,5.643516,5.651306,0,0,190,0,0
689_MstyStudio.exe,6.78767,6.574449,6.932055,0,7,615,0,0
687_WSEnable.exe,6.341838,5.824561,5.824561,0,0,62,0,0
3225_jdb.exe,6.944127,5.79053,5.79053,0,0,54,0,0
3224_jconsole.exe,6.903458,5.842582,5.842582,0,0,56,0,0
3223_jcmd.exe,6.937639,5.792029,5.792029,0,0,54,0,0
3222_javaw.exe,6.844435,5.872452,6.21589,0,0,56,0,0
3221_javap.exe,6.877402,5.790005,5.790005,0,0,54,0,0
3220_javadoc.exe,6.883273,5.78735,5.78735,0,0,54,0,0
3219_javac.exe,6.886227,5.787301,5.787301,0,0,54,0,0
703_SETUP.EXE,6.73963,6.549192,6.886458,0,0,162,0,0
702_setup.exe,6.73963,6.549192,6.886458,0,0,162,0,0
643_klist.exe,6.466011,5.772865,5.772865,0,0,51,0,0
642_kinit.exe,6.469607,5.772865,5.772865,0,0,51,0,0
641_keytool.exe,6.463333,5.774289,5.774289,0,0,51,0,0
640_jstatd.exe,6.463393,5.775097,5.775097,0,0,51,0,0
639_jstat.exe,6.459983,5.775256,5.775256,0,0,51,0,0
638_jstack.exe,6.485055,5.771644,5.771644,0,0,51,0,0
637_jshell.exe,6.468933,5.776683,5.776683,0,0,51,0,0
636_jrunscript.exe,6.501903,5.768473,5.768473,0,0,51,0,0
635_jps.exe,6.465388,5.775256,5.775256,0,0,51,0,0
634_jpackage.exe,6.465212,5.77455,5.77455,0,0,51,0,0
633_jmod.exe,6.461627,5.775065,5.775065,0,0,51,0,0
659_jaotc.exe,6.568131,5.895994,5.895994,0,0,51,0,0
658_jaccesswalker.exe,6.128231,5.685734,5.685734,0,0,99,0,0
657_jaccessinspector.exe,6.054509,5.703233,5.703233,0,0,126,0,0
678_crashreporter.exe,6.36599,6.280015,6.280015,0,0,219,0,0
676_uhssvc.exe,5.879227,6.343715,6.343715,0,0,261,0,0
627_jfr.exe,6.463513,5.776228,5.776228,0,0,51,0,0
626_jdeps.exe,6.463078,5.776228,5.776228,0,0,51,0,0
625_jdeprscan.exe,6.463603,5.775681,5.775681,0,0,51,0,0
624_jdb.exe,6.465238,5.774289,5.774289,0,0,51,0,0
623_jconsole.exe,6.503986,5.834106,5.834106,0,0,53,0,0
622_jcmd.exe,6.461938,5.775256,5.775256,0,0,51,0,0
621_javaw.exe,6.431697,5.823855,6.02539,0,0,53,0,0
620_javap.exe,6.463981,5.776228,5.776228,0,0,51,0,0
619_javadoc.exe,6.474132,5.770875,5.770875,0,0,51,0,0
618_javac.exe,6.47508,5.769538,5.769538,0,0,51,0,0
617_java.exe,6.427089,5.781626,6.025276,0,0,51,0,0
5049_UCPDMgr.exe,6.169158,6.327022,6.327022,0,0,94,0,0
647_Joplin.exe,6.785736,6.575086,6.943987,0,8,611,0,0
646_serialver.exe,6.464741,5.776945,5.776945,0,0,51,0,0
645_rmiregistry.exe,6.492478,5.77455,5.77455,0,0,51,0,0
644_ktab.exe,6.468273,5.772865,5.772865,0,0,51,0,0
1987_SetACL_x86.exe,6.340717,6.597925,6.597925,0,0,274,0,0
5043_ttdinject.exe,6.016016,6.350013,6.350013,0,0,182,0,0
5044_tttracer.exe,5.285191,6.020688,6.020688,0,0,113,0,0
616_jarsigner.exe,6.466992,5.775814,5.775814,0,0,51,0,0
615_jar.exe,6.467221,5.775256,5.775256,0,0,51,0,0
614_jaccesswalker.exe,6.096365,5.685825,5.685825,0,0,102,0,0
613_jaccessinspector.exe,6.033053,5.689186,5.689186,0,0,127,0,0
612_jabswitch.exe,5.991974,5.80331,5.80331,0,0,97,0,0
2007_klcpuld.exe,6.823539,6.773631,6.773631,0,2,240,0,0
2006_integrity_checker.exe,6.678393,6.562055,7.086176,0,0,157,0,0
2004_AVPDTAgt.exe,3.015891,6.603058,6.603058,0,0,82,0,0
632_jmap.exe,6.483808,5.771541,5.771541,0,0,51,0,0
631_jlink.exe,6.475898,5.768352,5.768352,0,0,51,0,0
630_jinfo.exe,6.483318,5.771541,5.771541,0,0,51,0,0
629_jimage.exe,6.462383,5.773934,5.773934,0,0,51,0,0
628_jhsdb.exe,6.466769,5.774289,5.774289,0,0,51,0,0
1935_unins000.exe,6.341776,6.409028,6.409028,0,2,544,0,0
1930_VSTOInstaller.exe,6.393842,6.399824,6.399824,0,0,86,0,0
1929_OSE.EXE,6.716965,6.581607,6.581607,0,0,163,0,0
1927_VSLauncher.exe,6.124387,6.25051,6.556032,0,0,146,0,0
1925_pipanel.exe,4.682761,5.465802,5.465802,0,0,27,0,0
1923_armsvc.exe,6.504729,6.622156,6.622156,0,2,170,0,0
5024_Taskmgr.exe,6.078508,6.239568,6.24228,0,3,1104,0,0
1959_GoogleUpdate.exe,6.57317,6.487081,6.487081,0,5,557,0,0
1958_updater.exe,6.57317,6.487081,6.487081,0,5,557,0,0
1986_SetACL_x64.exe,6.063022,6.292717,6.292717,0,0,280,0,0
1984_CodecTweakTool.exe,6.631551,6.553475,6.606355,0,2,539,0,0
1981_unins000.exe,6.545045,6.553475,6.606355,0,2,539,0,0
1979_ielowutil.exe,5.697457,5.725796,5.725796,0,0,76,0,0
1977_ExtExport.exe,6.199697,6.270453,6.587785,0,0,97,0,0
1995_kvdb_upgrader.exe,6.856379,6.517111,6.517111,0,0,87,0,0
1988_avp.exe,3.093972,5.380416,5.380416,0,0,33,0,0
3410_lrelease.exe,6.373159,6.152811,6.152811,0,0,347,0,0
3409_lrelease-pro.exe,6.303856,6.078823,6.078823,0,0,140,0,0
3408_lprodump.exe,6.427452,6.219747,6.219747,0,0,379,0,0
3406_linguist.exe,6.389532,6.250805,6.250805,0,0,2547,0,0
3405_libdeflate-gzip.exe,6.428385,6.516619,6.516619,0,0,100,0,0
3404_libdeflate-gunzip.exe,6.428491,6.516619,6.516619,0,0,100,0,0
3403_lconvert.exe,6.384815,6.138607,6.138607,0,0,308,0,0
5003_SysResetErr.exe,4.874017,5.462813,5.462813,0,2,100,0,0
1918_unins000.exe,6.377571,6.413139,6.413139,0,2,516,0,0
1917_DriverSetup_64.exe,5.668901,6.288862,6.288862,0,0,91,0,0
1916_DriverSetup.exe,5.600609,6.557546,6.557546,0,0,88,0,0
1909_wslsettings.exe,6.426858,6.341786,6.341786,0,0,118,0,0
1908_RestartAgent.exe,6.301544,6.328186,6.328186,0,0,98,0,0
1907_createdump.exe,6.349307,6.384894,6.384894,0,0,85,0,0
1938_DpHost.exe,5.911908,6.446215,6.446215,0,0,233,0,0
1937_UnInsDrvZ.exe,5.789084,6.552821,6.552821,0,0,135,0,0
3374_h5diff.exe,6.273919,5.679697,5.679697,0,0,67,0,0
3372_h5debug.exe,6.476161,5.830909,5.830909,0,0,104,0,0
3371_h5copy.exe,6.527823,5.755564,5.755564,0,0,86,0,0
3370_h5clear.exe,6.565089,5.926681,5.926681,0,0,77,0,0
4988_spoolsv.exe,5.878491,6.245513,6.245513,0,2,365,0,0
4989_spoolsvworker.exe,5.870947,6.275261,6.275261,0,2,364,0,0
4996_sudo.exe,6.352953,6.170321,6.42493,0,0,185,0,0
3397_kfwcpcc.exe,5.347142,5.570856,5.570856,0,0,82,0,0
3393_jpgicc.exe,6.44248,6.445087,6.445087,0,0,108,0,0
3390_idc.exe,6.1196,6.368944,6.368944,0,0,156,0,0
3386_h5watch.exe,6.426965,5.928533,5.928533,0,0,96,0,0
3417_mamba-package.exe,6.320037,6.212915,6.212915,0,0,187,0,0
3414_lzmadec.exe,6.433421,5.961192,5.961192,0,0,64,0,0
3413_lz4.exe,6.521346,6.353098,6.353098,0,0,86,0,0
3412_lupdate.exe,6.221629,6.276864,6.276864,0,0,431,0,0
3411_lupdate-pro.exe,6.269596,5.930548,5.930548,0,0,136,0,0
5572_ComputerDefaults.exe,6.127407,6.223663,6.223663,0,0,55,0,0
5573_control.exe,6.783534,5.427224,6.923871,0,0,48,0,0
5574_convert.exe,5.760481,5.696808,6.37445,0,0,88,0,0
5576_credwiz.exe,5.751763,6.016763,6.552731,0,0,126,0,0
5577_cscript.exe,6.115942,6.307895,6.702785,0,0,198,0,0
5578_ctfmon.exe,6.340523,6.446187,6.446187,0,0,78,0,0
3385_h5unjam.exe,6.551888,5.812433,5.812433,0,0,80,0,0
3384_h5stat.exe,6.394522,5.834288,5.834288,0,0,104,0,0
3382_h5repack.exe,6.284182,5.963487,5.963487,0,0,225,0,0
3381_h5perf_serial.exe,6.421924,6.153515,6.153515,0,0,117,0,0
3380_h5mkgrp.exe,6.603859,5.799183,5.799183,0,0,73,0,0
3379_h5ls.exe,6.3241,5.909831,5.909831,0,0,216,0,0
3378_h5jam.exe,6.548534,5.939631,5.939631,0,0,73,0,0
3377_h5import.exe,6.326054,5.86597,5.86597,0,0,133,0,0
3376_h5format_convert.exe,6.559722,5.895859,5.895859,0,0,73,0,0
3375_h5dump.exe,6.255257,5.87482,5.87482,0,0,231,0,0
5556_chkdsk.exe,5.816697,5.668943,5.80863,0,0,104,0,0
5557_chkntfs.exe,5.813936,5.684549,6.458469,0,0,108,0,0
5558_choice.exe,6.10622,6.256974,6.256974,0,0,83,0,0
5561_cliconfg.exe,4.911249,5.42111,5.42111,0,0,46,0,0
5562_clip.exe,6.002699,6.200475,6.510542,0,0,83,0,0
5563_CloudNotifications.exe,6.583922,6.37123,6.37123,0,2,127,0,0
5566_cmdl32.exe,6.357995,6.471273,6.554607,0,0,148,0,0
5567_cmmon32.exe,5.738347,5.737998,6.641295,0,0,129,0,0
5568_cmstp.exe,6.078044,6.015247,6.628998,0,0,126,0,0
5570_comp.exe,5.840205,5.754255,6.425286,0,0,114,0,0
3367_grpc_ruby_plugin.exe,6.467311,5.852792,5.852792,0,0,65,0,0
3365_grpc_php_plugin.exe,6.482499,6.135224,6.135224,0,0,96,0,0
3364_grpc_objective_c_plugin.exe,6.507781,6.064153,6.064153,0,0,87,0,0
3363_grpc_node_plugin.exe,6.574262,6.038319,6.038319,0,0,70,0,0
3362_grpc_csharp_plugin.exe,6.579512,6.091657,6.091657,0,0,70,0,0
3361_grpc_cpp_plugin.exe,6.42833,6.151665,6.151665,0,0,137,0,0
3346_dumpdoc.exe,6.358762,6.139208,6.139208,0,0,404,0,0
3345_dumpcpp.exe,6.376827,6.147479,6.147479,0,0,455,0,0
3344_djpeg.exe,6.53484,6.111634,6.111634,0,0,67,0,0
3343_designer.exe,6.089433,6.208639,6.208639,0,0,1574,0,0
3341_curl.exe,5.851595,6.240842,6.240842,0,0,194,0,0
3339_cjpeg.exe,6.540157,6.12729,6.12729,0,0,71,0,0
3338_ccapiserver.exe,5.703942,5.528988,5.528988,0,0,162,0,0
5539_attrib.exe,5.758827,5.686758,6.518332,0,0,97,0,0
5540_auditpol.exe,5.853483,6.007027,6.295413,0,0,109,0,0
5541_autochk.exe,5.986139,6.495307,6.754997,0,0,178,0,0
5542_autofstx.exe,6.271252,6.405722,6.405722,0,0,101,0,0
5544_BackgroundTransferHost.exe,4.880037,5.735243,5.735243,0,0,47,0,0
5547_ByteCodeGenerator.exe,6.395914,6.344532,6.622286,0,0,162,0,0
5548_cacls.exe,6.099984,6.26696,6.26696,0,0,94,0,0
5549_calc.exe,3.961407,5.49507,5.49507,0,0,31,0,0
5551_CertEnrollCtrl.exe,6.298325,6.201701,6.693111,0,0,155,0,0
5523_ScreenClippingHost.exe,4.299739,5.636042,5.636042,0,0,28,0,0
5524_SnapLauncherProtocol.exe,6.121929,6.266772,6.266772,0,0,128,0,0
5525_OobeHostApp.exe,5.669963,6.048216,6.048216,0,0,75,0,0
5527_AppActions.exe,5.41277,6.269532,6.269532,0,0,54,0,0
5529_TextInputHost.exe,5.609689,6.014677,6.014677,0,0,84,0,0
5531_PrintDialog.exe,6.369076,6.22587,6.254488,0,2,480,0,0
5532_agentactivationruntimestarter.exe,4.98454,5.406649,5.406649,0,0,48,0,0
5533_appidtel.exe,5.479516,5.775658,5.775658,0,0,56,0,0
5534_AppVDllSurrogate.exe,6.16401,5.828429,6.193873,0,0,110,0,0
5535_appverif.exe,6.276618,6.239381,6.369199,0,0,151,0,0
5536_ARP.EXE,5.453753,6.245873,6.245873,0,0,67,0,0
5537_at.exe,5.79369,6.238921,6.238921,0,0,80,0,0
3351_fax2tiff.exe,6.458199,5.814823,5.814823,0,0,75,0,0
3350_fax2ps.exe,6.43474,5.995872,5.995872,0,0,73,0,0
3349_elastipubsub.exe,5.59346,5.917698,5.917698,0,0,103,0,0
3348_elasticurl.exe,5.397428,5.866282,5.866282,0,0,121,0,0
3323_venvlauncher.exe,6.420205,6.46375,6.46375,0,2,92,0,0
3322_pythonw.exe,6.446167,6.486347,6.486347,0,2,94,0,0
5507_RestartAgent.exe,5.990914,6.264481,6.264481,0,0,97,0,0
5509_AppActions.exe,5.41277,6.269532,6.269532,0,0,54,0,0
5510_CrossDeviceResume.exe,5.70619,5.98127,5.98127,0,0,89,0,0
5511_FESearchHost.exe,5.767592,6.098444,6.098444,0,0,102,0,0
5512_SearchHost.exe,5.644827,5.955507,5.955507,0,0,102,0,0
5513_TextInputHost.exe,5.609787,6.014677,6.014677,0,0,84,0,0
5515_WebExperienceHostApp.exe,5.82145,6.085363,6.085363,0,0,91,0,0
5516_WindowsBackupClient.exe,5.523511,5.99832,5.99832,0,0,65,0,0
5517_WindowsMigration.exe,5.647674,6.01844,6.01844,0,0,70,0,0
5518_DesktopStickerEditorWin32Exe.exe,5.996067,6.235908,6.235908,0,0,102,0,0
5519_SoftLandingTask.exe,6.527776,6.335384,6.335384,0,0,203,0,0
5520_aicontext.exe,6.243746,6.201969,6.201969,0,0,98,0,0
5521_ClickToDo.exe,5.851712,6.111558,6.111558,0,0,111,0,0
5522_LogonWebHostProduct.exe,5.81222,6.250145,6.250145,0,0,75,0,0
3006_xpsanalyzer.exe,6.249092,6.055075,6.576471,0,0,130,0,0
5502_CoPilotLibraryBroker.exe,6.186445,6.309366,6.309366,0,0,187,0,0
5503_DeploymentAgent.exe,6.159041,6.265205,6.265205,0,0,101,0,0
5504_RestartAgent.exe,5.970613,6.248236,6.248236,0,0,97,0,0
5505_CoPilotLibraryBroker.exe,6.160375,6.299835,6.299835,0,0,175,0,0
5506_DeploymentAgent.exe,6.15622,6.258201,6.258201,0,0,101,0,0
3337_canbusutil.exe,6.347446,5.948168,5.948168,0,0,179,0,0
3335_bzip2.exe,6.559472,6.062927,6.062927,0,0,75,0,0
3334_bsdtar.exe,5.791437,5.561342,5.871737,0,0,303,0,0
3333_bsdcpio.exe,5.78075,5.556656,5.913997,0,0,297,0,0
3332_bsdcat.exe,5.749663,5.482583,5.482583,0,0,134,0,0
3330_balsam.exe,6.369691,5.997035,5.997035,0,0,132,0,0
3328_assistant.exe,6.3992,6.194739,6.34175,0,0,1797,0,0
3326_adig.exe,5.678013,6.17104,6.17104,0,0,70,0,0
3325_acountry.exe,5.219765,5.899939,5.899939,0,0,66,0,0
3324_venvwlauncher.exe,6.446113,6.486347,6.486347,0,2,94,0,0
2976_pktextract.exe,6.219655,5.19061,6.258391,0,0,51,0,0
2974_oleview.exe,5.940379,5.811648,6.488662,0,0,528,0,0
5479_CoPilotLibraryBroker.exe,6.18661,6.309483,6.309483,0,0,187,0,0
3004_wstraceutil.exe,6.420422,6.312175,6.312175,0,0,93,0,0
3003_wstracedump.exe,6.565033,6.465193,6.465193,0,0,70,0,0
3002_wsddebug_host.exe,5.995358,5.66174,6.510613,0,0,75,0,0
3001_wsddebug_client.exe,6.007513,5.656303,6.567124,0,0,85,0,0
2999_winmdidl.exe,6.446096,6.299243,6.560884,0,0,123,0,0
2997_WiLogUtl.exe,5.712013,6.014206,6.648346,0,0,297,0,0
2996_vswriter.exe,6.05844,6.19393,6.657386,0,0,181,0,0
2995_vstorcontrol.exe,6.521719,6.308784,6.447378,0,0,139,0,0
2994_vsstrace.exe,6.14296,5.803858,6.609554,0,0,99,0,0
2992_vshadow.exe,6.202321,6.019814,6.649152,0,0,147,0,0
2990_uuidgen.exe,6.526625,6.177285,6.177285,0,0,37,0,0
3321_python.exe,6.420354,6.46375,6.46375,0,2,92,0,0
3319_wininst-9.0.exe,6.739988,6.608846,6.812026,0,0,164,0,0
2971_MsiTran.exe,6.543075,6.488097,6.488097,0,0,80,0,0
2970_MsiMsp.exe,6.542619,6.4656,6.4656,0,0,72,0,0
2969_Msimerg.exe,6.538015,6.445045,6.445045,0,0,73,0,0
2967_MsiFiler.exe,6.571947,6.507534,6.507534,0,0,95,0,0
2966_MsiDb.exe,4.975518,6.472729,6.472729,0,0,116,0,0
2965_MsiCert.exe,6.566153,6.524068,6.524068,0,0,84,0,0
2964_midlrt.exe,6.723077,6.619003,6.619003,0,0,162,0,0
2962_midl.exe,6.40299,6.208783,6.313356,0,0,97,0,0
2960_mdmerge.exe,6.541557,6.47799,6.6212,0,0,116,0,0
4154_send2trash.exe,6.348713,6.386572,6.386572,0,0,86,0,0
2989_uicc.exe,6.657938,6.548852,6.63646,0,0,93,0,0
2985_tracelog.exe,5.696173,5.299232,6.564203,0,0,99,0,0
2982_TB3x.exe,6.20625,5.935526,6.607419,0,0,346,0,0
2979_regwinmd.exe,6.511545,6.337538,6.526964,0,0,152,0,0
2978_rc.exe,6.506435,6.38564,6.38564,0,0,66,0,0
2977_pvk2pfx.exe,6.316784,6.054416,6.054416,0,0,73,0,0
1598_ntfsinfo.exe,6.370998,6.602174,6.602174,0,0,101,0,0
4142_rst2html.exe,6.348056,6.386572,6.386572,0,0,86,0,0
4143_rst2html4.exe,6.348154,6.386572,6.386572,0,0,86,0,0
4144_rst2html5.exe,6.347741,6.386572,6.386572,0,0,86,0,0
4145_rst2latex.exe,6.347867,6.386572,6.386572,0,0,86,0,0
4146_rst2man.exe,6.347223,6.386572,6.386572,0,0,86,0,0
4147_rst2odt.exe,6.347312,6.386572,6.386572,0,0,86,0,0
4148_rst2pseudoxml.exe,6.347834,6.386572,6.386572,0,0,86,0,0
4149_rst2s5.exe,6.347315,6.386572,6.386572,0,0,86,0,0
4150_rst2xetex.exe,6.348126,6.386572,6.386572,0,0,86,0,0
4151_rst2xml.exe,6.347408,6.386572,6.386572,0,0,86,0,0
2957_makepri.exe,6.515978,6.475488,6.728316,0,0,217,0,0
2955_makecat.exe,6.260271,6.230516,6.230516,0,0,57,0,0
2953_jsconstraintdebug.exe,6.57678,6.340658,6.340658,0,0,87,0,0
2973_muirct.exe,6.174021,5.998262,6.422978,0,0,125,0,0
2972_mt.exe,6.602668,6.566924,6.650962,0,0,167,0,0
3909_qmlmin.exe,5.814388,6.322386,6.322386,0,0,135,0,0
3910_qmlplugindump.exe,6.393974,6.106042,6.106042,0,0,407,0,0
3911_qmlpreview.exe,6.254082,6.051122,6.051122,0,0,292,0,0
3912_qmlprofiler.exe,6.28513,6.155109,6.155109,0,0,385,0,0
3913_qmlscene.exe,6.242208,5.996413,5.996413,0,0,309,0,0
3915_qmltyperegistrar.exe,6.306715,5.981774,5.981774,0,0,233,0,0
3916_qscxmlc.exe,6.292034,6.21928,6.21928,0,0,292,0,0
3917_qtattributionsscanner.exe,6.267019,5.963877,5.963877,0,0,202,0,0
3918_qtdiag.exe,6.292223,5.852732,5.852732,0,0,271,0,0
4133_pysemver.exe,6.347856,6.386572,6.386572,0,0,86,0,0
1605_procdump.exe,6.311937,6.583082,6.656387,0,0,180,0,0
1603_pipelist64.exe,6.438242,6.466283,6.466283,0,0,130,0,0
1602_pipelist.exe,6.629914,6.622191,6.664818,0,0,126,0,0
1601_pendmoves64.exe,6.443176,6.471005,6.471005,0,0,135,0,0
1600_pendmoves.exe,6.623282,6.616734,6.678356,0,0,131,0,0
1599_ntfsinfo64.exe,6.152808,6.473033,6.473033,0,0,104,0,0
3891_pixeltool.exe,6.307852,6.056242,6.056242,0,0,312,0,0
3893_qdbus.exe,6.401836,5.99776,5.99776,0,0,217,0,0
3894_qdbuscpp2xml.exe,6.079549,6.340901,6.340901,0,0,209,0,0
3895_qdbusviewer.exe,5.80906,6.055134,6.055134,0,0,793,0,0
3896_qdbusxml2cpp.exe,6.301832,5.882578,5.882578,0,0,175,0,0
3897_qdistancefieldgenerator.exe,6.111607,6.180268,6.180268,0,0,772,0,0
3898_qdoc.exe,6.305125,6.273362,6.273362,0,0,639,0,0
3899_qgltf.exe,6.403512,6.402476,6.402476,0,0,423,0,0
3900_qhelpgenerator.exe,6.365627,6.072,6.072,0,0,281,0,0
3901_qlalr.exe,6.449611,6.202337,6.202337,0,0,148,0,0
3903_qml.exe,5.63594,5.921006,5.921006,0,0,270,0,0
3904_qmlcachegen.exe,6.120281,6.247309,6.247309,0,0,319,0,0
3905_qmleasing.exe,6.191437,6.145065,6.145065,0,0,681,0,0
3906_qmlformat.exe,6.010045,6.263111,6.263111,0,0,192,0,0
3907_qmlimportscanner.exe,5.970981,6.226203,6.226203,0,0,291,0,0
3908_qmllint.exe,6.055824,6.261641,6.261641,0,0,234,0,0
1592_movefile.exe,6.626276,6.620348,6.667672,0,0,125,0,0
1591_logonsessions64.exe,6.441839,6.45969,6.45969,0,0,155,0,0
1590_logonsessions.exe,6.602628,6.606595,6.653889,0,0,153,0,0
1585_livekd64.exe,6.38863,6.456614,6.456614,0,0,200,0,0
1584_livekd.exe,6.540932,6.597123,6.682226,0,0,172,0,0
1583_Listdlls64.exe,6.227159,6.480369,6.480369,0,0,128,0,0
1582_Listdlls.exe,6.41666,6.625083,6.625083,0,0,132,0,0
3208_pet.exe,6.251112,6.231044,6.404786,0,0,130,0,0
3209_pylance-indexer.exe,6.710185,6.772835,6.772835,0,0,101,0,0
3210_pylance-indexer.exe,6.458686,6.287371,6.287371,0,0,104,0,0
3213_jabswitch.exe,6.45134,5.903116,5.903116,0,0,97,0,0
3214_jaccessinspector.exe,6.281823,5.721016,5.721016,0,0,122,0,0
3215_jaccesswalker.exe,6.394879,5.691796,5.691796,0,0,102,0,0
3216_jar.exe,6.941563,5.792577,5.792577,0,0,54,0,0
3217_jarsigner.exe,6.876962,5.789005,5.789005,0,0,54,0,0
3218_java.exe,6.839944,5.809791,6.215688,0,0,54,0,0
1566_Diskmon.exe,6.606407,6.614338,6.706027,0,0,255,0,0
3192_jrunscript.exe,6.478296,5.768473,5.768473,0,0,51,0,0
3193_jshell.exe,6.470848,5.776945,5.776945,0,0,51,0,0
3194_jstack.exe,6.490455,5.770377,5.770377,0,0,51,0,0
3195_jstat.exe,6.468042,5.774305,5.774305,0,0,51,0,0
3196_jstatd.exe,6.462148,5.775358,5.775358,0,0,51,0,0
3197_jwebserver.exe,6.46665,5.771436,5.771436,0,0,51,0,0
3198_keytool.exe,6.468208,5.77455,5.77455,0,0,51,0,0
3199_kinit.exe,6.473588,5.773446,5.773446,0,0,51,0,0
3200_klist.exe,6.471007,5.773446,5.773446,0,0,51,0,0
3201_ktab.exe,6.471249,5.773446,5.773446,0,0,51,0,0
3202_rmiregistry.exe,6.475185,5.775614,5.775614,0,0,51,0,0
3203_serialver.exe,6.466169,5.776945,5.776945,0,0,51,0,0
1597_notmyfaultc64.exe,5.915467,5.728758,5.974963,0,2,167,0,0
1594_notmyfault.exe,6.752552,6.648838,6.871599,0,0,167,0,0
1593_movefile64.exe,6.441908,6.469122,6.469122,0,0,129,0,0
1550_Clockres64.exe,6.439641,6.468034,6.468034,0,0,128,0,0
5163_DismHost.exe,5.666168,6.141577,6.141577,0,2,169,0,0
5176_igfxCUIServiceN.exe,6.440517,6.450322,6.450322,0,2,211,0,0
5177_igfxEMN.exe,6.551046,6.415703,6.415703,0,2,307,0,0
5178_igfxextN.exe,6.441548,6.400273,6.400273,0,2,136,0,0
1581_ldmdump.exe,5.958723,6.433413,6.433413,0,0,71,0,0
1580_junction64.exe,6.422468,6.464681,6.464681,0,0,131,0,0
1579_junction.exe,6.597327,6.611678,6.611678,0,0,127,0,0
1578_hex2dec64.exe,6.474974,6.489516,6.489516,0,0,128,0,0
1577_hex2dec.exe,6.626086,6.606823,6.697644,0,0,124,0,0
1575_handle.exe,6.443759,6.628987,6.628987,0,0,139,0,0
1574_FindLinks64.exe,6.220564,6.444656,6.444656,0,0,108,0,0
1573_FindLinks.exe,6.459448,6.621552,6.621552,0,0,106,0,0
1572_efsdump.exe,6.587222,6.598491,6.655691,0,0,117,0,0
1571_du64.exe,6.414206,6.458489,6.458489,0,0,140,0,0
1570_du.exe,6.601083,6.610689,6.691998,0,0,137,0,0
1543_autorunsc.exe,6.241193,6.461491,6.683382,0,0,241,0,0
1541_Autoruns.exe,5.884449,6.490106,6.626819,0,0,483,0,0
1540_Autologon64.exe,6.420588,6.462378,6.462378,0,0,157,0,0
1539_Autologon.exe,6.611579,6.620734,6.620734,0,0,153,0,0
1538_adrestore64.exe,6.456949,6.468295,6.468295,0,0,134,0,0
1537_adrestore.exe,6.636909,6.611489,6.611489,0,0,130,0,0
5145_wuapihost.exe,6.379832,6.33682,6.33682,0,0,76,0,0
5150_WWAHost.exe,6.268354,6.197685,6.197685,0,2,220,0,0
1565_diskext64.exe,6.438465,6.467535,6.467535,0,0,134,0,0
1564_diskext.exe,6.624723,6.618439,6.675664,0,0,130,0,0
1562_disk2vhd.exe,2.078289,6.568671,6.593527,0,0,235,0,0
1560_Desktops.exe,6.379575,6.636084,6.636084,0,0,175,0,0
1557_ctrl2cap.exe,5.89983,6.505108,6.505108,0,0,72,0,0
1556_CPUSTRES64.EXE,6.174867,6.382377,6.382377,0,0,608,0,0
1555_CPUSTRES.EXE,6.503847,6.490398,6.562806,0,0,599,0,0
1553_Coreinfo.exe,3.734201,6.626885,6.626885,0,0,128,0,0
1507_Pythonwin.exe,4.985602,5.935591,5.935591,0,0,162,0,0
2604_devinit.exe,6.743908,6.288382,6.288382,0,0,128,0,0
5131_WpcMon.exe,6.220963,6.165882,6.464236,0,3,391,0,0
1533_ADExplorer.exe,6.138764,6.454854,6.709378,0,0,328,0,0
1530_accesschk.exe,5.763699,6.612808,6.668057,0,0,194,0,0
1529_wenativehost.exe,6.342275,6.309004,6.309004,0,0,763,0,0
1528_unins000.exe,6.539363,6.460593,6.727825,0,2,583,0,0
1527_importwizard.exe,6.399473,6.268281,6.268281,0,0,780,0,0
1526_helperservice.exe,6.095613,6.242834,6.242834,0,0,277,0,0
1524_fdm5rhwin.exe,6.703909,6.456045,6.785991,0,0,134,0,0
1523_fdm.exe,6.662524,6.337969,6.785868,0,0,2499,0,0
1522_crashreporter.exe,6.780477,5.95007,6.78609,0,0,465,0,0
1520_Seagull_Driver_Status.exe,6.557149,5.984416,5.984416,0,0,64,0,0
1549_Clockres.exe,6.622629,6.617645,6.66576,0,0,124,0,0
1547_Cacheset.exe,6.605829,6.607945,6.628114,0,0,139,0,0
1545_Bginfo.exe,6.563177,6.516345,6.590177,0,0,699,0,0
2577_VsDebugLaunchNotify.exe,6.478045,6.29845,6.29845,0,0,83,0,0
2575_VsDebugWERHelper.exe,6.235818,6.108701,6.108701,0,0,97,0,0
2574_VsDebugLaunchNotify.exe,6.220214,6.112694,6.112694,0,0,84,0,0
2573_msvsmon.exe,6.084964,6.402286,6.402286,0,2,383,0,0
5114_wininit.exe,6.266104,6.352284,6.352284,0,2,466,0,0
5116_winlogon.exe,6.158631,6.292774,6.292774,0,2,481,0,0
5126_WlanHelper.exe,6.407994,6.501449,6.501449,0,0,94,0,0
2603_spyxx_amd64.exe,5.608657,6.103764,6.103764,0,0,777,0,0
2602_spyxx.exe,5.892904,5.79776,6.538676,0,0,765,0,0
2601_makehm.exe,6.477338,5.685613,5.715809,0,0,116,0,0
2600_guidgen.exe,6.287771,5.582248,6.002031,0,0,243,0,0
2599_errlook.exe,6.269325,5.623956,6.315152,0,0,322,0,0
1512_psftp.exe,6.538339,6.473307,6.473307,0,3,157,0,0
1511_pscp.exe,6.535341,6.473977,6.473977,0,3,152,0,0
1510_plink.exe,6.528605,6.470944,6.470944,0,3,152,0,0
1509_pageant.exe,6.470822,6.473642,6.473642,0,3,201,0,0
2799_cppwinrt.exe,6.600532,6.590272,6.590272,0,0,133,0,0
2798_convert-moftoprovider.exe,6.377459,6.439047,6.439047,0,0,81,0,0
2794_cameraprofiletool.exe,5.832547,6.276258,6.276258,0,0,109,0,0
2793_betest.exe,6.135817,6.363588,6.363588,0,0,173,0,0
2792_accevent.exe,5.473899,6.275106,6.275106,0,0,173,0,0
5097_WerFault.exe,6.418705,6.304113,6.967447,0,3,444,0,0
2518_TestWindowRemoteAgent.exe,5.916309,6.288735,6.288735,0,0,128,0,0
2516_OpenConsole.exe,6.512917,6.501727,6.720475,0,0,408,0,0
2515_OpenConsole.exe,6.434652,6.366934,6.366934,0,0,411,0,0
2510_wc.exe,5.80351,5.898592,5.898592,0,2,92,0,0
2509_uniq.exe,5.864491,5.930212,5.930212,0,2,77,0,0
2538_VsDebugConsole.exe,6.268389,6.641476,6.641476,0,0,103,0,0
2569_CheckHyperVHost.exe,6.453295,6.591744,6.591744,0,0,63,0,0
2582_VsDebugLaunchNotify.exe,6.478045,6.29845,6.29845,0,0,83,0,0
2579_isense_model_extractor.exe,6.562508,6.350712,6.350712,0,0,291,0,0
2578_VsDebugWERHelper.exe,6.5375,6.421228,6.421228,0,0,94,0,0
2783_MsiTran.exe,5.751795,6.674193,6.674193,0,0,81,0,0
2782_MsiMsp.exe,5.724704,6.554284,6.554284,0,0,73,0,0
2781_Msimerg.exe,5.542453,6.379944,6.379944,0,0,74,0,0
2779_MsiFiler.exe,5.828739,6.673205,6.673205,0,0,96,0,0
2778_MsiDb.exe,4.667793,6.737424,6.737424,0,0,117,0,0
2777_MsiCert.exe,5.922739,6.813937,6.813937,0,0,85,0,0
5080_vmms.exe,6.200661,6.293598,6.441218,0,2,969,0,0
5088_VSSVC.exe,5.958593,6.081667,6.081667,0,2,262,0,0
5089_vulkaninfo-1-999-0-0-0.exe,5.900655,5.708065,5.792768,0,5,113,0,0
5090_vulkaninfo.exe,5.900655,5.708065,5.792768,0,5,113,0,0
2806_filetypeverifier.exe,4.791306,6.310875,6.310875,0,0,202,0,0
2804_espexe.exe,6.065255,6.147255,6.147255,0,0,107,0,0
2803_dxcapsviewer.exe,6.043772,6.26683,6.26683,0,0,145,0,0
2802_dxc.exe,6.156292,6.383132,6.383132,0,0,89,0,0
2801_DeployUtil.exe,6.260011,5.825566,5.825566,0,0,64,0,0
2800_ctrpp.exe,5.81592,6.373732,6.373732,0,0,127,0,0
2769_filetypeverifier.exe,4.67662,5.721144,5.721144,0,0,206,0,0
2768_dxcapsviewer.exe,6.171081,6.871384,6.871384,0,0,146,0,0
2767_DeployUtil.exe,4.967766,5.754257,5.754257,0,0,65,0,0
2766_cppwinrt.exe,6.600444,6.590272,6.590272,0,0,133,0,0
2764_accevent.exe,5.444742,5.836087,5.836087,0,0,174,0,0
5867_setup.exe,6.150115,6.254166,6.254166,0,0,81,0,0
5868_NpcapHelper.exe,6.617048,6.621928,6.621928,0,0,83,0,0
5869_WlanHelper.exe,6.598473,6.654656,6.654656,0,0,87,0,0
5870_SpeechModelDownload.exe,6.062073,5.993066,6.755581,0,0,182,0,0
5871_mofcomp.exe,5.860112,6.014618,6.339118,0,0,84,0,0
5876_powershell.exe,5.508844,5.859781,6.185391,0,0,131,0,0
5878_MoNotificationUx.exe,6.248888,6.157172,6.157172,0,0,231,0,0
2788_wstraceutil.exe,6.003869,6.446537,6.446537,0,0,93,0,0
2787_WiLogUtl.exe,5.565993,6.102887,6.102887,0,0,296,0,0
2786_tracelog.exe,5.221119,5.414785,5.414785,0,0,98,0,0
2784_signtool.exe,6.168885,6.563873,6.563873,0,0,249,0,0
1799_strings.exe,6.597165,6.607967,6.614937,0,0,127,0,0
1798_streams64.exe,6.431203,6.466228,6.466228,0,0,131,0,0
1797_streams.exe,6.616439,6.618857,6.701921,0,0,127,0,0
1795_sigcheck.exe,6.423283,6.607547,6.610664,0,0,203,0,0
1794_ShellRunas.exe,6.325084,6.621974,6.621974,0,0,141,0,0
5851_comrepl.exe,5.423419,5.940073,5.940073,0,0,60,0,0
5852_MigRegDB.exe,5.235679,5.755247,5.755247,0,0,41,0,0
5855_IEChooser.exe,6.219346,6.049551,6.581335,0,0,295,0,0
5860_IMTCLNWZ.EXE,6.163647,6.354609,6.593875,0,0,182,0,0
5862_IMCCPHR.exe,5.854272,6.366099,6.659053,0,0,256,0,0
2721_vswhere.exe,6.601477,6.663437,6.663437,0,0,108,0,0
2739_nping.exe,6.698399,6.42737,6.756713,0,0,226,0,0
2738_nmap.exe,5.542825,6.563438,6.753479,0,0,461,0,0
2737_ncat.exe,6.767423,6.542755,6.943445,0,0,331,0,0
2730_CheckHyperVHost.exe,6.5131,6.625904,6.625904,0,0,64,0,0
2773_ifilttst.exe,5.156686,5.523247,5.523247,0,0,110,0,0
1780_pssuspend.exe,6.54973,6.65049,6.65049,0,0,133,0,0
1778_psshutdown.exe,6.73209,6.652796,6.795705,0,0,152,0,0
5836_WinRTNetMUAHostServer.exe,5.498773,5.908487,5.908487,0,0,68,0,0
5837_winver.exe,5.130525,5.62247,5.62247,0,0,34,0,0
5839_WlanHelper.exe,6.598473,6.654656,6.654656,0,0,87,0,0
5841_WPDShextAutoplay.exe,5.956722,6.028738,6.028738,0,0,105,0,0
5843_wscript.exe,6.056284,6.301227,6.582526,0,0,213,0,0
5844_WSManHTTPConfig.exe,5.563699,5.578174,5.706835,0,0,81,0,0
5848_xcopy.exe,6.167906,5.918553,6.31664,0,0,172,0,0
5850_xwizard.exe,6.143176,6.063985,6.436775,0,0,103,0,0
2711_Tracker.exe,6.349549,6.442121,6.442121,0,0,110,0,0
1805_tcpvcon.exe,6.525074,6.628597,6.628597,0,0,134,0,0
1804_Sysmon64.exe,5.839508,6.45127,6.45127,0,0,357,0,0
1803_Sysmon.exe,5.865974,6.641686,6.729322,0,0,347,0,0
1802_sync64.exe,6.440171,6.46814,6.46814,0,0,137,0,0
1801_sync.exe,6.608076,6.600356,6.600356,0,0,133,0,0
5819_vulkaninfo-1-999-0-0-0.exe,5.968331,5.793626,6.24408,0,2,108,0,0
5820_vulkaninfo.exe,5.968331,5.793626,6.24408,0,2,108,0,0
5822_waitfor.exe,6.02064,6.138642,6.138642,0,0,95,0,0
5824_WerFault.exe,6.727344,6.451359,6.967377,0,2,440,0,0
5829_where.exe,6.112197,6.263856,6.263856,0,0,97,0,0
5830_whoami.exe,6.25863,6.259627,6.617242,0,0,124,0,0
5831_wiaacmgr.exe,5.995994,6.151131,6.403538,0,0,166,0,0
5832_Windows.Media.BackgroundPlayback.exe,5.363067,5.969825,5.969825,0,0,54,0,0
1792_ShareEnum.exe,6.539975,6.59969,6.693869,0,0,248,0,0
1790_sdelete.exe,6.457994,6.623648,6.623648,0,0,119,0,0
1789_ru64.exe,6.430643,6.469426,6.469426,0,0,138,0,0
1788_ru.exe,6.601904,6.60748,6.639192,0,0,134,0,0
1787_regjump.exe,6.592154,6.589848,6.718006,0,0,136,0,0
1786_RegDelNull64.exe,6.427362,6.465442,6.465442,0,0,136,0,0
1785_RegDelNull.exe,6.604229,6.615,6.65641,0,0,132,0,0
1782_RAMMap.exe,6.444563,6.612016,6.635587,0,0,268,0,0
5803_ttdinject.exe,6.239953,6.496529,6.496529,0,0,179,0,0
5804_tttracer.exe,5.513133,6.162384,6.162384,0,0,109,0,0
5805_typeperf.exe,6.199292,6.281356,6.727338,0,0,139,0,0
5806_tzutil.exe,5.996451,6.232971,6.471358,0,0,91,0,0
5807_unlodctr.exe,5.998596,6.084939,6.120848,0,0,80,0,0
5808_unregmp2.exe,5.459286,5.264735,6.599934,0,0,161,0,0
5816_verifiergui.exe,6.203692,6.003719,6.61879,0,0,367,0,0
1776_PsService.exe,6.46823,6.6324,6.6324,0,0,123,0,0
1774_psping.exe,6.435095,6.598684,6.618016,0,0,146,0,0
1772_pspasswd.exe,6.538911,6.648899,6.648899,0,0,103,0,0
1770_psloglist.exe,6.621599,6.646852,6.646852,0,0,134,0,0
1769_PsLoggedon64.exe,6.134644,6.476138,6.476138,0,0,99,0,0
1768_PsLoggedon.exe,6.362593,6.595447,6.595447,0,0,96,0,0
1766_pslist.exe,6.500598,6.638318,6.638318,0,0,118,0,0
1764_pskill.exe,6.550746,6.652494,6.661146,0,0,133,0,0
1762_PsInfo.exe,6.512355,6.64339,6.64339,0,0,150,0,0
1752_procexp.exe,6.045531,6.494837,6.750546,0,0,673,0,0
1750_procdump.exe,6.311937,6.583082,6.656387,0,0,180,0,0
1748_pipelist64.exe,6.438242,6.466283,6.466283,0,0,130,0,0
1747_pipelist.exe,6.629914,6.622191,6.664818,0,0,126,0,0
1746_pendmoves64.exe,6.443176,6.471005,6.471005,0,0,135,0,0
5788_TapiUnattend.exe,5.411261,5.866927,5.866927,0,0,52,0,0
5789_tar.exe,6.601685,6.309065,6.560526,0,0,200,0,0
5790_taskkill.exe,6.253789,6.176622,6.40669,0,0,174,0,0
5791_tasklist.exe,6.263331,6.15382,6.705423,0,0,181,0,0
5792_Taskmgr.exe,6.463669,6.138102,6.482657,0,2,1101,0,0
5793_tcmsetup.exe,5.523498,5.865852,5.865852,0,0,64,0,0
5794_TCPSVCS.EXE,5.136281,5.585686,5.655974,0,0,43,0,0
5796_timeout.exe,6.021129,6.198746,6.544454,0,0,81,0,0
5798_TpmInit.exe,5.608938,6.115592,6.569128,0,0,98,0,0
5799_TpmTool.exe,6.317483,6.188119,6.667919,0,0,296,0,0
5801_TRACERT.EXE,5.493151,6.063932,6.063932,0,0,63,0,0
1715_du.exe,6.601083,6.610689,6.691998,0,0,137,0,0
5473_WmiPrvSE.exe,6.239331,6.228102,6.758444,0,2,199,0,0
5786_systray.exe,4.893456,5.336483,5.336483,0,0,32,0,0
1745_pendmoves.exe,6.623282,6.616734,6.678356,0,0,131,0,0
1744_ntfsinfo64.exe,6.152808,6.473033,6.473033,0,0,104,0,0
1743_ntfsinfo.exe,6.370998,6.602174,6.602174,0,0,101,0,0
1742_notmyfaultc64.exe,5.915467,5.728758,5.974963,0,2,167,0,0
1739_notmyfault.exe,6.752552,6.648838,6.871599,0,0,167,0,0
1738_movefile64.exe,6.441908,6.469122,6.469122,0,0,129,0,0
1737_movefile.exe,6.626276,6.620348,6.667672,0,0,125,0,0
1736_logonsessions64.exe,6.441839,6.45969,6.45969,0,0,155,0,0
1735_logonsessions.exe,6.602628,6.606595,6.653889,0,0,153,0,0
1730_livekd64.exe,6.38863,6.456614,6.456614,0,0,200,0,0
1760_PsGetsid.exe,6.579195,6.650704,6.650704,0,0,145,0,0
1758_psfile.exe,6.56345,6.668463,6.668463,0,0,98,0,0
1754_Procmon.exe,5.445873,6.491615,6.703361,0,0,537,0,0
2505_touch.exe,6.232431,6.167819,6.167819,0,2,99,0,0
2504_test.exe,6.220419,6.226286,6.226286,0,2,78,0,0
2503_tail.exe,5.921965,5.860822,5.860822,0,2,96,0,0
1729_livekd.exe,6.540932,6.597123,6.682226,0,0,172,0,0
1728_Listdlls64.exe,6.227159,6.480369,6.480369,0,0,128,0,0
1727_Listdlls.exe,6.41666,6.625083,6.625083,0,0,132,0,0
1726_ldmdump.exe,5.958723,6.433413,6.433413,0,0,71,0,0
1725_junction64.exe,6.422468,6.464681,6.464681,0,0,131,0,0
1724_junction.exe,6.597327,6.611678,6.611678,0,0,127,0,0
1723_hex2dec64.exe,6.474974,6.489516,6.489516,0,0,128,0,0
1722_hex2dec.exe,6.626086,6.606823,6.697644,0,0,124,0,0
1720_handle.exe,6.443759,6.628987,6.628987,0,0,139,0,0
1719_FindLinks64.exe,6.220564,6.444656,6.444656,0,0,108,0,0
1718_FindLinks.exe,6.459448,6.621552,6.621552,0,0,106,0,0
1717_efsdump.exe,6.587222,6.598491,6.655691,0,0,117,0,0
1716_du64.exe,6.414206,6.458489,6.458489,0,0,140,0,0
2492_readlink.exe,5.938903,6.058527,6.058527,0,2,76,0,0
2491_pwd.exe,5.73636,5.967328,5.967328,0,2,75,0,0
2489_printf.exe,6.216024,6.20417,6.20417,0,2,76,0,0
2488_pathchk.exe,5.746435,5.910747,5.910747,0,2,64,0,0
2487_mv.exe,6.125637,6.042746,6.042746,0,2,177,0,0
2486_mktemp.exe,5.812466,5.951457,5.951457,0,2,92,0,0
2485_mkdir.exe,6.133361,6.185768,6.185768,0,2,100,0,0
5443_UserOOBEBroker.exe,5.360291,5.91329,5.91329,0,2,124,0,0
5444_windeploy.exe,5.564567,6.144267,6.144267,0,2,202,0,0
1711_Diskmon.exe,6.606407,6.614338,6.706027,0,0,255,0,0
1710_diskext64.exe,6.438465,6.467535,6.467535,0,0,134,0,0
1709_diskext.exe,6.624723,6.618439,6.675664,0,0,130,0,0
1707_disk2vhd.exe,2.078289,6.568671,6.593527,0,0,235,0,0
2508_uname.exe,5.739481,5.916264,5.916264,0,2,63,0,0
2507_true.exe,5.682416,5.894977,5.894977,0,2,58,0,0
2506_tr.exe,5.967307,6.007252,6.007252,0,2,71,0,0
2470_diff3.exe,5.973797,5.970928,5.970928,0,2,94,0,0
2469_diff.exe,6.313297,6.182196,6.182196,0,2,147,0,0
2468_date.exe,6.280423,6.171866,6.171866,0,2,95,0,0
5428_elevated_tracing_service.exe,6.568896,6.545988,6.545988,0,4,406,0,0
5429_mscopilot.exe,6.559082,6.54434,6.54434,0,5,259,0,0
5430_msedgewebview2.exe,6.538896,6.544332,6.544332,0,5,259,0,0
5431_notification_helper.exe,6.534692,6.524972,6.524972,0,4,209,0,0
5432_uc_connector.exe,6.545214,6.514475,6.514475,0,3,262,0,0
5435_NpcapHelper.exe,6.368092,6.518135,6.518135,0,0,91,0,0
5436_WlanHelper.exe,6.407994,6.501449,6.501449,0,0,94,0,0
2499_sort.exe,6.254099,6.237955,6.237955,0,2,146,0,0
2497_sed.exe,6.283538,6.219117,6.219117,0,2,142,0,0
2496_sdiff.exe,5.922132,5.940135,5.940135,0,2,108,0,0
2495_rmdir.exe,6.16604,6.229209,6.229209,0,2,76,0,0
2494_rm.exe,6.042128,6.108152,6.108152,0,2,97,0,0
2493_rebase.exe,6.253256,6.276129,6.669016,0,2,135,0,0
2463_comm.exe,5.785331,5.885005,5.885005,0,2,76,0,0
2462_cmp.exe,5.880997,5.917983,5.917983,0,2,90,0,0
2460_cat.exe,5.748264,5.863668,5.863668,0,2,75,0,0
2459_basenc.exe,6.00705,6.095058,6.095058,0,2,72,0,0
2458_basename.exe,5.737846,5.900791,5.900791,0,2,63,0,0
2457_b2sum.exe,6.059894,5.928725,5.928725,0,2,84,0,0
2456_awk.exe,6.389925,6.219773,6.219773,0,2,300,0,0
2483_ls.exe,6.368335,6.296284,6.296284,0,2,149,0,0
2482_head.exe,5.859354,5.9123,5.9123,0,2,79,0,0
2481_grep.exe,6.290127,6.189193,6.189193,0,2,143,0,0
2479_getopt.exe,5.14377,5.67013,5.67013,0,2,55,0,0
2475_false.exe,5.682116,5.894607,5.894607,0,2,58,0,0
2474_expr.exe,6.218959,6.139136,6.139136,0,2,90,0,0
2473_env.exe,5.845875,5.95724,5.95724,0,2,77,0,0
2472_echo.exe,5.763913,5.876832,5.876832,0,2,60,0,0
2471_dirname.exe,5.736317,5.926485,5.926485,0,2,62,0,0
1695_Clockres64.exe,6.439641,6.468034,6.468034,0,0,128,0,0
1694_Clockres.exe,6.622629,6.617645,6.66576,0,0,124,0,0
1692_Cacheset.exe,6.605829,6.607945,6.628114,0,0,139,0,0
1690_Bginfo.exe,6.563177,6.516345,6.590177,0,0,699,0,0
1688_autorunsc.exe,6.241193,6.461491,6.683382,0,0,241,0,0
1686_Autoruns.exe,5.884449,6.490106,6.626819,0,0,483,0,0
5392_NvCameraEnable.exe,6.693667,6.633186,6.633186,0,0,94,0,0
5393_NvImageConvert32.exe,6.477612,6.716481,6.716481,0,0,112,0,0
5395_ReShadeFXC32.exe,6.464527,6.373774,6.530874,0,0,86,0,0
5397_SphericalEquirect32.exe,6.473767,6.722392,6.722392,0,0,111,0,0
1705_Desktops.exe,6.379575,6.636084,6.636084,0,0,175,0,0
1702_ctrl2cap.exe,5.89983,6.505108,6.505108,0,0,72,0,0
2428_vsDiffMerge.exe,6.591123,6.636098,6.636098,0,0,94,0,0
2467_dash.exe,6.307541,6.23129,6.505054,0,2,116,0,0
2465_cut.exe,5.858903,5.979818,5.979818,0,2,81,0,0
2464_cp.exe,6.110386,6.011544,6.011544,0,2,174,0,0
3185_jimage.exe,6.464708,5.772982,5.772982,0,0,51,0,0
3186_jinfo.exe,6.489064,5.769954,5.769954,0,0,51,0,0
3187_jlink.exe,6.476798,5.768546,5.768546,0,0,51,0,0
3188_jmap.exe,6.488491,5.769954,5.769954,0,0,51,0,0
3189_jmod.exe,6.465249,5.774105,5.774105,0,0,51,0,0
3190_jpackage.exe,6.466658,5.77455,5.77455,0,0,51,0,0
3191_jps.exe,6.464624,5.774044,5.774044,0,0,51,0,0
5379_nvsetup.exe,6.729699,6.5729,6.5729,0,0,74,0,0
5382_OscTool.exe,6.431896,6.352498,6.352498,0,2,287,0,0
5383_setup.exe,6.73818,6.549138,6.886455,0,0,162,0,0
5384_vulkaninfo-x64.exe,5.931295,5.739176,5.784973,0,2,111,0,0
5388_FreqTransfer32.exe,6.480029,6.72407,6.72407,0,0,107,0,0
5390_HighresBlender32.exe,6.489068,6.714937,6.714937,0,0,117,0,0
1701_CPUSTRES64.EXE,6.174867,6.382377,6.382377,0,0,608,0,0
1700_CPUSTRES.EXE,6.503847,6.490398,6.562806,0,0,599,0,0
1698_Coreinfo.exe,3.734201,6.626885,6.626885,0,0,128,0,0
3169_jaccessinspector.exe,6.026998,5.679399,5.679399,0,0,127,0,0
3170_jaccesswalker.exe,6.087248,5.675514,5.675514,0,0,102,0,0
3171_jar.exe,6.465821,5.774044,5.774044,0,0,51,0,0
3172_jarsigner.exe,6.468409,5.775814,5.775814,0,0,51,0,0
3173_java.exe,6.53966,5.794391,6.21511,0,0,51,0,0
3174_javac.exe,6.477266,5.769732,5.769732,0,0,51,0,0
3175_javadoc.exe,6.474974,5.769428,5.769428,0,0,51,0,0
3176_javap.exe,6.468793,5.776489,5.776489,0,0,51,0,0
3177_javaw.exe,6.54387,5.855463,6.215285,0,0,53,0,0
3178_jcmd.exe,6.463884,5.774305,5.774305,0,0,51,0,0
3179_jconsole.exe,6.511499,5.834106,5.834106,0,0,53,0,0
3180_jdb.exe,6.46987,5.774289,5.774289,0,0,51,0,0
3181_jdeprscan.exe,6.467627,5.775681,5.775681,0,0,51,0,0
3182_jdeps.exe,6.466338,5.776489,5.776489,0,0,51,0,0
3183_jfr.exe,6.469243,5.776228,5.776228,0,0,51,0,0
3184_jhsdb.exe,6.468995,5.77455,5.77455,0,0,51,0,0
3152_jps.exe,6.944162,5.792577,5.792577,0,0,54,0,0
3153_jrunscript.exe,6.883226,5.788572,5.788572,0,0,54,0,0
3154_jshell.exe,6.885685,5.788506,5.788506,0,0,54,0,0
3155_jstack.exe,6.88579,5.786322,5.786322,0,0,54,0,0
3156_jstat.exe,6.875626,5.792029,5.792029,0,0,54,0,0
3157_jstatd.exe,6.876078,5.790444,5.790444,0,0,54,0,0
3158_jwebserver.exe,6.880047,5.789245,5.789245,0,0,54,0,0
3159_keytool.exe,6.876006,5.789982,5.789982,0,0,54,0,0
3160_kinit.exe,6.878272,5.789803,5.789803,0,0,54,0,0
3161_klist.exe,6.880531,5.789803,5.789803,0,0,54,0,0
3162_ktab.exe,6.942277,5.789803,5.789803,0,0,54,0,0
3163_rmiregistry.exe,6.880984,5.78774,5.78774,0,0,54,0,0
3164_serialver.exe,6.876243,5.788506,5.788506,0,0,54,0,0
3165_com.docker.llama-server.exe,6.589172,6.205648,6.390887,0,0,446,0,0
3167_llama-server.exe,6.589166,6.205648,6.390887,0,0,446,0,0
3168_jabswitch.exe,5.988143,5.796155,5.796155,0,0,97,0,0
3136_jar.exe,6.941563,5.792577,5.792577,0,0,54,0,0
3137_jarsigner.exe,6.876962,5.789005,5.789005,0,0,54,0,0
3138_java.exe,6.839944,5.809791,6.215688,0,0,54,0,0
3139_javac.exe,6.886227,5.787301,5.787301,0,0,54,0,0
3140_javadoc.exe,6.883273,5.78735,5.78735,0,0,54,0,0
3141_javap.exe,6.877402,5.790005,5.790005,0,0,54,0,0
3142_javaw.exe,6.844435,5.872452,6.21589,0,0,56,0,0
3143_jcmd.exe,6.937639,5.792029,5.792029,0,0,54,0,0
3144_jconsole.exe,6.903458,5.842582,5.842582,0,0,56,0,0
3145_jdb.exe,6.944127,5.79053,5.79053,0,0,54,0,0
3146_jdeprscan.exe,6.877138,5.789543,5.789543,0,0,54,0,0
3147_jdeps.exe,6.875666,5.790005,5.790005,0,0,54,0,0
3148_jfr.exe,6.944152,5.790553,5.790553,0,0,54,0,0
3149_jhsdb.exe,6.879939,5.789982,5.789982,0,0,54,0,0
3150_jinfo.exe,6.89183,5.785978,5.785978,0,0,54,0,0
3151_jmap.exe,6.885705,5.785978,5.785978,0,0,54,0,0
3118_keytool.exe,6.479197,5.792949,5.792949,0,0,51,0,0
3119_kinit.exe,6.481179,5.790063,5.790063,0,0,51,0,0
3120_klist.exe,6.47707,5.790063,5.790063,0,0,51,0,0
3121_ktab.exe,6.477522,5.790063,5.790063,0,0,51,0,0
3122_rmiregistry.exe,6.480811,5.792759,5.792759,0,0,51,0,0
3123_chrome.exe,6.449758,6.537581,6.537581,0,5,232,0,0
3124_chrome_proxy.exe,6.408514,6.613558,6.613558,0,3,149,0,0
3125_chrome_pwa_launcher.exe,6.239624,6.611193,6.611193,0,4,159,0,0
3126_elevation_service.exe,6.473735,6.57339,6.57339,0,3,252,0,0
3127_notification_helper.exe,6.418491,6.591119,6.591119,0,4,216,0,0
3128_setup.exe,6.509675,6.532188,6.532188,0,5,362,0,0
3129_chrome-headless-shell.exe,6.705175,6.567761,6.890803,0,7,519,0,0
3131_pet.exe,6.253165,6.25022,6.333816,0,0,128,0,0
3133_jabswitch.exe,6.45134,5.903116,5.903116,0,0,97,0,0
3134_jaccessinspector.exe,6.281823,5.721016,5.721016,0,0,122,0,0
3135_jaccesswalker.exe,6.394879,5.691796,5.691796,0,0,102,0,0
1683_adrestore64.exe,6.456949,6.468295,6.468295,0,0,134,0,0
1682_adrestore.exe,6.636909,6.611489,6.611489,0,0,130,0,0
1678_ADExplorer.exe,6.138764,6.454854,6.709378,0,0,328,0,0
1675_accesschk.exe,5.763699,6.612808,6.668057,0,0,194,0,0
1673_ZoomIt.exe,6.461401,6.559555,6.666951,0,0,362,0,0
1672_Winobj64.exe,6.190386,6.455698,6.455698,0,3,403,0,0
1670_whois64.exe,6.473356,6.491891,6.491891,0,0,141,0,0
3109_jabswitch.exe,5.98637,5.794469,5.794469,0,0,97,0,0
3110_jaccessinspector.exe,6.037553,5.687974,5.687974,0,0,122,0,0
3111_jaccesswalker.exe,6.089099,5.677012,5.677012,0,0,102,0,0
3112_java.exe,6.542397,5.782709,6.216321,0,0,51,0,0
3113_javaw.exe,6.546612,5.839263,6.216502,0,0,53,0,0
3114_jdb.exe,6.478124,5.7943,5.7943,0,0,51,0,0
3115_jfr.exe,6.477297,5.792995,5.792995,0,0,51,0,0
3116_jrunscript.exe,6.484343,5.800113,5.800113,0,0,51,0,0
3117_jwebserver.exe,6.477926,5.787946,5.787946,0,0,51,0,0
1668_Volumeid64.exe,6.205515,6.478198,6.478198,0,0,109,0,0
1667_Volumeid.exe,6.565072,6.576174,6.576174,0,0,123,0,0
1664_Testlimit64.exe,6.32118,6.502143,6.502143,0,0,132,0,0
1663_Testlimit.exe,6.55588,6.565744,6.574578,0,0,129,0,0
1661_tcpview.exe,6.286191,6.562835,6.642533,0,0,378,0,0
1659_tcpvcon.exe,6.525074,6.628597,6.628597,0,0,134,0,0
1658_Sysmon64.exe,5.839508,6.45127,6.45127,0,0,357,0,0
1657_Sysmon.exe,5.865974,6.641686,6.729322,0,0,347,0,0
1656_sync64.exe,6.440171,6.46814,6.46814,0,0,137,0,0
1655_sync.exe,6.608076,6.600356,6.600356,0,0,133,0,0
3092_com.docker.llama-server.exe,6.589172,6.205648,6.390887,0,0,446,0,0
3094_llama-server.exe,6.589166,6.205648,6.390887,0,0,446,0,0
3101_adbencrypt.exe,5.966159,6.502211,6.502211,0,9,144,0,0
3102_adbencrypt.exe,5.965904,6.469495,6.469495,0,9,138,0,0
1685_Autologon64.exe,6.420588,6.462378,6.462378,0,0,157,0,0
1684_Autologon.exe,6.611579,6.620734,6.620734,0,0,153,0,0
1624_PsLoggedon64.exe,6.134644,6.476138,6.476138,0,0,99,0,0
1623_PsLoggedon.exe,6.362593,6.595447,6.595447,0,0,96,0,0
4860_phoneactivate.exe,6.1676,6.260006,6.260006,0,2,187,0,0
1653_strings.exe,6.597165,6.607967,6.614937,0,0,127,0,0
1652_streams64.exe,6.431203,6.466228,6.466228,0,0,131,0,0
1651_streams.exe,6.616439,6.618857,6.701921,0,0,127,0,0
1649_sigcheck.exe,6.423283,6.607547,6.610664,0,0,203,0,0
1648_ShellRunas.exe,6.325084,6.621974,6.621974,0,0,141,0,0
1646_ShareEnum.exe,6.539975,6.59969,6.693869,0,0,248,0,0
1644_sdelete.exe,6.457994,6.623648,6.623648,0,0,119,0,0
1643_ru64.exe,6.430643,6.469426,6.469426,0,0,138,0,0
1642_ru.exe,6.601904,6.60748,6.639192,0,0,134,0,0
1641_regjump.exe,6.592154,6.589848,6.718006,0,0,136,0,0
1640_RegDelNull64.exe,6.427362,6.465442,6.465442,0,0,136,0,0
1639_RegDelNull.exe,6.604229,6.615,6.65641,0,0,132,0,0
1669_whois.exe,6.626161,6.617344,6.617344,0,0,137,0,0
2896_rc.exe,6.175433,6.281553,6.281553,0,0,70,0,0
2892_oleview.exe,5.463466,5.72734,5.72734,0,0,529,0,0
1621_pslist.exe,6.500598,6.638318,6.638318,0,0,118,0,0
1619_pskill.exe,6.550746,6.652494,6.661146,0,0,133,0,0
1617_PsInfo.exe,6.512355,6.64339,6.64339,0,0,150,0,0
1615_PsGetsid.exe,6.579195,6.650704,6.650704,0,0,145,0,0
1613_psfile.exe,6.56345,6.668463,6.668463,0,0,98,0,0
1609_Procmon.exe,5.445873,6.491615,6.703361,0,0,537,0,0
1607_procexp.exe,6.045531,6.494837,6.750546,0,0,673,0,0
1637_RAMMap.exe,6.444563,6.612016,6.635587,0,0,268,0,0
1635_pssuspend.exe,6.54973,6.65049,6.65049,0,0,133,0,0
1633_psshutdown.exe,6.73209,6.652796,6.795705,0,0,152,0,0
1631_PsService.exe,6.46823,6.6324,6.6324,0,0,123,0,0
1629_psping.exe,6.435095,6.598684,6.618016,0,0,146,0,0
1627_pspasswd.exe,6.538911,6.648899,6.648899,0,0,103,0,0
1625_psloglist.exe,6.621599,6.646852,6.646852,0,0,134,0,0
2863_dxc.exe,6.118308,6.240773,6.240773,0,0,99,0,0
2862_DeployUtil.exe,6.373405,6.068902,6.068902,0,0,68,0,0
2861_ctrpp.exe,5.807222,6.268615,6.268615,0,0,136,0,0
2860_cppwinrt.exe,6.601511,6.590272,6.590272,0,0,133,0,0
4830_NpcapHelper.exe,6.368092,6.518135,6.518135,0,0,91,0,0
4834_nvdebugdump.exe,6.148805,6.06303,6.06303,0,0,101,0,0
2891_muirct.exe,5.944022,6.335312,6.335312,0,0,129,0,0
2890_mt.exe,6.192207,6.375676,6.375676,0,0,171,0,0
2889_midlrt.exe,6.390997,6.405582,6.405582,0,0,168,0,0
2887_midl.exe,6.169433,6.402646,6.402646,0,0,99,0,0
2885_mdmerge.exe,6.287555,6.382612,6.382612,0,0,121,0,0
2882_makepri.exe,6.25649,6.334746,6.334746,0,0,216,0,0
2878_jsconstraintdebug.exe,6.178881,6.10424,6.10424,0,0,89,0,0
2903_tracelog.exe,5.432321,6.091349,6.091349,0,0,101,0,0
2900_TB3x.exe,5.738995,6.050675,6.050675,0,0,347,0,0
2897_regwinmd.exe,6.123448,6.174185,6.174185,0,0,155,0,0
2830_TB3x.exe,5.857133,6.259584,6.259584,0,0,342,0,0
2828_rc.exe,6.211194,6.330756,6.330756,0,0,65,0,0
2859_convert-moftoprovider.exe,6.390073,6.426833,6.426833,0,0,87,0,0
2854_cameraprofiletool.exe,5.511081,6.144411,6.144411,0,0,111,0,0
2853_betest.exe,6.085463,6.258708,6.258708,0,0,175,0,0
2851_accevent.exe,5.387467,6.099757,6.099757,0,0,175,0,0
2847_xpsanalyzer.exe,6.077098,6.407589,6.407589,0,0,125,0,0
2845_wstraceutil.exe,6.098785,6.38202,6.38202,0,0,92,0,0
2844_wstracedump.exe,6.214887,6.35597,6.35597,0,0,69,0,0
2875_ifilttst.exe,5.61929,6.077139,6.077139,0,0,111,0,0
2874_graphedt.exe,5.72398,5.956558,5.956558,0,0,592,0,0
2873_genmanifest.exe,6.468404,6.379119,6.379119,0,0,98,0,0
2871_fxc.exe,5.988256,6.392633,6.392633,0,0,96,0,0
2867_filetypeverifier.exe,4.734041,6.045849,6.045849,0,0,201,0,0
2865_espexe.exe,5.973698,6.117638,6.117638,0,0,111,0,0
2864_dxcapsviewer.exe,6.03299,6.236128,6.236128,0,0,149,0,0
1396_qscxmlc.exe,6.182675,6.218428,6.218428,0,0,291,0,0
1395_qmltyperegistrar.exe,5.989317,5.981771,5.981771,0,0,233,0,0
1394_qmltime.exe,5.369017,5.914171,5.914171,0,0,153,0,0
4804_mstsc.exe,6.337881,6.359018,6.359018,0,2,394,0,0
2825_oleview.exe,5.565562,6.074665,6.074665,0,0,522,0,0
2824_muirct.exe,5.932202,6.387808,6.387808,0,0,123,0,0
2823_mt.exe,6.216437,6.470094,6.470094,0,0,167,0,0
2821_midl.exe,5.913028,6.214127,6.214127,0,0,78,0,0
2817_makepri.exe,6.234766,6.355035,6.355035,0,0,214,0,0
2814_jsconstraintdebug.exe,6.19641,6.186892,6.186892,0,0,85,0,0
2812_ifilttst.exe,5.753369,6.240121,6.240121,0,0,108,0,0
2843_vswriter.exe,6.001584,6.451581,6.451581,0,0,182,0,0
2842_vstorcontrol.exe,6.122741,6.321039,6.321039,0,0,138,0,0
2841_vsstrace.exe,5.806855,6.16846,6.16846,0,0,98,0,0
2839_vshadow.exe,6.111706,6.49818,6.49818,0,0,144,0,0
2833_tracelog.exe,5.446082,6.170809,6.170809,0,0,97,0,0
3088_sqldiff.exe,5.935131,5.844166,5.941772,0,2,141,0,0
3089_sqlite3.exe,5.973769,5.85502,5.978221,0,2,156,0,0
3091_sqlite3_rsync.exe,5.926304,5.837694,5.938344,0,2,132,0,0
4783_mmc.exe,6.199863,6.140937,6.454721,0,2,1061,0,0
4789_MpSigStub.exe,6.445975,6.503549,6.503549,0,0,184,0,0
2811_graphedt.exe,5.809015,6.183023,6.183023,0,0,591,0,0
2810_fxc.exe,5.917776,6.359907,6.359907,0,0,90,0,0
1406_uic.exe,6.253996,6.190639,6.190639,0,0,278,0,0
1405_tracegen.exe,6.123428,6.395459,6.395459,0,0,144,0,0
1404_testcon.exe,6.244609,6.201213,6.201213,0,0,1703,0,0
1403_repc.exe,6.019525,6.263012,6.263012,0,0,328,0,0
1402_rcc.exe,6.209533,6.372606,6.372606,0,0,157,0,0
1401_qvkgen.exe,5.834647,6.097955,6.097955,0,0,109,0,0
1399_qtpaths.exe,5.477409,5.788475,5.788475,0,0,93,0,0
1398_qtdiag.exe,5.811855,5.852751,5.852751,0,0,271,0,0
1397_qtattributionsscanner.exe,5.859077,5.986693,5.986693,0,0,202,0,0
1389_qmlplugindump.exe,6.166232,6.117079,6.117079,0,0,397,0,0
1388_qmlmin.exe,5.477635,6.285905,6.285905,0,0,135,0,0
1387_qmllint.exe,5.968004,6.261231,6.261231,0,0,234,0,0
1386_qmlimportscanner.exe,5.828643,6.234108,6.234108,0,0,276,0,0
1385_qmlformat.exe,5.899421,6.267562,6.267562,0,0,192,0,0
1384_qmleasing.exe,5.935457,6.144977,6.144977,0,0,681,0,0
1383_qmlcachegen.exe,6.06567,6.24481,6.24481,0,0,319,0,0
1382_qml.exe,5.440957,5.959283,5.959283,0,0,267,0,0
1381_qmake.exe,6.384674,6.32702,6.32702,0,2,151,0,0
1380_qlalr.exe,6.198241,6.20236,6.20236,0,0,148,0,0
1379_qhelpgenerator.exe,6.125877,6.05292,6.05292,0,0,281,0,0
1378_qgltf.exe,6.468905,6.384968,6.384968,0,0,374,0,0
3081_normalizer.exe,6.090722,6.386572,6.386572,0,0,86,0,0
3082_pip.exe,6.090685,6.386572,6.386572,0,0,86,0,0
3083_pip3.14.exe,6.090685,6.386572,6.386572,0,0,86,0,0
3084_pip3.exe,6.090685,6.386572,6.386572,0,0,86,0,0
3064_chroma.exe,6.091035,6.386572,6.386572,0,0,86,0,0
3065_f2py.exe,6.091297,6.386572,6.386572,0,0,86,0,0
3066_httpx.exe,6.090703,6.386572,6.386572,0,0,86,0,0
3067_langchain-server.exe,6.090909,6.386572,6.386572,0,0,86,0,0
3068_pip.exe,6.091273,6.386572,6.386572,0,0,86,0,0
3069_pip3.12.exe,6.091273,6.386572,6.386572,0,0,86,0,0
3070_pip3.exe,6.091273,6.386572,6.386572,0,0,86,0,0
3073_t32.exe,6.157298,6.459835,6.459835,0,0,85,0,0
3074_t64-arm.exe,6.098202,6.428076,6.428076,0,0,86,0,0
3075_t64.exe,6.086881,6.386572,6.386572,0,0,86,0,0
3076_w32.exe,6.132413,6.475502,6.475502,0,0,93,0,0
3077_w64-arm.exe,6.091655,6.434787,6.434787,0,0,92,0,0
3078_w64.exe,6.07162,6.397459,6.397459,0,0,94,0,0
1392_qmlscene.exe,5.716213,5.996561,5.996561,0,0,309,0,0
1391_qmlprofiler.exe,6.111552,6.166372,6.166372,0,0,386,0,0
1390_qmlpreview.exe,5.87596,6.060466,6.060466,0,0,292,0,0
1370_moc.exe,6.216088,6.399616,6.399616,0,0,155,0,0
1368_lupdate.exe,6.175426,6.278207,6.278207,0,0,431,0,0
1367_lupdate-pro.exe,5.295737,5.930493,5.930493,0,0,136,0,0
1366_lrelease.exe,6.240054,6.148514,6.148514,0,0,347,0,0
1365_lrelease-pro.exe,5.414365,6.119316,6.119316,0,0,140,0,0
1364_lprodump.exe,6.314656,6.214928,6.214928,0,0,378,0,0
1363_linguist.exe,6.369546,6.25131,6.25131,0,0,2548,0,0
1362_lconvert.exe,6.242791,6.131637,6.131637,0,0,308,0,0
3049_adbencrypt.exe,5.966159,6.502211,6.502211,0,9,144,0,0
3050_adbencrypt.exe,5.965904,6.469495,6.469495,0,9,138,0,0
3058_t32.exe,6.157298,6.459835,6.459835,0,0,85,0,0
3059_t64-arm.exe,6.098202,6.428076,6.428076,0,0,86,0,0
3060_t64.exe,6.086881,6.386572,6.386572,0,0,86,0,0
3061_w32.exe,6.132413,6.475502,6.475502,0,0,93,0,0
3062_w64-arm.exe,6.091655,6.434787,6.434787,0,0,92,0,0
3063_w64.exe,6.07162,6.397459,6.397459,0,0,94,0,0
1351_qhalf.exe,6.506933,6.461742,6.461742,0,0,78,0,0
1350_qdelaunay.exe,6.509289,6.460075,6.460075,0,0,78,0,0
1349_qconvex.exe,6.507064,6.459109,6.459109,0,0,78,0,0
1347_Pythonwin.exe,4.970013,5.93578,5.93578,0,0,162,0,0
3032_wabmig.exe,6.302728,6.101525,6.239321,0,0,99,0,0
3033_setup_wm.exe,5.731697,6.507474,6.811369,0,0,395,0,0
3034_wmlaunch.exe,6.412017,6.343755,6.534738,0,0,167,0,0
3035_wmpconfig.exe,6.413494,5.51467,6.482879,0,0,43,0,0
3037_wmprph.exe,6.365642,6.278614,6.735161,0,0,205,0,0
3040_unins000.exe,6.566504,6.441005,6.726824,0,2,555,0,0
1377_qdistancefieldgenerator.exe,5.896053,6.180327,6.180327,0,0,772,0,0
1376_qdbusxml2cpp.exe,5.859797,5.882549,5.882549,0,0,175,0,0
1375_qdbusviewer.exe,5.664947,6.055082,6.055082,0,0,793,0,0
1374_qdbuscpp2xml.exe,5.920587,6.343618,6.343618,0,0,210,0,0
1373_qdbus.exe,5.871173,5.997724,5.997724,0,0,217,0,0
1371_pixeltool.exe,5.780035,6.055978,6.055978,0,0,312,0,0
2944_filtreg.exe,5.206841,5.952206,6.140602,0,0,35,0,0
2946_fxc.exe,6.205766,6.078835,6.69183,0,0,94,0,0
2947_gc.exe,6.595485,6.461442,6.627175,0,0,73,0,0
2948_genmanifest.exe,6.668779,6.662739,6.662739,0,0,95,0,0
2949_graphedt.exe,6.20598,6.203462,6.512814,0,0,592,0,0
2950_ifilttst.exe,5.859738,5.508205,6.523286,0,0,107,0,0
1361_idc.exe,6.080788,6.368405,6.368405,0,0,156,0,0
1360_dumpdoc.exe,6.189314,6.140209,6.140209,0,0,403,0,0
1359_dumpcpp.exe,6.240711,6.147976,6.147976,0,0,455,0,0
1358_designer.exe,6.033791,6.208625,6.208625,0,0,1574,0,0
1357_canbusutil.exe,5.694639,5.948148,5.948148,0,0,179,0,0
1356_balsam.exe,5.569186,5.996957,5.996957,0,0,132,0,0
1355_assistant.exe,6.370911,6.198016,6.341206,0,0,1797,0,0
1354_rbox.exe,6.043545,6.311393,6.311393,0,0,65,0,0
1353_qvoronoi.exe,6.508255,6.459925,6.459925,0,0,78,0,0
1352_qhull.exe,6.443003,6.303288,6.303288,0,0,74,0,0
1336_proj.exe,5.719443,6.114837,6.114837,0,0,129,0,0
1335_invproj.exe,5.719495,6.114837,6.114837,0,0,129,0,0
1334_invgeod.exe,5.511268,6.078471,6.078471,0,0,80,0,0
1332_geod.exe,5.511133,6.078471,6.078471,0,0,80,0,0
1331_cs2cs.exe,5.987761,6.100643,6.100643,0,0,142,0,0
1330_cct.exe,5.985403,6.242183,6.242183,0,0,146,0,0
2934_convert-moftoprovider.exe,6.666474,6.609595,6.609595,0,0,82,0,0
2935_cppwinrt.exe,6.601511,6.590272,6.590272,0,0,133,0,0
2936_ctrpp.exe,5.960874,6.104468,6.50879,0,0,133,0,0
2937_DeployUtil.exe,6.659283,6.158463,6.158463,0,0,66,0,0
2938_dxc.exe,6.499002,6.375099,6.375099,0,0,96,0,0
2939_dxcapsviewer.exe,6.354934,6.466023,6.65706,0,0,148,0,0
2940_espexe.exe,6.41399,6.299337,6.515118,0,0,108,0,0
2941_extidgen.exe,6.448956,5.719607,5.719607,0,0,32,0,0
2942_filetypeverifier.exe,4.706891,5.591182,6.681477,0,0,199,0,0
2943_filtdump.exe,6.174553,5.572654,5.572654,0,0,52,0,0
1326_t64.exe,6.086881,6.386572,6.386572,0,0,86,0,0
1325_t64-arm.exe,6.098202,6.428076,6.428076,0,0,86,0,0
1324_t32.exe,6.157298,6.459835,6.459835,0,0,85,0,0
1323_pcre2test.exe,6.429808,6.41702,6.41702,0,0,96,0,0
1322_pcre2grep.exe,6.395577,6.384707,6.384707,0,0,116,0,0
1321_pango-view.exe,5.76525,6.112082,6.112082,0,0,232,0,0
1317_openssl.exe,6.360287,6.321808,6.607004,0,0,1743,0,0
1316_opj_dump.exe,5.72011,6.188315,6.188315,0,0,80,0,0
1315_opj_decompress.exe,6.28641,6.388514,6.388514,0,0,116,0,0
1314_opj_compress.exe,6.281378,6.275493,6.275493,0,0,126,0,0
2926_accevent.exe,5.787714,5.677274,6.571469,0,0,175,0,0
2928_betest.exe,6.375681,6.190561,6.764649,0,0,171,0,0
2929_cameraprofiletool.exe,5.855453,6.207597,6.589589,0,0,110,0,0
2933_computerhardwareids.exe,5.426647,4.739737,5.856217,0,0,49,0,0
1338_projsync.exe,6.249321,6.228058,6.228058,0,0,92,0,0
1337_projinfo.exe,6.202981,6.017536,6.017536,0,0,212,0,0
1482_rst2html5.exe,6.129445,6.366763,6.366763,0,0,81,0,0
4756_LsaIso.exe,5.954054,6.159395,6.159395,0,2,295,0,0
4766_MDEServer.exe,6.20305,6.344175,6.344175,0,2,174,0,0
1311_mamba.exe,6.366344,6.260629,6.260629,0,0,387,0,0
1308_lzotest.exe,6.217602,6.323319,6.323319,0,0,71,0,0
1506_yake.exe,6.129445,6.366763,6.366763,0,0,81,0,0
1505_wheel.exe,6.129445,6.366763,6.366763,0,0,81,0,0
1504_wdf-export.exe,6.129445,6.366763,6.366763,0,0,81,0,0
1502_tqdm.exe,6.129445,6.366763,6.366763,0,0,81,0,0
1501_tokenizer.exe,6.129445,6.366763,6.366763,0,0,81,0,0
1500_tifffile.exe,6.091156,6.386572,6.386572,0,0,86,0,0
1499_tiffcomment.exe,6.091219,6.386572,6.386572,0,0,86,0,0
1498_tiff2fsspec.exe,6.091166,6.386572,6.386572,0,0,86,0,0
1329_w64.exe,6.07162,6.397459,6.397459,0,0,94,0,0
1328_w64-arm.exe,6.091655,6.434787,6.434787,0,0,92,0,0
1327_w32.exe,6.132413,6.475502,6.475502,0,0,93,0,0
1472_pip3.exe,6.129445,6.366763,6.366763,0,0,81,0,0
1471_pip.exe,6.129445,6.366763,6.366763,0,0,81,0,0
1470_pasteurize.exe,6.129445,6.366763,6.366763,0,0,81,0,0
1468_openai.exe,6.129445,6.366763,6.366763,0,0,81,0,0
1466_normalizer.exe,6.129445,6.366763,6.366763,0,0,81,0,0
4743_LicensingUI.exe,6.198549,6.334517,6.334517,0,2,101,0,0
4746_LockAppHost.exe,5.338495,5.746365,5.746365,0,2,122,0,0
1497_tabulate.exe,6.129445,6.366763,6.366763,0,0,81,0,0
1490_segmenter.exe,6.129445,6.366763,6.366763,0,0,81,0,0
1489_rst2xml.exe,6.129445,6.366763,6.366763,0,0,81,0,0
1488_rst2xetex.exe,6.129445,6.366763,6.366763,0,0,81,0,0
1487_rst2s5.exe,6.129445,6.366763,6.366763,0,0,81,0,0
1486_rst2pseudoxml.exe,6.129445,6.366763,6.366763,0,0,81,0,0
1485_rst2odt.exe,6.129445,6.366763,6.366763,0,0,81,0,0
1484_rst2man.exe,6.129445,6.366763,6.366763,0,0,81,0,0
1483_rst2latex.exe,6.129445,6.366763,6.366763,0,0,81,0,0
4319_deplister.exe,6.157741,6.484972,6.484972,0,2,77,0,0
4320_php-cgi.exe,5.908827,6.111655,6.111655,0,0,253,0,0
4321_php-win.exe,5.512452,5.922811,5.922811,0,0,187,0,0
4322_php.exe,5.869872,6.145941,6.145941,0,0,270,0,0
4323_phpdbg.exe,6.230237,6.127282,6.127282,0,0,292,0,0
4324_deplister.exe,6.157766,6.484972,6.484972,0,2,77,0,0
4325_php-cgi.exe,5.927305,6.15149,6.15149,0,0,253,0,0
4326_php-win.exe,5.466789,5.896415,5.896415,0,0,187,0,0
4327_php.exe,5.867107,6.182463,6.182463,0,0,281,0,0
4328_phpdbg.exe,6.22484,6.116063,6.116063,0,0,295,0,0
4329_deplister.exe,6.157935,6.484972,6.484972,0,2,77,0,0
1481_rst2html4.exe,6.129445,6.366763,6.366763,0,0,81,0,0
1480_rst2html.exe,6.129445,6.366763,6.366763,0,0,81,0,0
1479_qtpy.exe,6.129445,6.366763,6.366763,0,0,81,0,0
1477_pygmentize.exe,6.129445,6.366763,6.366763,0,0,81,0,0
1473_pybind11-config.exe,6.129445,6.366763,6.366763,0,0,81,0,0
4301_mysqlcheck.exe,4.357122,6.420182,6.420182,0,0,431,0,0
4302_mysqld.exe,6.552318,6.412608,7.017522,0,0,1047,0,0
4303_mysqldump.exe,4.388797,6.419752,6.419752,0,0,438,0,0
4304_mysqlimport.exe,4.350583,6.420244,6.420244,0,0,435,0,0
4305_mysqlshow.exe,4.349822,6.417932,6.417932,0,0,431,0,0
4306_mysqlslap.exe,4.356794,6.419584,6.419584,0,0,440,0,0
4308_mysql_config_editor.exe,3.977065,6.433808,6.433808,0,0,261,0,0
4309_mysql_migrate_keyring.exe,4.391946,6.413526,6.413526,0,0,453,0,0
4310_mysql_secure_installation.exe,4.351356,6.420557,6.420557,0,0,438,0,0
4311_mysql_tzinfo_to_sql.exe,3.939096,6.448714,6.448714,0,0,197,0,0
4312_my_print_defaults.exe,3.969815,6.439108,6.439108,0,0,253,0,0
4313_perror.exe,4.345735,6.444649,6.444649,0,0,254,0,0
4315_php-cgi.exe,5.937754,6.150928,6.150928,0,0,254,0,0
4316_php-win.exe,5.502883,5.931328,5.931328,0,0,183,0,0
4317_php.exe,5.877614,6.174934,6.174934,0,0,264,0,0
4318_phpdbg.exe,6.270307,6.138701,6.138701,0,0,342,0,0
4283_mysql_upgrade.exe,4.888909,6.437529,6.437529,0,0,166,0,0
4284_mysql_upgrade_service.exe,3.519454,6.452363,6.452363,0,0,160,0,0
4286_my_print_defaults.exe,3.579803,6.456997,6.456997,0,0,128,0,0
4287_perror.exe,4.097107,6.474808,6.474808,0,0,107,0,0
4288_replace.exe,3.36712,6.44495,6.44495,0,0,129,0,0
4289_sst_dump.exe,6.466349,6.350467,6.350467,0,0,226,0,0
4290_ccapiserver.exe,5.910628,5.530692,5.530692,0,0,164,0,0
4292_ibd2sdi.exe,4.057388,6.447884,6.447884,0,0,273,0,0
4293_innochecksum.exe,4.047884,6.45323,6.45323,0,0,267,0,0
4294_myisamchk.exe,4.160211,6.433019,6.433019,0,0,288,0,0
4295_myisamlog.exe,4.099751,6.441593,6.441593,0,0,236,0,0
4296_myisampack.exe,4.133076,6.441202,6.441202,0,0,288,0,0
4297_myisam_ftdump.exe,4.122091,6.444684,6.444684,0,0,286,0,0
4298_mysql.exe,4.383609,6.42363,6.42363,0,0,461,0,0
4299_mysqladmin.exe,4.354415,6.42306,6.42306,0,0,432,0,0
4300_mysqlbinlog.exe,4.545998,6.397983,6.397983,0,0,482,0,0
1457_jupyter-qtconsole.exe,6.129445,6.366763,6.366763,0,0,81,0,0
1456_jupyter-migrate.exe,6.129445,6.366763,6.366763,0,0,81,0,0
1455_jupyter-kernelspec.exe,6.129445,6.366763,6.366763,0,0,81,0,0
1454_jupyter-kernel.exe,6.129445,6.366763,6.366763,0,0,81,0,0
1453_ipython3.exe,6.129445,6.366763,6.366763,0,0,81,0,0
1452_ipython.exe,6.129445,6.366763,6.366763,0,0,81,0,0
1451_imageio_remove_bin.exe,6.091792,6.386572,6.386572,0,0,86,0,0
1450_imageio_download_bin.exe,6.091964,6.386572,6.386572,0,0,86,0,0
4275_mysqldump.exe,3.612853,6.467239,6.467239,0,0,263,0,0
4276_mysqlimport.exe,3.526506,6.482009,6.482009,0,0,248,0,0
4277_mysqlshow.exe,4.495081,6.418807,6.418807,0,0,243,0,0
4278_mysqlslap.exe,4.528171,6.419451,6.419451,0,0,249,0,0
4279_mysql_install_db.exe,5.365661,6.486668,6.486668,0,0,159,0,0
4280_mysql_ldb.exe,6.201183,6.342169,6.342169,0,0,301,0,0
4281_mysql_plugin.exe,3.538705,6.446056,6.446056,0,0,133,0,0
4282_mysql_tzinfo_to_sql.exe,3.648884,6.459623,6.459623,0,0,130,0,0
1436_zstd.exe,6.229023,6.136203,6.136203,0,0,171,0,0
5359_FreqTransfer32.exe,6.480089,6.724071,6.724071,0,0,107,0,0
5361_HighresBlender32.exe,6.489119,6.714975,6.714975,0,0,117,0,0
5363_NvCameraEnable.exe,6.693511,6.633186,6.633186,0,0,94,0,0
5364_NvImageConvert32.exe,6.477204,6.716486,6.716486,0,0,112,0,0
5366_ReShadeFXC32.exe,6.464683,6.373774,6.530874,0,0,86,0,0
5368_SphericalEquirect32.exe,6.473361,6.722398,6.722398,0,0,111,0,0
5373_nvdebugdump.exe,6.149192,6.065101,6.065101,0,0,101,0,0
1465_nltk.exe,6.129445,6.366763,6.366763,0,0,81,0,0
1464_natsort.exe,6.091125,6.386572,6.386572,0,0,86,0,0
1463_lsm2bin.exe,6.091224,6.386572,6.386572,0,0,86,0,0
1462_loompy.exe,6.091123,6.386572,6.386572,0,0,86,0,0
1461_keyring.exe,6.129445,6.366763,6.366763,0,0,81,0,0
1460_jupyter.exe,6.129445,6.366763,6.366763,0,0,81,0,0
1459_jupyter-troubleshoot.exe,6.129445,6.366763,6.366763,0,0,81,0,0
1458_jupyter-run.exe,6.129445,6.366763,6.366763,0,0,81,0,0
801_wheel-3.8.exe,6.125764,6.396018,6.396018,0,0,85,0,0
5345_nvdebugdump.exe,6.177776,6.062645,6.062645,0,0,101,0,0
5351_nvsetup.exe,6.752864,6.5729,6.5729,0,0,74,0,0
5354_setup.exe,6.743256,6.550847,6.886506,0,0,162,0,0
5355_vulkaninfo-x64.exe,5.925112,5.738494,5.80195,0,2,111,0,0
1426_sqlite3.exe,6.596623,6.527635,6.527635,0,2,148,0,0
1419_gui.exe,5.813215,6.308064,6.308064,0,0,61,0,0
1448_httpx.exe,6.129445,6.366763,6.366763,0,0,81,0,0
1447_futurize.exe,6.129445,6.366763,6.366763,0,0,81,0,0
1444_docutils.exe,6.129445,6.366763,6.366763,0,0,81,0,0
1443_distro.exe,6.129445,6.366763,6.366763,0,0,81,0,0
1442_debugpy.exe,6.091744,6.386572,6.386572,0,0,86,0,0
1441_debugpy-adapter.exe,6.091822,6.386572,6.386572,0,0,86,0,0
1440_community.exe,6.129445,6.366763,6.366763,0,0,81,0,0
1439_cmark.exe,6.129445,6.366763,6.366763,0,0,81,0,0
1438_chardetect.exe,6.129445,6.366763,6.366763,0,0,81,0,0
790_email_validator.exe,6.125746,6.396018,6.396018,0,0,85,0,0
789_easy_install3.exe,6.126047,6.396018,6.396018,0,0,85,0,0
788_easy_install.exe,6.126047,6.396018,6.396018,0,0,85,0,0
787_easy_install-3.8.exe,6.126047,6.396018,6.396018,0,0,85,0,0
786_chardetect.exe,6.125802,6.396018,6.396018,0,0,85,0,0
785_alembic.exe,6.125775,6.396018,6.396018,0,0,85,0,0
5327_vulkaninfo-x64.exe,5.919926,5.721735,5.829039,0,2,111,0,0
5335_NvCameraEnable.exe,6.68437,6.630574,6.630574,0,0,96,0,0
1416_gui-32.exe,5.813215,6.308064,6.308064,0,0,61,0,0
1415_cli.exe,5.815098,6.31165,6.31165,0,0,61,0,0
1412_cli-32.exe,5.815098,6.31165,6.31165,0,0,61,0,0
1410_QtWebEngineProcess.exe,6.603922,6.552796,6.552796,0,0,299,0,0
1408_xmlpatterns.exe,5.923497,6.121035,6.121035,0,0,251,0,0
1407_windeployqt.exe,6.226084,6.355581,6.355581,0,0,186,0,0
803_wheel3.exe,6.125764,6.396018,6.396018,0,0,85,0,0
802_wheel.exe,6.125764,6.396018,6.396018,0,0,85,0,0
5311_WMIRegistrationService.exe,6.681415,6.620737,6.620737,0,0,86,0,0
5312_WMIRegistrationService.exe,6.683195,6.620758,6.620758,0,0,86,0,0
5316_nvdebugdump.exe,6.148805,6.06303,6.06303,0,0,101,0,0
5322_nvsetup.exe,6.75206,6.5729,6.5729,0,0,74,0,0
5325_OscTool.exe,6.43292,6.353627,6.353627,0,2,287,0,0
5326_setup.exe,6.73963,6.549192,6.886458,0,0,162,0,0
800_sshtunnel.exe,6.125855,6.396018,6.396018,0,0,85,0,0
799_sqlformat.exe,6.125892,6.396018,6.396018,0,0,85,0,0
798_pygmentize.exe,6.125693,6.396018,6.396018,0,0,85,0,0
797_pybabel.exe,6.125913,6.396018,6.396018,0,0,85,0,0
796_pip3.exe,6.125956,6.396018,6.396018,0,0,85,0,0
795_pip3.8.exe,6.125956,6.396018,6.396018,0,0,85,0,0
794_pip.exe,6.125956,6.396018,6.396018,0,0,85,0,0
793_pip-3.8.exe,6.125956,6.396018,6.396018,0,0,85,0,0
792_mako-render.exe,6.125769,6.396018,6.396018,0,0,85,0,0
791_flask.exe,6.125806,6.396018,6.396018,0,0,85,0,0
781_w32.exe,6.166983,6.511319,6.511319,0,0,85,0,0
780_t64.exe,6.091517,6.390091,6.390091,0,0,84,0,0
779_t32.exe,6.178924,6.485388,6.485388,0,0,83,0,0
778_gui.exe,6.390959,6.618136,6.618136,0,0,79,0,0
777_gui-64.exe,6.11462,6.378703,6.378703,0,0,81,0,0
776_gui-32.exe,6.390959,6.618136,6.618136,0,0,79,0,0
775_cli.exe,6.383103,6.611199,6.611199,0,0,79,0,0
774_cli-64.exe,6.129445,6.366763,6.366763,0,0,81,0,0
773_cli-32.exe,6.383103,6.611199,6.611199,0,0,79,0,0
772_w64.exe,6.088088,6.394325,6.394325,0,0,87,0,0
771_w32.exe,6.135358,6.484316,6.484316,0,0,86,0,0
770_t64.exe,6.120708,6.396018,6.396018,0,0,85,0,0
769_t32.exe,6.155443,6.445975,6.445975,0,0,84,0,0
5298_vulkaninfo-32.exe,5.968331,5.793626,6.24408,0,2,108,0,0
5299_vulkaninfo-64.exe,5.900655,5.708065,5.792768,0,5,113,0,0
5303_vulkaninfo-64.exe,5.931135,5.738322,5.828924,0,2,111,0,0
758_wininst-8.0.exe,6.26299,6.434686,6.854886,0,0,167,0,0
757_wininst-7.1.exe,5.708577,5.936308,6.823537,0,0,152,0,0
756_wininst-6.0.exe,5.926796,6.452257,6.791394,0,0,146,0,0
753_wininst-10.0.exe,6.711983,6.576595,6.750361,0,0,161,0,0
5280_BridgeCommunication.exe,6.566435,6.255494,6.255494,0,0,405,0,0
5281_DeviceControlTool.exe,6.687444,6.301407,6.418858,0,0,297,0,0
5283_NetworkCap.exe,6.54093,6.246966,6.246966,0,0,432,0,0
5285_OmenCap.exe,6.550241,6.260378,6.260378,0,0,427,0,0
5286_OmenCap.exe,6.525544,6.224071,6.224071,0,0,419,0,0
5287_IntelPTTEKRecertification.exe,5.977405,6.041103,6.041103,0,0,237,0,0
5288_PlatformLicenseManagerService.exe,6.008645,6.064498,6.064498,0,0,256,0,0
5289_TPMProvisioningService.exe,6.009077,6.070761,6.070761,0,0,263,0,0
5290_IntelPTTEKRecertification.exe,5.979625,6.04316,6.04316,0,0,237,0,0
5291_PlatformLicenseManagerService.exe,6.008022,6.065162,6.065162,0,0,256,0,0
5292_TPMProvisioningService.exe,6.008333,6.070488,6.070488,0,0,263,0,0
782_w64.exe,6.06831,6.37328,6.37328,0,0,86,0,0
5267_NetworkCap.exe,6.540818,6.246966,6.246966,0,0,432,0,0
5270_BertServiceComponentTests.exe,6.235916,6.415909,6.415909,0,0,452,0,0
5271_BertServiceGTests.exe,6.429151,6.34698,6.34698,0,0,306,0,0
5272_BridgeCommunication.exe,6.565943,6.255172,6.255172,0,0,405,0,0
5273_DeviceControlTool.exe,6.687091,6.300965,6.422818,0,0,297,0,0
5277_NetworkCap.exe,6.544528,6.250957,6.250957,0,0,432,0,0
768_w64.exe,6.088088,6.394325,6.394325,0,0,87,0,0
767_w32.exe,6.135358,6.484316,6.484316,0,0,86,0,0
766_t64.exe,6.120708,6.396018,6.396018,0,0,85,0,0
765_t32.exe,6.155443,6.445975,6.445975,0,0,84,0,0
764_w64.exe,6.088088,6.394325,6.394325,0,0,87,0,0
763_w32.exe,6.135358,6.484316,6.484316,0,0,86,0,0
762_t64.exe,6.120708,6.396018,6.396018,0,0,85,0,0
761_t32.exe,6.155443,6.445975,6.445975,0,0,84,0,0
760_wininst-9.0.exe,6.739988,6.608846,6.812026,0,0,164,0,0
759_wininst-9.0-amd64.exe,6.553684,6.43771,6.550061,0,0,166,0,0
5250_NetworkCap.exe,6.544481,6.250957,6.250957,0,0,432,0,0
5253_BridgeCommunication.exe,6.566417,6.255494,6.255494,0,0,405,0,0
5254_DeviceControlTool.exe,6.687359,6.301407,6.418858,0,0,297,0,0
5258_NetworkCap.exe,6.540745,6.246966,6.246966,0,0,432,0,0
5261_BridgeCommunication.exe,6.56642,6.255494,6.255494,0,0,405,0,0
5262_DeviceControlTool.exe,6.687454,6.301407,6.418858,0,0,297,0,0
752_wininst-10.0-amd64.exe,6.556449,6.466739,6.466739,0,0,161,0,0
749_validateuser.exe,5.432637,5.910863,5.910863,0,0,72,0,0
748_getlocales.exe,5.15211,5.87035,5.87035,0,0,53,0,0
747_createuser.exe,5.425712,5.954148,5.954148,0,0,72,0,0
743_vacuumlo.exe,6.061656,6.223732,6.223732,0,0,121,0,0
742_vacuumdb.exe,6.176439,6.239357,6.239357,0,0,180,0,0
741_stackbuilder.exe,5.732712,6.063689,6.063689,0,0,902,0,0
740_reindexdb.exe,6.136438,6.201444,6.201444,0,0,168,0,0
739_psql.exe,6.43756,6.223997,6.223997,0,0,255,0,0
738_postgres.exe,6.484244,6.499804,6.499804,0,0,555,0,0
5234_NetworkCap.exe,6.521249,6.237,6.237,0,0,433,0,0
5237_BridgeCommunication.exe,6.555989,6.261261,6.261261,0,0,406,0,0
5238_DeviceControlTool.exe,6.393166,6.223088,6.223088,0,0,177,0,0
5242_NetworkCap.exe,6.521242,6.237,6.237,0,0,433,0,0
5245_BridgeCommunication.exe,6.565917,6.255172,6.255172,0,0,405,0,0
5246_DeviceControlTool.exe,6.687129,6.300965,6.422817,0,0,297,0,0
735_pg_test_timing.exe,6.021831,6.169821,6.169821,0,0,121,0,0
731_pg_restore.exe,6.263463,6.162039,6.162039,0,0,248,0,0
730_pg_resetwal.exe,6.317441,6.190856,6.237646,0,0,158,0,0
729_pg_regress_ecpg.exe,6.118259,6.11955,6.11955,0,0,161,0,0
728_pg_regress.exe,6.100969,6.097604,6.097604,0,0,161,0,0
725_pg_isready.exe,6.130877,6.219967,6.219967,0,0,169,0,0
724_pg_isolation_regress.exe,6.098362,6.104181,6.104181,0,0,161,0,0
723_pg_dumpall.exe,6.198949,6.189583,6.189583,0,0,178,0,0
722_pg_dump.exe,6.439163,6.24867,6.24867,0,0,261,0,0
721_pg_ctl.exe,6.294371,6.119791,6.203126,0,0,177,0,0
719_pg_config.exe,5.99423,6.16659,6.16659,0,0,116,0,0
718_pg_checksums.exe,6.372326,6.226884,6.390866,0,0,140,0,0
717_pg_basebackup.exe,6.197036,6.211079,6.211079,0,0,214,0,0
716_pg_archivecleanup.exe,5.994833,6.127739,6.127739,0,0,130,0,0
714_oid2name.exe,6.018135,6.17138,6.17138,0,0,117,0,0
713_isolationtester.exe,6.06494,6.221225,6.221225,0,0,107,0,0
710_dropuser.exe,6.110647,6.201333,6.201333,0,0,166,0,0
709_dropdb.exe,6.108005,6.203036,6.203036,0,0,166,0,0
708_createuser.exe,6.121917,6.210763,6.210763,0,0,171,0,0
707_createdb.exe,6.110522,6.206671,6.206671,0,0,169,0,0
706_clusterdb.exe,6.115398,6.187871,6.187871,0,0,168,0,0
905_gi-compile-repository.exe,6.345264,6.377564,6.377564,0,0,179,0,0
5221_dumpchk.exe,6.866767,5.455222,5.455222,0,0,34,0,0
5224_sigcheck.exe,6.465046,6.607547,6.610664,0,0,203,0,0
5229_BridgeCommunication.exe,6.555786,6.261261,6.261261,0,0,406,0,0
5230_DeviceControlTool.exe,6.393965,6.223088,6.223088,0,0,177,0,0
5199_dumpchk.exe,6.865907,5.455222,5.455222,0,0,34,0,0
5202_sigcheck.exe,6.465246,6.607547,6.610664,0,0,203,0,0
5210_dumpchk.exe,6.869499,5.455222,5.455222,0,0,34,0,0
5213_sigcheck.exe,6.465205,6.607547,6.610664,0,0,203,0,0
880_fax2tiff.exe,5.16869,5.814823,5.814823,0,0,75,0,0
879_fax2ps.exe,5.284365,5.995872,5.995872,0,0,73,0,0
877_dwebp.exe,5.793059,6.213902,6.213902,0,0,86,0,0
875_dumpdoc.exe,6.189314,6.140209,6.140209,0,0,403,0,0
874_dumpcpp.exe,6.240711,6.147976,6.147976,0,0,455,0,0
873_dot_builtins.exe,4.864514,5.598346,5.598346,0,0,64,0,0
904_geosop.exe,6.239791,6.231992,6.231992,0,0,283,0,0
903_geod.exe,5.511133,6.078471,6.078471,0,0,80,0,0
893_gdbus.exe,5.769706,6.014243,6.014243,0,0,151,0,0
892_gc.exe,5.077376,5.865075,5.865075,0,0,72,0,0
891_fribidi.exe,5.485694,6.022824,6.022824,0,0,63,0,0
720_pg_controldata.exe,6.298527,6.183929,6.281763,0,0,137,0,0
849_balsam.exe,5.569186,5.996957,5.996957,0,0,132,0,0
848_assistant.exe,6.370911,6.198016,6.341206,0,0,1797,0,0
847_acyclic.exe,4.951303,5.816982,5.816982,0,0,59,0,0
843_gui.exe,5.813215,6.308064,6.308064,0,0,61,0,0
5191_ElevocAudioManager.exe,6.375041,6.295331,6.295331,0,0,170,0,0
5192_ElevocControlService.exe,6.649269,6.295802,6.295802,0,0,213,0,0
872_dot2gxl.exe,5.828998,6.159549,6.159549,0,0,115,0,0
870_djpeg.exe,5.85519,6.247013,6.247013,0,0,80,0,0
869_dijkstra.exe,5.092778,5.945465,5.945465,0,0,77,0,0
868_diffimg.exe,5.128011,5.974483,5.974483,0,0,66,0,0
867_designer.exe,6.033791,6.208625,6.208625,0,0,1574,0,0
864_cwebp.exe,5.933643,6.146231,6.146231,0,0,107,0,0
863_cs2cs.exe,5.987761,6.100643,6.100643,0,0,142,0,0
860_cjpeg.exe,6.29429,6.377863,6.377863,0,0,82,0,0
858_cct.exe,5.985403,6.242183,6.242183,0,0,146,0,0
857_ccomps.exe,5.558871,5.992016,5.992016,0,0,94,0,0
2911_vsstrace.exe,5.748974,5.998636,5.998636,0,0,101,0,0
2912_vstorcontrol.exe,6.060129,6.14909,6.14909,0,0,141,0,0
2913_vswriter.exe,5.904673,6.241618,6.241618,0,0,183,0,0
2914_winmdidl.exe,6.126059,6.221254,6.221254,0,0,127,0,0
2916_wsddebug_client.exe,5.724411,6.102203,6.102203,0,0,88,0,0
2917_wsddebug_host.exe,5.739961,6.104262,6.104262,0,0,78,0,0
2918_wstracedump.exe,6.172338,6.273933,6.273933,0,0,74,0,0
2919_wstraceutil.exe,6.111673,6.352086,6.352086,0,0,98,0,0
2921_xpsanalyzer.exe,5.915115,6.113606,6.113606,0,0,129,0,0
5179_igfxSDK.exe,6.131429,6.314728,6.314728,0,2,241,0,0
856_ccapiserver.exe,5.697207,5.530692,5.530692,0,0,164,0,0
855_canbusutil.exe,5.694639,5.948148,5.948148,0,0,179,0,0
854_bsdtar.exe,6.417808,6.422928,6.422928,0,0,305,0,0
852_bsdcat.exe,5.602555,6.224231,6.224231,0,0,123,0,0
851_brotli.exe,5.55112,5.969008,5.969008,0,0,85,0,0
850_bcomps.exe,5.382617,6.133113,6.133113,0,0,81,0,0
836_cli-32.exe,5.815098,6.31165,6.31165,0,0,61,0,0
835_Pythonwin.exe,4.970013,5.93578,5.93578,0,0,162,0,0
834_w64.exe,6.07162,6.397459,6.397459,0,0,94,0,0
833_w64-arm.exe,6.091655,6.434787,6.434787,0,0,92,0,0
832_w32.exe,6.132413,6.475502,6.475502,0,0,93,0,0
831_t64.exe,6.086881,6.386572,6.386572,0,0,86,0,0
830_t64-arm.exe,6.098202,6.428076,6.428076,0,0,86,0,0
829_t32.exe,6.157298,6.459835,6.459835,0,0,85,0,0
828_inject_dll_amd64.exe,6.248355,6.471044,6.471044,0,2,92,0,0
2298_uc_connector.exe,6.608638,6.575731,6.575731,0,3,345,0,0
2301_setup.exe,6.524639,6.549425,6.549425,0,4,254,0,0
2302_AppVDllSurrogate.exe,6.343992,6.457252,6.457252,0,0,103,0,0
2303_AppVDllSurrogate32.exe,6.343992,6.457252,6.457252,0,0,103,0,0
2305_AppVLP.exe,6.65171,6.63843,6.63843,0,2,101,0,0
2306_Integrator.exe,6.542044,6.668105,6.668105,0,0,360,0,0
2909_vshadow.exe,5.969451,6.240382,6.240382,0,0,148,0,0
2282_pwahelper.exe,6.551447,6.537778,6.537778,0,3,196,0,0
2283_uc_connector.exe,6.608608,6.575691,6.575691,0,3,345,0,0
2286_setup.exe,6.525012,6.549589,6.549589,0,4,254,0,0
2287_cookie_exporter.exe,6.111937,6.443641,6.443641,0,2,71,0,0
2288_elevated_tracing_service.exe,6.582745,6.543697,6.543697,0,4,413,0,0
2289_elevation_service.exe,6.618554,6.602763,6.602763,0,4,236,0,0
2290_identity_helper.exe,6.553222,6.535445,6.535445,0,3,228,0,0
2291_mscopilot.exe,6.562783,6.539632,6.539632,0,5,263,0,0
2292_msedge.exe,6.500327,6.539592,6.539592,0,5,263,0,0
2293_msedgewebview2.exe,6.544732,6.539651,6.539651,0,5,263,0,0
2294_msedge_proxy.exe,6.539282,6.533395,6.533395,0,3,206,0,0
2295_msedge_pwa_launcher.exe,6.584801,6.542173,6.578325,0,4,214,0,0
2296_notification_helper.exe,6.546541,6.524895,6.524895,0,4,212,0,0
2297_pwahelper.exe,6.5515,6.537776,6.537776,0,3,196,0,0
840_gui-32.exe,5.813215,6.308064,6.308064,0,0,61,0,0
839_cli.exe,5.815098,6.31165,6.31165,0,0,61,0,0
818_VBoxSDS.exe,5.098521,5.958353,5.958353,0,0,190,0,0
815_VBoxManage.exe,6.304673,6.144142,6.144142,0,0,410,0,0
813_VBoxExtPackHelperApp.exe,6.298695,5.954056,5.954056,0,0,205,0,0
811_VBoxDrvInst.exe,6.305101,6.067284,6.067284,0,0,157,0,0
810_VBoxBugReport.exe,6.200201,5.895588,5.895588,0,0,191,0,0
809_VBoxBalloonCtrl.exe,6.288472,6.125222,6.125222,0,0,204,0,0
2272_cookie_exporter.exe,6.11278,6.443641,6.443641,0,2,71,0,0
2273_elevated_tracing_service.exe,6.586213,6.544775,6.544775,0,4,412,0,0
2274_elevation_service.exe,6.618575,6.602772,6.602772,0,4,236,0,0
2275_identity_helper.exe,6.553211,6.535444,6.535444,0,3,228,0,0
2276_mscopilot.exe,6.54897,6.539542,6.539542,0,5,262,0,0
2277_msedge.exe,6.487077,6.539527,6.539527,0,5,262,0,0
2278_msedgewebview2.exe,6.530673,6.539529,6.539529,0,5,262,0,0
2279_msedge_proxy.exe,6.539308,6.533398,6.533398,0,3,206,0,0
2280_msedge_pwa_launcher.exe,6.584726,6.542129,6.578384,0,4,214,0,0
2281_notification_helper.exe,6.546279,6.524366,6.524366,0,4,212,0,0
2245_elevation_service.exe,6.618554,6.602763,6.602763,0,4,236,0,0
2246_identity_helper.exe,6.553222,6.535445,6.535445,0,3,228,0,0
2247_mscopilot.exe,6.562783,6.539632,6.539632,0,5,263,0,0
2248_msedge.exe,6.500327,6.539592,6.539592,0,5,263,0,0
2249_msedgewebview2.exe,6.544732,6.539651,6.539651,0,5,263,0,0
2250_msedge_proxy.exe,6.539282,6.533395,6.533395,0,3,206,0,0
2251_msedge_pwa_launcher.exe,6.584801,6.542173,6.578325,0,4,214,0,0
2252_notification_helper.exe,6.546541,6.524895,6.524895,0,4,212,0,0
2253_pwahelper.exe,6.5515,6.537776,6.537776,0,3,196,0,0
2254_uc_connector.exe,6.608638,6.575731,6.575731,0,3,345,0,0
2257_setup.exe,6.524639,6.549425,6.549425,0,4,254,0,0
2264_MicrosoftEdgeUpdateComRegisterShell64.exe,5.966632,6.488714,6.488714,0,2,101,0,0
824_micromamba.exe,6.629002,6.593175,6.593175,0,0,632,0,0
821_VirtualBox.exe,6.24033,6.257537,6.257537,0,0,4282,0,0
820_VBoxWebSrv.exe,6.526938,6.207186,6.482553,0,0,327,0,0
819_VBoxSVC.exe,6.411128,6.211939,6.270151,0,0,981,0,0
1100_webpmux.exe,5.751109,6.033439,6.033439,0,0,81,0,0
1099_webpinfo.exe,5.871829,6.150465,6.150465,0,0,65,0,0
1098_unflatten.exe,5.021711,5.85069,5.85069,0,0,60,0,0
1097_uic.exe,6.253996,6.190639,6.190639,0,0,278,0,0
1095_tred.exe,4.888977,5.927885,5.927885,0,0,59,0,0
1094_transicc.exe,6.442176,6.521235,6.521235,0,2,85,0,0
1093_tracegen.exe,6.123428,6.395459,6.395459,0,0,144,0,0
2234_msedgewebview2.exe,6.544732,6.539651,6.539651,0,5,263,0,0
2235_msedge_proxy.exe,6.539282,6.533395,6.533395,0,3,206,0,0
2236_msedge_pwa_launcher.exe,6.584801,6.542173,6.578325,0,4,214,0,0
2237_notification_helper.exe,6.546541,6.524895,6.524895,0,4,212,0,0
2238_pwahelper.exe,6.5515,6.537776,6.537776,0,3,196,0,0
2239_uc_connector.exe,6.608638,6.575731,6.575731,0,3,345,0,0
2242_setup.exe,6.524639,6.549425,6.549425,0,4,254,0,0
2243_cookie_exporter.exe,6.111937,6.443641,6.443641,0,2,71,0,0
2244_elevated_tracing_service.exe,6.582745,6.543697,6.543697,0,4,413,0,0
65_gui-32.exe,6.390959,6.618136,6.618136,0,0,79,0,0
66_gui-64.exe,6.11462,6.378703,6.378703,0,0,81,0,0
67_gui-arm64.exe,6.050854,6.414628,6.414628,0,0,78,0,0
68_gui.exe,6.390959,6.618136,6.618136,0,0,79,0,0
72_setup.exe,6.073424,6.411927,6.411927,0,3,343,0,0
2227_setup.exe,6.525012,6.549589,6.549589,0,4,254,0,0
2228_cookie_exporter.exe,6.111937,6.443641,6.443641,0,2,71,0,0
2229_elevated_tracing_service.exe,6.582745,6.543697,6.543697,0,4,413,0,0
2230_elevation_service.exe,6.618554,6.602763,6.602763,0,4,236,0,0
2231_identity_helper.exe,6.553222,6.535445,6.535445,0,3,228,0,0
2232_mscopilot.exe,6.562783,6.539632,6.539632,0,5,263,0,0
2233_msedge.exe,6.500327,6.539592,6.539592,0,5,263,0,0
808_VBoxAutostartSvc.exe,6.282617,6.024797,6.024797,0,0,200,0,0
806_openssl.exe,6.35362,6.302274,6.616137,0,0,1762,0,0
1105_wrjpgcom.exe,6.220198,6.501218,6.501218,0,2,80,0,0
1101_windeployqt.exe,6.226084,6.355581,6.355581,0,0,186,0,0
45_AcroScanBroker.exe,6.296746,6.387276,6.387276,0,2,589,0,0
46_FullTrustNotifier.exe,6.395157,6.315698,6.506258,0,0,184,0,0
48_Acrobat.exe,6.236087,6.436766,6.707478,0,2,587,0,0
49_PrintInf64.exe,6.312381,6.507347,6.507347,0,2,85,0,0
51_HTML2PDFWrapFor64Bit.exe,6.0901,6.209652,6.751494,0,0,97,0,0
53_blender.exe,6.547694,6.525097,7.129857,0,2,3828,0,0
55_t32.exe,6.157298,6.459835,6.459835,0,0,85,0,0
56_t64-arm.exe,6.098202,6.428076,6.428076,0,0,86,0,0
57_t64.exe,6.086881,6.386572,6.386572,0,0,86,0,0
58_w32.exe,6.132413,6.475502,6.475502,0,0,93,0,0
59_w64-arm.exe,6.091655,6.434787,6.434787,0,0,92,0,0
60_w64.exe,6.07162,6.397459,6.397459,0,0,94,0,0
61_cli-32.exe,6.383103,6.611199,6.611199,0,0,79,0,0
62_cli-64.exe,6.129445,6.366763,6.366763,0,0,81,0,0
63_cli-arm64.exe,6.059716,6.42816,6.42816,0,0,78,0,0
64_cli.exe,6.383103,6.611199,6.611199,0,0,79,0,0
22_ADelRCP.exe,4.912962,5.743225,5.743225,0,0,234,0,0
23_ADNotificationManager.exe,5.614762,5.635181,5.635181,0,0,219,0,0
24_Adobe Crash Processor.exe,6.495611,6.442142,6.442142,0,0,296,0,0
26_CPInstCU.exe,6.253478,6.276397,6.276397,0,0,202,0,0
28_CRWindowsClientService.exe,6.480125,6.439127,6.439127,0,0,373,0,0
29_Eula.exe,5.969104,6.14007,6.14007,0,0,209,0,0
30_LogTransport2.exe,6.547462,6.485529,6.485529,0,0,352,0,0
31_ShowAppPickerForPDF.exe,6.173369,6.103821,6.103821,0,0,158,0,0
32_AcroCEF.exe,6.165858,6.409346,6.409346,0,3,284,0,0
35_FullTrustNotifier.exe,6.395622,6.315567,6.507538,0,0,184,0,0
36_AcroShareTarget.exe,6.088304,6.096823,6.096823,0,0,124,0,0
37_WCChromeNativeMessagingHost.exe,6.27991,6.326268,6.326268,0,0,282,0,0
41_AdobeFips.exe,6.658584,6.69957,6.69957,0,2,192,0,0
42_32BitMAPIBroker.exe,6.491373,6.282766,6.573696,0,0,127,0,0
43_64BitMAPIBroker.exe,6.357781,6.39961,6.39961,0,2,115,0,0
44_MSRMSPIBroker.exe,6.346513,6.251161,6.251161,0,2,259,0,0
1091_tificc.exe,6.33902,6.429693,6.429693,0,0,111,0,0
1087_tiffinfo.exe,5.329007,6.015831,6.015831,0,0,82,0,0
1086_tiffdump.exe,5.2648,5.972259,5.972259,0,0,62,0,0
1085_tiffdither.exe,5.220261,6.023024,6.023024,0,0,61,0,0
1084_tiffcrop.exe,6.296287,6.275364,6.275364,0,0,99,0,0
1083_tiffcp.exe,5.846425,6.100248,6.100248,0,0,90,0,0
1082_tiffcmp.exe,5.376725,6.110184,6.110184,0,0,55,0,0
1081_tiff2rgba.exe,5.112349,5.895536,5.895536,0,0,71,0,0
1080_tiff2ps.exe,6.049597,6.299618,6.299618,0,0,88,0,0
1079_tiff2pdf.exe,6.127511,6.173363,6.173363,0,0,99,0,0
1078_tiff2bw.exe,5.350824,6.146261,6.146261,0,0,64,0,0
1077_testsolv.exe,5.265568,5.982058,5.982058,0,0,100,0,0
18_acrodist.exe,4.450541,5.491906,5.491906,0,0,175,0,0
19_AcroShareTarget.exe,6.088304,6.096823,6.096823,0,0,124,0,0
20_AcroTextExtractor.exe,6.277464,6.167992,6.167992,0,0,135,0,0
21_acrotray.exe,6.496667,6.35554,6.35554,0,2,774,0,0
2221_msedge_pwa_launcher.exe,6.584726,6.542129,6.578384,0,4,214,0,0
2222_notification_helper.exe,6.546279,6.524366,6.524366,0,4,212,0,0
2223_pwahelper.exe,6.551447,6.537778,6.537778,0,3,196,0,0
2224_uc_connector.exe,6.608608,6.575691,6.575691,0,3,345,0,0
4_nginx.exe,5.977515,5.801147,6.30267,0,2,226,0,0
6_php-cgi.exe,5.063837,6.141868,6.141868,0,0,250,0,0
7_php-win.exe,4.496703,5.926704,5.926704,0,0,190,0,0
8_php.exe,5.488108,6.205333,6.205333,0,0,274,0,0
9_phpdbg.exe,5.985005,6.2293,6.2293,0,0,299,0,0
10_7z.exe,6.213993,6.323547,6.323547,0,0,136,0,0
12_7zG.exe,6.15332,6.331378,6.331378,0,0,212,0,0
14_Acrobat.exe,6.189615,6.362001,6.480053,0,3,605,0,0
15_AcrobatInfo.exe,6.330325,6.091725,6.091725,0,0,81,0,0
16_acrobat_sl.exe,6.195832,6.113101,6.113101,0,0,86,0,0
17_AcroBroker.exe,6.692786,6.767009,6.767009,0,0,363,0,0
1092_tjbench.exe,6.360034,6.498861,6.498861,0,2,113,0,0
2203_msedge_proxy.exe,6.539282,6.533395,6.533395,0,3,206,0,0
2204_msedge_pwa_launcher.exe,6.584801,6.542173,6.578325,0,4,214,0,0
2205_notification_click_helper.exe,6.546541,6.524895,6.524895,0,4,212,0,0
2206_notification_helper.exe,6.546541,6.524895,6.524895,0,4,212,0,0
2207_passkey_authenticator_plugin.exe,6.546541,6.524895,6.524895,0,4,212,0,0
2208_pwahelper.exe,6.5515,6.537776,6.537776,0,3,196,0,0
2209_uc_connector.exe,6.608638,6.575731,6.575731,0,3,345,0,0
2212_setup.exe,6.524639,6.549425,6.549425,0,4,254,0,0
2213_cookie_exporter.exe,6.11278,6.443641,6.443641,0,2,71,0,0
2214_elevated_tracing_service.exe,6.586213,6.544775,6.544775,0,4,412,0,0
2215_elevation_service.exe,6.618575,6.602772,6.602772,0,4,236,0,0
2216_identity_helper.exe,6.553211,6.535444,6.535444,0,3,228,0,0
2217_mscopilot.exe,6.54897,6.539542,6.539542,0,5,262,0,0
2218_msedge.exe,6.487077,6.539527,6.539527,0,5,262,0,0
2219_msedgewebview2.exe,6.530673,6.539529,6.539529,0,5,262,0,0
2220_msedge_proxy.exe,6.539308,6.533398,6.533398,0,3,206,0,0
2185_msedgewebview2.exe,6.530673,6.539529,6.539529,0,5,262,0,0
2186_msedge_proxy.exe,6.539308,6.533398,6.533398,0,3,206,0,0
2187_msedge_pwa_launcher.exe,6.584726,6.542129,6.578384,0,4,214,0,0
2188_notification_click_helper.exe,6.546279,6.524366,6.524366,0,4,212,0,0
2189_notification_helper.exe,6.546279,6.524366,6.524366,0,4,212,0,0
2190_passkey_authenticator_plugin.exe,6.546279,6.524366,6.524366,0,4,212,0,0
2191_pwahelper.exe,6.551447,6.537778,6.537778,0,3,196,0,0
2192_uc_connector.exe,6.608608,6.575691,6.575691,0,3,345,0,0
2195_setup.exe,6.525012,6.549589,6.549589,0,4,254,0,0
2196_cookie_exporter.exe,6.111937,6.443641,6.443641,0,2,71,0,0
2197_elevated_tracing_service.exe,6.582745,6.543697,6.543697,0,4,413,0,0
2198_elevation_service.exe,6.618554,6.602763,6.602763,0,4,236,0,0
2199_identity_helper.exe,6.553222,6.535445,6.535445,0,3,228,0,0
2200_mscopilot.exe,6.562783,6.539632,6.539632,0,5,263,0,0
2201_msedge.exe,6.500327,6.539592,6.539592,0,5,263,0,0
2202_msedgewebview2.exe,6.544732,6.539651,6.539651,0,5,263,0,0
1071_sqlite3.exe,6.596623,6.527635,6.527635,0,2,148,0,0
1069_sccmap.exe,5.141264,5.875414,5.875414,0,0,87,0,0
1068_repc.exe,6.019525,6.263012,6.263012,0,0,328,0,0
1067_rdjpgcom.exe,6.257764,6.496482,6.496482,0,2,84,0,0
1066_rcc.exe,6.209533,6.372606,6.372606,0,0,157,0,0
1065_rbox.exe,6.043545,6.311393,6.311393,0,0,65,0,0
1064_raw2tiff.exe,5.608191,6.107985,6.107985,0,0,68,0,0
1062_qvoronoi.exe,6.508255,6.459925,6.459925,0,0,78,0,0
1061_qvkgen.exe,5.834647,6.097955,6.097955,0,0,109,0,0
2178_pwahelper.exe,6.5515,6.537776,6.537776,0,3,196,0,0
2179_cookie_exporter.exe,6.11278,6.443641,6.443641,0,2,71,0,0
2180_elevated_tracing_service.exe,6.586213,6.544775,6.544775,0,4,412,0,0
2181_elevation_service.exe,6.618575,6.602772,6.602772,0,4,236,0,0
2182_identity_helper.exe,6.553211,6.535444,6.535444,0,3,228,0,0
2183_mscopilot.exe,6.54897,6.539542,6.539542,0,5,262,0,0
2184_msedge.exe,6.487077,6.539527,6.539527,0,5,262,0,0
2161_elevated_tracing_service.exe,6.582745,6.543697,6.543697,0,4,413,0,0
2162_elevation_service.exe,6.618554,6.602763,6.602763,0,4,236,0,0
2163_identity_helper.exe,6.553222,6.535445,6.535445,0,3,228,0,0
2164_mscopilot.exe,6.562783,6.539632,6.539632,0,5,263,0,0
2165_msedge.exe,6.500327,6.539592,6.539592,0,5,263,0,0
2166_msedgewebview2.exe,6.544732,6.539651,6.539651,0,5,263,0,0
2167_msedge_proxy.exe,6.539282,6.533395,6.533395,0,3,206,0,0
2168_msedge_pwa_launcher.exe,6.584801,6.542173,6.578325,0,4,214,0,0
2169_notification_click_helper.exe,6.546541,6.524895,6.524895,0,4,212,0,0
2170_notification_helper.exe,6.546541,6.524895,6.524895,0,4,212,0,0
2171_pwahelper.exe,6.5515,6.537776,6.537776,0,3,196,0,0
2172_uc_connector.exe,6.608638,6.575731,6.575731,0,3,345,0,0
2175_setup.exe,6.524639,6.549425,6.549425,0,4,254,0,0
2176_msedge.exe,6.500327,6.539592,6.539592,0,5,263,0,0
2177_msedge_proxy.exe,6.539282,6.533395,6.533395,0,3,206,0,0
1076_testcon.exe,6.244609,6.201213,6.201213,0,0,1703,0,0
1049_qmlpreview.exe,5.87596,6.060466,6.060466,0,0,292,0,0
1048_qmlplugindump.exe,6.166232,6.117079,6.117079,0,0,397,0,0
1047_qmlmin.exe,5.477635,6.285905,6.285905,0,0,135,0,0
1046_qmllint.exe,5.968004,6.261231,6.261231,0,0,234,0,0
1045_qmlimportscanner.exe,5.828643,6.234108,6.234108,0,0,276,0,0
2147_DLPNativeHost.exe,6.422302,6.422583,6.422583,0,2,176,0,0
2149_HostExe.exe,6.44367,6.4264,6.4264,0,2,173,0,0
2150_MEDLP.exe,6.727319,6.484734,6.651384,0,2,429,0,0
2151_NetFilter.exe,6.431561,6.342621,6.342621,0,2,220,0,0
2152_PopupHandler.exe,6.437817,6.342351,6.342351,0,3,196,0,0
2153_UEMSProcessMonitor.exe,6.451194,6.352093,6.360432,0,2,287,0,0
2154_Utilprocess.exe,6.459354,6.421925,6.421925,0,2,182,0,0
2157_mscopilot.exe,6.562783,6.539632,6.539632,0,5,263,0,0
2158_mscopilot_proxy.exe,6.539282,6.533395,6.533395,0,3,206,0,0
2159_uc_connector.exe,6.608638,6.575731,6.575731,0,3,345,0,0
2160_cookie_exporter.exe,6.111937,6.443641,6.443641,0,2,71,0,0
1034_qdistancefieldgenerator.exe,5.896053,6.180327,6.180327,0,0,772,0,0
1033_qdelaunay.exe,6.509289,6.460075,6.460075,0,0,78,0,0
1032_qdbusxml2cpp.exe,5.859797,5.882549,5.882549,0,0,175,0,0
1031_qdbusviewer.exe,5.664947,6.055082,6.055082,0,0,793,0,0
1030_qdbuscpp2xml.exe,5.920587,6.343618,6.343618,0,0,210,0,0
1029_qdbus.exe,5.871173,5.997724,5.997724,0,0,217,0,0
2145_EDRDCManager.exe,6.65489,6.443315,6.650891,0,0,210,0,0
1060_QtWebEngineProcess.exe,6.603922,6.552796,6.552796,0,0,299,0,0
1058_qtpaths.exe,5.477409,5.788475,5.788475,0,0,93,0,0
1057_qtdiag.exe,5.811855,5.852751,5.852751,0,0,271,0,0
1056_qtattributionsscanner.exe,5.859077,5.986693,5.986693,0,0,202,0,0
1055_qscxmlc.exe,6.182675,6.218428,6.218428,0,0,291,0,0
1054_qmltyperegistrar.exe,5.989317,5.981771,5.981771,0,0,233,0,0
1053_qmltime.exe,5.369017,5.914171,5.914171,0,0,153,0,0
1051_qmlscene.exe,5.716213,5.996561,5.996561,0,0,309,0,0
1050_qmlprofiler.exe,6.111552,6.166372,6.166372,0,0,386,0,0
1015_pcre2grep.exe,6.395577,6.384707,6.384707,0,0,116,0,0
1013_pango-view.exe,5.76525,6.112082,6.112082,0,0,232,0,0
2114_driversetup32.exe,6.465109,6.531745,6.531745,0,0,71,0,0
2115_driversetup64.exe,6.255092,6.319502,6.319502,0,0,73,0,0
2119_uesFaService.exe,6.592142,6.677818,6.677818,0,0,66,0,0
2120_uesFaUser.exe,6.620566,6.624473,6.624473,0,0,175,0,0
1044_qmlformat.exe,5.899421,6.267562,6.267562,0,0,192,0,0
1043_qmleasing.exe,5.935457,6.144977,6.144977,0,0,681,0,0
1042_qmlcachegen.exe,6.06567,6.24481,6.24481,0,0,319,0,0
1041_qml.exe,5.440957,5.959283,5.959283,0,0,267,0,0
1040_qmake.exe,6.384674,6.32702,6.32702,0,2,151,0,0
1039_qlalr.exe,6.198241,6.20236,6.20236,0,0,148,0,0
1038_qhull.exe,6.443003,6.303288,6.303288,0,0,74,0,0
1037_qhelpgenerator.exe,6.125877,6.05292,6.05292,0,0,281,0,0
1036_qhalf.exe,6.506933,6.461742,6.461742,0,0,78,0,0
1035_qgltf.exe,6.468905,6.384968,6.384968,0,0,374,0,0
1895_text2pcap.exe,5.48515,6.132477,6.132477,0,0,199,0,0
1896_tshark.exe,5.997414,6.249862,6.249862,0,0,767,0,0
1900_msal.wsl.proxy.exe,6.439029,6.376039,6.376039,0,3,185,0,0
2109_drvforceupdate.exe,6.304675,6.395291,6.395291,0,0,109,0,0
2111_EMSTrustAgentInfoHldr.exe,5.576174,5.2865,5.806867,0,2,249,0,0
2112_devctrlaction32.exe,6.680327,6.635572,6.635572,0,0,158,0,0
2113_devctrlaction64.exe,6.408004,6.428747,6.428747,0,0,157,0,0
1028_qconvex.exe,6.507064,6.459109,6.459109,0,0,78,0,0
1026_psicc.exe,6.428975,6.522018,6.522018,0,2,85,0,0
1024_projsync.exe,6.249321,6.228058,6.228058,0,0,92,0,0
1023_projinfo.exe,6.202981,6.017536,6.017536,0,0,212,0,0
1022_proj.exe,5.719443,6.114837,6.114837,0,0,129,0,0
1021_ppm2tiff.exe,5.1281,6.057155,6.057155,0,0,64,0,0
1020_pngfix.exe,6.075417,6.281381,6.281381,0,0,88,0,0
1017_pixeltool.exe,5.780035,6.055978,6.055978,0,0,312,0,0
1016_pcre2test.exe,6.429808,6.41702,6.41702,0,0,96,0,0
1006_opj_compress.exe,6.281378,6.275493,6.275493,0,0,126,0,0
1306_lz4.exe,6.431872,6.403486,6.403486,0,0,103,0,0
1302_xgboost.exe,6.505147,6.38784,6.38784,0,0,362,0,0
1301_webpmux.exe,5.751109,6.033439,6.033439,0,0,81,0,0
1300_webpinfo.exe,5.871829,6.150465,6.150465,0,0,65,0,0
1299_img2webp.exe,5.909911,6.163838,6.163838,0,0,107,0,0
1298_dwebp.exe,5.793059,6.213902,6.213902,0,0,86,0,0
1882_WinRAR.exe,6.747352,6.534586,7.154581,0,2,510,0,0
1885_capinfos.exe,5.369136,6.013238,6.013238,0,0,143,0,0
1886_captype.exe,5.280403,5.917025,5.917025,0,0,87,0,0
1889_mergecap.exe,5.308846,5.93239,5.93239,0,0,111,0,0
1890_mmdbresolve.exe,5.391735,6.236816,6.236816,0,0,75,0,0
1891_randpkt.exe,5.310634,5.928321,5.928321,0,0,114,0,0
1892_rawshark.exe,5.533632,6.012547,6.012547,0,0,279,0,0
1893_reordercap.exe,5.299546,5.896312,5.896312,0,0,107,0,0
1894_sharkd.exe,5.951509,6.269283,6.269283,0,0,598,0,0
1297_cwebp.exe,5.933643,6.146231,6.146231,0,0,107,0,0
1293_tiffinfo.exe,5.329007,6.015831,6.015831,0,0,82,0,0
1292_tiffdump.exe,5.2648,5.972259,5.972259,0,0,62,0,0
1291_tiffdither.exe,5.220261,6.023024,6.023024,0,0,61,0,0
1290_tiffcrop.exe,6.296287,6.275364,6.275364,0,0,99,0,0
1289_tiffcp.exe,5.846425,6.100248,6.100248,0,0,90,0,0
1288_tiffcmp.exe,5.376725,6.110184,6.110184,0,0,55,0,0
1287_tiff2rgba.exe,5.112349,5.895536,5.895536,0,0,71,0,0
1286_tiff2ps.exe,6.049597,6.299618,6.299618,0,0,88,0,0
1285_tiff2pdf.exe,6.127511,6.173363,6.173363,0,0,99,0,0
1284_tiff2bw.exe,5.350824,6.146261,6.146261,0,0,64,0,0
1283_raw2tiff.exe,5.608191,6.107985,6.107985,0,0,68,0,0
1282_ppm2tiff.exe,5.1281,6.057155,6.057155,0,0,64,0,0
1010_pal2rgb.exe,5.11672,5.938525,5.938525,0,0,60,0,0
1008_opj_dump.exe,5.72011,6.188315,6.188315,0,0,80,0,0
1007_opj_decompress.exe,6.28641,6.388514,6.388514,0,0,116,0,0
1257_transicc.exe,6.442176,6.521235,6.521235,0,2,85,0,0
1256_tificc.exe,6.33902,6.429693,6.429693,0,0,111,0,0
1255_psicc.exe,6.428975,6.522018,6.522018,0,2,85,0,0
1254_linkicc.exe,6.427923,6.521884,6.521884,0,2,84,0,0
1253_jpgicc.exe,6.34043,6.449601,6.449601,0,0,108,0,0
1281_pal2rgb.exe,5.11672,5.938525,5.938525,0,0,60,0,0
1280_fax2tiff.exe,5.16869,5.814823,5.814823,0,0,75,0,0
1278_testsolv.exe,5.265568,5.982058,5.982058,0,0,100,0,0
1273_pngfix.exe,6.075417,6.281381,6.281381,0,0,88,0,0
1271_mamba-package.exe,6.254498,6.230433,6.230433,0,0,198,0,0
1270_wrjpgcom.exe,6.220198,6.501218,6.501218,0,2,80,0,0
1269_tjbench.exe,6.360034,6.498861,6.498861,0,2,113,0,0
1268_rdjpgcom.exe,6.257764,6.496482,6.496482,0,2,84,0,0
1267_jpegtran.exe,6.064643,6.327274,6.327274,0,0,83,0,0
1266_djpeg.exe,5.85519,6.247013,6.247013,0,0,80,0,0
1265_cjpeg.exe,6.29429,6.377863,6.377863,0,0,82,0,0
1245_kfwcpcc.exe,5.324377,5.580033,5.580033,0,0,84,0,0
1241_gss-server.exe,5.248147,5.656134,5.656134,0,0,101,0,0
1240_gss-client.exe,5.252618,5.630505,5.630505,0,0,99,0,0
1239_ccapiserver.exe,5.697207,5.530692,5.530692,0,0,164,0,0
1834_yaxcatd.exe,6.258841,6.104481,6.331314,0,2,412,0,0
1839_DlpUserAgent.exe,5.706664,6.400603,6.400603,0,0,84,0,0
1840_MipDlp.exe,6.128038,6.401366,6.401366,0,0,134,0,0
1842_MpCopyAccelerator.exe,5.950644,6.370486,6.370486,0,0,164,0,0
1844_MpDlpCmd.exe,6.125131,6.445142,6.445142,0,0,155,0,0
1845_MpDlpService.exe,6.283776,6.412283,6.412283,0,0,250,0,0
1846_mpextms.exe,6.416942,6.448225,6.448225,0,0,151,0,0
1847_MsMpEng.exe,6.15691,6.451823,6.451823,0,0,117,0,0
1262_libdeflate-gzip.exe,6.259646,6.511361,6.511361,0,2,102,0,0
1261_libdeflate-gunzip.exe,6.259646,6.511361,6.511361,0,2,102,0,0
1260_bsdtar.exe,6.417808,6.422928,6.422928,0,0,305,0,0
1258_bsdcat.exe,5.602555,6.224231,6.224231,0,0,123,0,0
4262_mariadb-upgrade.exe,4.888909,6.437529,6.437529,0,0,166,0,0
4263_mariadb.exe,3.577779,6.476442,6.476442,0,0,266,0,0
4265_mbstream.exe,3.764779,6.470297,6.470297,0,0,144,0,0
4266_myisamchk.exe,3.593389,6.465985,6.465985,0,0,170,0,0
4267_myisamlog.exe,3.475268,6.475993,6.475993,0,0,155,0,0
4268_myisampack.exe,3.476493,6.489948,6.489948,0,0,165,0,0
4269_myisam_ftdump.exe,3.458819,6.481987,6.481987,0,0,146,0,0
4270_mysql.exe,3.577779,6.476442,6.476442,0,0,266,0,0
4271_mysqladmin.exe,4.538167,6.434539,6.434539,0,0,245,0,0
4272_mysqlbinlog.exe,3.664709,6.478232,6.478232,0,0,272,0,0
4273_mysqlcheck.exe,3.532494,6.479407,6.479407,0,0,246,0,0
1221_h5watch.exe,5.382194,5.929831,5.929831,0,0,96,0,0
1220_h5unjam.exe,5.142654,5.812284,5.812284,0,0,80,0,0
1219_h5stat.exe,5.235306,5.860428,5.860428,0,0,106,0,0
1217_h5repack.exe,6.052408,5.963283,5.963283,0,0,225,0,0
1246_kinit.exe,5.117871,5.41844,5.41844,0,0,114,0,0
4245_innochecksum.exe,3.649,6.505688,6.505688,0,0,128,0,0
4246_mariabackup.exe,5.778785,6.413763,6.473209,0,0,573,0,0
4247_mariadb-admin.exe,4.538167,6.434539,6.434539,0,0,245,0,0
4248_mariadb-backup.exe,5.778785,6.413763,6.473209,0,0,573,0,0
4249_mariadb-binlog.exe,3.664709,6.478232,6.478232,0,0,272,0,0
4250_mariadb-check.exe,3.532494,6.479407,6.479407,0,0,246,0,0
4251_mariadb-conv.exe,3.274439,6.503888,6.503888,0,0,125,0,0
4252_mariadb-dump.exe,3.612853,6.467239,6.467239,0,0,263,0,0
4253_mariadb-import.exe,3.526506,6.482009,6.482009,0,0,248,0,0
4254_mariadb-install-db.exe,5.365661,6.486668,6.486668,0,0,159,0,0
4255_mariadb-ldb.exe,6.201183,6.342169,6.342169,0,0,301,0,0
4256_mariadb-plugin.exe,3.538705,6.446056,6.446056,0,0,133,0,0
4257_mariadb-show.exe,4.495081,6.418807,6.418807,0,0,243,0,0
4258_mariadb-slap.exe,4.528171,6.419451,6.419451,0,0,249,0,0
4259_mariadb-tzinfo-to-sql.exe,3.648884,6.459623,6.459623,0,0,130,0,0
4260_mariadb-upgrade-service.exe,3.519454,6.452363,6.452363,0,0,160,0,0
1211_h5format_convert.exe,5.190531,5.895859,5.895859,0,0,73,0,0
1210_h5dump.exe,5.852508,5.885555,5.885555,0,0,233,0,0
1209_h5diff.exe,5.421166,5.679697,5.679697,0,0,67,0,0
1207_h5debug.exe,5.458136,5.830909,5.830909,0,0,104,0,0
1206_h5copy.exe,5.389372,5.756391,5.756391,0,0,86,0,0
1205_h5clear.exe,5.205986,5.927123,5.927123,0,0,77,0,0
1202_hb-view.exe,5.89732,6.13213,6.13213,0,0,252,0,0
1201_hb-subset.exe,5.732557,5.973,5.973,0,0,140,0,0
4235_httxt2dbm.exe,6.093481,6.33142,6.33142,0,0,121,0,0
4236_logresolve.exe,6.010606,6.316437,6.316437,0,0,125,0,0
4237_openssl.exe,6.345492,6.29501,6.61477,0,0,1743,0,0
4239_wintty.exe,5.136268,6.03519,6.03519,0,0,73,0,0
4240_aria_chk.exe,4.011655,6.606019,6.606019,0,0,172,0,0
4242_aria_ftdump.exe,3.862003,6.615825,6.615825,0,0,144,0,0
4243_aria_pack.exe,3.906157,6.617936,6.617936,0,0,169,0,0
4244_aria_read_log.exe,3.994561,6.606158,6.606158,0,0,174,0,0
1191_gst-inspect-1.0.exe,5.897605,6.010976,6.010976,0,0,223,0,0
1190_gst-play-1.0.exe,5.870303,6.131959,6.131959,0,0,199,0,0
1188_gst-device-monitor-1.0.exe,5.313681,5.794913,5.794913,0,0,129,0,0
1187_unflatten.exe,5.021711,5.85069,5.85069,0,0,60,0,0
1185_tred.exe,4.888977,5.927885,5.927885,0,0,59,0,0
4219_TaskControlApp.exe,5.417527,4.887964,5.323262,0,2,588,0,0
4221_wkhtmltopdf.exe,6.357397,6.370655,6.787359,0,2,608,0,0
4225_unins000.exe,6.387508,6.449506,6.729141,0,2,582,0,0
4230_htcacheclean.exe,6.200972,6.34526,6.34526,0,0,140,0,0
4232_htdigest.exe,6.112736,6.363821,6.363821,0,0,131,0,0
4234_httpd.exe,5.350737,5.816859,5.816859,0,0,136,0,0
1216_h5perf_serial.exe,5.809418,6.152005,6.152005,0,0,117,0,0
1215_h5mkgrp.exe,5.241394,5.799183,5.799183,0,0,73,0,0
1214_h5ls.exe,5.895733,5.960023,5.960023,0,0,219,0,0
1213_h5jam.exe,5.233564,5.939586,5.939586,0,0,73,0,0
1212_h5import.exe,5.919932,5.865788,5.865788,0,0,133,0,0
4203_hiddeninput.exe,5.341054,5.719201,5.719201,0,0,51,0,0
4210_hiddeninput.exe,5.341054,5.719201,5.719201,0,0,51,0,0
1183_sccmap.exe,5.141264,5.875414,5.875414,0,0,87,0,0
1177_mm2gv.exe,5.993978,6.298777,6.298777,0,0,78,0,0
1176_gxl2gv.exe,5.828998,6.159549,6.159549,0,0,115,0,0
1175_gxl2dot.exe,5.828998,6.159549,6.159549,0,0,115,0,0
1173_gvpack.exe,5.832228,6.121975,6.121975,0,0,130,0,0
1171_gvgen.exe,5.757695,6.16649,6.16649,0,0,62,0,0
1170_gvcolor.exe,5.117473,6.069011,6.069011,0,0,72,0,0
1169_gv2gxl.exe,5.828998,6.159549,6.159549,0,0,115,0,0
1200_hb-shape.exe,5.770712,5.941882,5.941882,0,0,164,0,0
1199_hb-info.exe,5.688626,5.910828,5.910828,0,0,186,0,0
1198_gst-ptp-helper.exe,6.308718,6.289437,6.289437,0,0,111,0,0
1196_gst-hotdoc-plugins-scanner.exe,5.663064,5.989754,5.989754,0,0,161,0,0
1193_gst-stats-1.0.exe,5.800855,6.037944,6.037944,0,0,132,0,0
1192_gst-launch-1.0.exe,5.540026,5.907666,5.907666,0,0,188,0,0
1144_glib-compile-resources.exe,5.835297,5.943307,5.943307,0,0,163,0,0
1142_gi-decompile-typelib.exe,5.603225,5.860361,5.860361,0,0,219,0,0
1141_gi-compile-repository.exe,6.345264,6.377564,6.377564,0,0,179,0,0
1140_geosop.exe,6.239791,6.231992,6.231992,0,0,283,0,0
1139_fribidi.exe,5.485694,6.022824,6.022824,0,0,63,0,0
1168_gv2gml.exe,5.482926,6.060623,6.060623,0,0,78,0,0
1167_graphml2gv.exe,5.415804,6.063939,6.063939,0,0,88,0,0
1166_gml2gv.exe,5.910211,6.199949,6.199949,0,0,85,0,0
1165_gc.exe,5.077376,5.865075,5.865075,0,0,72,0,0
1162_dot_builtins.exe,4.864514,5.598346,5.598346,0,0,64,0,0
1161_dot2gxl.exe,5.828998,6.159549,6.159549,0,0,115,0,0
1159_dijkstra.exe,5.092778,5.945465,5.945465,0,0,77,0,0
1158_diffimg.exe,5.128011,5.974483,5.974483,0,0,66,0,0
1155_ccomps.exe,5.558871,5.992016,5.992016,0,0,94,0,0
1154_bcomps.exe,5.382617,6.133113,6.133113,0,0,81,0,0
1153_acyclic.exe,4.951303,5.816982,5.816982,0,0,59,0,0
4186_validate-docstrings.exe,6.348026,6.386572,6.386572,0,0,86,0,0
1118_lzotest.exe,6.217602,6.323319,6.323319,0,0,71,0,0
1116_gst-ptp-helper.exe,6.308718,6.289437,6.289437,0,0,111,0,0
1114_gst-hotdoc-plugins-scanner.exe,5.663064,5.989754,5.989754,0,0,161,0,0
1111_zstd.exe,6.229023,6.136203,6.136203,0,0,171,0,0
1108_xmlpatterns.exe,5.923497,6.121035,6.121035,0,0,251,0,0
1005_openssl.exe,6.360287,6.321808,6.607004,0,0,1743,0,0
1125_debugpy.exe,6.091744,6.386572,6.386572,0,0,86,0,0
1124_debugpy-adapter.exe,6.091822,6.386572,6.386572,0,0,86,0,0
1123_inject_dll_amd64.exe,6.248355,6.471044,6.471044,0,2,92,0,0
1122_brotli.exe,5.55112,5.969008,5.969008,0,0,85,0,0
1121_xgboost.exe,6.505147,6.38784,6.38784,0,0,362,0,0
1151_gsettings.exe,5.470314,5.884793,5.884793,0,0,112,0,0
1149_glib-compile-schemas.exe,5.900214,6.01452,6.01452,0,0,174,0,0
1148_gio.exe,5.753336,5.953214,5.953214,0,0,260,0,0
1146_gdbus.exe,5.769706,6.014243,6.014243,0,0,151,0,0
1000_mm2gv.exe,5.993978,6.298777,6.298777,0,0,78,0,0
994_mamba.exe,6.366344,6.260629,6.260629,0,0,387,0,0
993_mamba-package.exe,6.254498,6.230433,6.230433,0,0,198,0,0
991_lz4.exe,6.431872,6.403486,6.403486,0,0,103,0,0
990_lupdate.exe,6.175426,6.278207,6.278207,0,0,431,0,0
989_lupdate-pro.exe,5.295737,5.930493,5.930493,0,0,136,0,0
155_apphost.exe,6.279136,6.448763,6.56993,0,0,119,0,0
1807_tcpview.exe,6.286191,6.562835,6.642533,0,0,378,0,0
1809_Testlimit.exe,6.55588,6.565744,6.574578,0,0,129,0,0
1810_Testlimit64.exe,6.32118,6.502143,6.502143,0,0,132,0,0
1813_Volumeid.exe,6.565072,6.576174,6.576174,0,0,123,0,0
1814_Volumeid64.exe,6.205515,6.478198,6.478198,0,0,109,0,0
1815_whois.exe,6.626161,6.617344,6.617344,0,0,137,0,0
1816_whois64.exe,6.473356,6.491891,6.491891,0,0,141,0,0
1818_Winobj64.exe,6.190386,6.455698,6.455698,0,3,403,0,0
1819_ZoomIt.exe,6.461401,6.559555,6.666951,0,0,362,0,0
148_com.docker.llama-server.exe,6.699952,6.185773,6.506325,0,0,536,0,0
150_dotnet.exe,5.895713,6.362997,6.362997,0,0,93,0,0
151_apphost.exe,5.893254,6.395947,6.395947,0,0,118,0,0
152_singlefilehost.exe,6.401529,6.599067,6.599067,0,2,443,0,0
153_apphost.exe,6.084254,6.340127,6.340127,0,0,122,0,0
988_lrelease.exe,6.240054,6.148514,6.148514,0,0,347,0,0
987_lrelease-pro.exe,5.414365,6.119316,6.119316,0,0,140,0,0
986_lprodump.exe,6.314656,6.214928,6.214928,0,0,378,0,0
985_linkicc.exe,6.427923,6.521884,6.521884,0,2,84,0,0
984_linguist.exe,6.369546,6.25131,6.25131,0,0,2548,0,0
983_libdeflate-gzip.exe,6.259646,6.511361,6.511361,0,2,102,0,0
982_libdeflate-gunzip.exe,6.259646,6.511361,6.511361,0,2,102,0,0
981_lconvert.exe,6.242791,6.131637,6.131637,0,0,308,0,0
976_kinit.exe,5.117871,5.41844,5.41844,0,0,114,0,0
975_kfwcpcc.exe,5.324377,5.580033,5.580033,0,0,84,0,0
1001_moc.exe,6.216088,6.399616,6.399616,0,0,155,0,0
946_h5dump.exe,5.852508,5.885555,5.885555,0,0,233,0,0
945_h5diff.exe,5.421166,5.679697,5.679697,0,0,67,0,0
943_h5debug.exe,5.458136,5.830909,5.830909,0,0,104,0,0
942_h5copy.exe,5.389372,5.756391,5.756391,0,0,86,0,0
941_h5clear.exe,5.205986,5.927123,5.927123,0,0,77,0,0
971_jpgicc.exe,6.34043,6.449601,6.449601,0,0,108,0,0
970_jpegtran.exe,6.064643,6.327274,6.327274,0,0,83,0,0
969_invproj.exe,5.719495,6.114837,6.114837,0,0,129,0,0
968_invgeod.exe,5.511268,6.078471,6.078471,0,0,80,0,0
966_img2webp.exe,5.909911,6.163838,6.163838,0,0,107,0,0
965_idc.exe,6.080788,6.368405,6.368405,0,0,156,0,0
961_hb-view.exe,5.89732,6.13213,6.13213,0,0,252,0,0
960_hb-subset.exe,5.732557,5.973,5.973,0,0,140,0,0
959_hb-shape.exe,5.770712,5.941882,5.941882,0,0,164,0,0
958_hb-info.exe,5.688626,5.910828,5.910828,0,0,186,0,0
957_h5watch.exe,5.382194,5.929831,5.929831,0,0,96,0,0
2351_MSOXMLED.EXE,3.780765,6.233057,6.233057,0,2,80,0,0
906_gi-decompile-typelib.exe,5.603225,5.860361,5.860361,0,0,219,0,0
924_gst-device-monitor-1.0.exe,5.313681,5.794913,5.794913,0,0,129,0,0
923_gss-server.exe,5.248147,5.656134,5.656134,0,0,101,0,0
922_gss-client.exe,5.252618,5.630505,5.630505,0,0,99,0,0
919_gsettings.exe,5.470314,5.884793,5.884793,0,0,112,0,0
917_graphml2gv.exe,5.415804,6.063939,6.063939,0,0,88,0,0
914_gml2gv.exe,5.910211,6.199949,6.199949,0,0,85,0,0
913_glib-compile-schemas.exe,5.900214,6.01452,6.01452,0,0,174,0,0
912_glib-compile-resources.exe,5.835297,5.943307,5.943307,0,0,163,0,0
911_gio.exe,5.753336,5.953214,5.953214,0,0,260,0,0
939_gxl2gv.exe,5.828998,6.159549,6.159549,0,0,115,0,0
938_gxl2dot.exe,5.828998,6.159549,6.159549,0,0,115,0,0
936_gvpack.exe,5.832228,6.121975,6.121975,0,0,130,0,0
934_gvgen.exe,5.757695,6.16649,6.16649,0,0,62,0,0
933_gvcolor.exe,5.117473,6.069011,6.069011,0,0,72,0,0
2325_OfficeScrBroker.exe,6.703627,6.53838,6.741412,0,0,302,0,0
2321_MSPUB.EXE,5.945288,6.645632,6.718729,0,2,617,0,0
2318_msoasb.exe,6.585716,6.492811,6.62412,0,0,328,0,0
2317_msoadfsb.exe,6.5639,6.593473,6.630122,0,2,452,0,0
2314_GRAPH.EXE,5.924819,6.618121,6.775593,0,2,192,0,0
2313_excelcnv.exe,6.399565,6.681952,6.710977,0,3,473,0,0
2312_EXCEL.EXE,6.479233,6.706781,6.781747,0,3,540,0,0
2400_VsDebugWERHelper.exe,6.5375,6.421228,6.421228,0,0,94,0,0
2395_StorePID.exe,6.518443,5.994778,5.994778,0,0,103,0,0
2393_mspdbsrv.exe,6.185026,5.823917,6.669745,0,0,118,0,0
2338_SDXHelperBgt.exe,6.95372,5.744474,5.744474,0,0,37,0,0
2335_protocolhandler.exe,6.686501,6.643031,6.643031,0,2,674,0,0
2329_OSPPREARM.EXE,6.819756,6.439411,6.439411,0,0,139,0,0
2358_model3dtranscoderwin32.exe,6.820015,6.466738,6.466738,0,0,150,0,0
2357_FLTLDR.EXE,6.66017,6.502911,6.712642,0,0,259,0,0
2352_ai.exe,6.521373,6.372926,6.372926,0,2,122,0,0
